src	dst
api.chat_tool_execution	dharma_swarm.daemon_config
api.chat_tool_execution	dharma_swarm.docker_sandbox
api.chat_tool_execution	dharma_swarm.models
api.chat_tool_execution	dharma_swarm.sandbox
api.chat_tool_execution	dharma_swarm.telos_gates
api.chat_tools	api.chat_tool_execution
api.chat_tools	api.main
api.chat_tools	dharma_swarm.archive
api.chat_tools	dharma_swarm.daemon_config
api.chat_tools	dharma_swarm.stigmergy
api.main	api.routers.agents
api.main	api.routers.chat
api.main	api.routers.commands
api.main	api.routers.control_surface
api.main	api.routers.dashboard_new
api.main	api.routers.evolution
api.main	api.routers.fleet
api.main	api.routers.graphql_router
api.main	api.routers.health
api.main	api.routers.holon
api.main	api.routers.lineage
api.main	api.routers.manifest
api.main	api.routers.model_pool
api.main	api.routers.modules
api.main	api.routers.ontology
api.main	api.routers.operator_coherence
api.main	api.routers.opportunities
api.main	api.routers.revenue
api.main	api.routers.runtime
api.main	api.routers.stigmergy
api.main	api.routers.telemetry
api.main	api.routers.verify
api.main	dharma_swarm.a2a.a2a_server
api.main	dharma_swarm.a2a.agent_card
api.main	dharma_swarm.a2a.agent_directory
api.main	dharma_swarm.a2a.node_gateway
api.main	dharma_swarm.api_keys
api.main	dharma_swarm.board.adapters.taskboard_adapter
api.main	dharma_swarm.board.event_log
api.main	dharma_swarm.board.facade
api.main	dharma_swarm.board.task_command_outbox
api.main	dharma_swarm.daemon_config
api.main	dharma_swarm.monitor
api.main	dharma_swarm.ontology_runtime
api.main	dharma_swarm.organism
api.main	dharma_swarm.swarm
api.main	dharma_swarm.traces
api.routers.agents	api.main
api.routers.agents	api.models
api.routers.agents	api.routers._agent_aliases
api.routers.agents	api.routers.chat
api.routers.agents	api.ws
api.routers.agents	dharma_swarm.agent_registry
api.routers.agents	dharma_swarm.conversation_log
api.routers.agents	dharma_swarm.models
api.routers.agents	dharma_swarm.ontology_agents
api.routers.agents	dharma_swarm.ontology_runtime
api.routers.chat	api.chat_tools
api.routers.chat	api.main
api.routers.chat	api.ws
api.routers.chat	dharma_swarm.api_keys
api.routers.chat	dharma_swarm.certified_lanes
api.routers.chat	dharma_swarm.conversation_distiller
api.routers.chat	dharma_swarm.conversation_log
api.routers.chat	dharma_swarm.models
api.routers.chat	dharma_swarm.runtime_provider
api.routers.commands	api.main
api.routers.commands	api.models
api.routers.commands	dharma_swarm.models
api.routers.control_surface	dharma_swarm.board.adapters.a2a_send_adapter
api.routers.control_surface	dharma_swarm.board.adapters.agentops_adapter
api.routers.control_surface	dharma_swarm.board.adapters.ds_goal_adapter
api.routers.control_surface	dharma_swarm.board.adapters.semantic_receipt_adapter
api.routers.control_surface	dharma_swarm.operator_core.control_surface
api.routers.control_surface	dharma_swarm.operator_core.control_surface_models
api.routers.dashboard_new	api.models
api.routers.dashboard_new	dharma_swarm
api.routers.dashboard_new	dharma_swarm.conversation_log
api.routers.dashboard_new	dharma_swarm.ecc_eval_harness
api.routers.dashboard_new	dharma_swarm.harness_audit
api.routers.dashboard_new	dharma_swarm.loop_supervisor
api.routers.evolution	api.models
api.routers.evolution	dharma_swarm.archive
api.routers.fleet	dharma_swarm.a2a.node_registry
api.routers.graphql_router	dharma_swarm.daemon_config
api.routers.graphql_router	dharma_swarm.ontology
api.routers.graphql_router	dharma_swarm.ontology_agents
api.routers.graphql_router	dharma_swarm.ontology_query
api.routers.graphql_router	dharma_swarm.ontology_runtime
api.routers.health	api.main
api.routers.health	api.models
api.routers.health	dharma_swarm.archive
api.routers.health	dharma_swarm.stigmergy
api.routers.holon	dharma_swarm
api.routers.holon	dharma_swarm.conversation_log
api.routers.holon	dharma_swarm.holon_bridge
api.routers.holon	dharma_swarm.holon_compass
api.routers.lineage	api.models
api.routers.lineage	dharma_swarm.lineage
api.routers.manifest	api.models
api.routers.manifest	dharma_swarm.autocatalytic_portfolio
api.routers.manifest	dharma_swarm.manifest_health
api.routers.model_pool	dharma_swarm
api.routers.model_pool	dharma_swarm.model_pool
api.routers.model_pool	dharma_swarm.model_status
api.routers.modules	api.models
api.routers.modules	api.module_truth
api.routers.ontology	api.models
api.routers.ontology	api.routers._agent_aliases
api.routers.ontology	dharma_swarm.ontology_runtime
api.routers.operator_coherence	dharma_swarm.operator_core.control_surface_models
api.routers.operator_coherence	dharma_swarm.operator_core.operator_coherence_cockpit
api.routers.opportunities	dharma_swarm.opportunity_dispatcher
api.routers.opportunities	dharma_swarm.opportunity_refill
api.routers.revenue	dharma_swarm.economic_engine
api.routers.revenue	dharma_swarm.organism
api.routers.revenue	dharma_swarm.revenue.spine
api.routers.runtime	api.models
api.routers.runtime	dharma_swarm.operator_views
api.routers.runtime	dharma_swarm.runtime_state
api.routers.stigmergy	api.models
api.routers.stigmergy	api.routers._agent_aliases
api.routers.stigmergy	dharma_swarm.stigmergy
api.routers.telemetry	api.models
api.routers.telemetry	dharma_swarm.runtime_state
api.routers.telemetry	dharma_swarm.runtime_telemetry_projector
api.routers.telemetry	dharma_swarm.telemetry_optimizer
api.routers.telemetry	dharma_swarm.telemetry_plane
api.routers.telemetry	dharma_swarm.telemetry_views
api.routers.telemetry	dharma_swarm.trace_attractor.cli
api.routers.telemetry	dharma_swarm.trace_attractor.projector
api.routers.verify	dharma_swarm.verify.github_app
api.routers.verify	dharma_swarm.verify.reviewer
api.routers.verify	dharma_swarm.verify.scorer
api.routers.viz	api.models
api.routers.viz	dharma_swarm.viz_projection
api.ws	dharma_swarm.api_keys
dharma_swarm	dharma_swarm.models
dharma_swarm	dharma_swarm.providers
dharma_swarm._remix.thinkodynamic_director_remix_v0_0_0_1	dharma_swarm.thinkodynamic_director
dharma_swarm.a2a.a2a_bridge	dharma_swarm.a2a.a2a_server
dharma_swarm.a2a.a2a_bridge	dharma_swarm.a2a.agent_card
dharma_swarm.a2a.a2a_bridge	dharma_swarm.a2a.spine_adapter
dharma_swarm.a2a.a2a_bridge	dharma_swarm.daemon_config
dharma_swarm.a2a.a2a_bridge	dharma_swarm.spine.receipt
dharma_swarm.a2a.a2a_client	dharma_swarm.a2a.a2a_server
dharma_swarm.a2a.a2a_client	dharma_swarm.a2a.agent_card
dharma_swarm.a2a.a2a_client	dharma_swarm.a2a.spine_adapter
dharma_swarm.a2a.a2a_client	dharma_swarm.correlation_context
dharma_swarm.a2a.a2a_cloud_contact	dharma_swarm.a2a.a2a_server
dharma_swarm.a2a.a2a_cloud_contact	dharma_swarm.a2a.contact_registry
dharma_swarm.a2a.a2a_cloud_contact	dharma_swarm.a2a.nats_transport
dharma_swarm.a2a.a2a_cloud_contact	dharma_swarm.runtime_state
dharma_swarm.a2a.a2a_cloud_contact	dharma_swarm.spine.identity
dharma_swarm.a2a.a2a_server	dharma_swarm.correlation_context
dharma_swarm.a2a.a2a_server	dharma_swarm.daemon_config
dharma_swarm.a2a.a2a_server	dharma_swarm.runtime_state
dharma_swarm.a2a.a2a_server	dharma_swarm.spine.identity
dharma_swarm.a2a.agent_card	dharma_swarm.daemon_config
dharma_swarm.a2a.agent_directory	dharma_swarm.a2a.agent_card
dharma_swarm.a2a.agent_directory	dharma_swarm.a2a.node_registry
dharma_swarm.a2a.agent_directory	dharma_swarm.daemon_config
dharma_swarm.a2a.agent_presence	dharma_swarm.daemon_config
dharma_swarm.a2a.mailbox_gateway	dharma_swarm.daemon_config
dharma_swarm.a2a.nats_transport	dharma_swarm.a2a.a2a_server
dharma_swarm.a2a.nats_transport	dharma_swarm.a2a.nats_transport_support
dharma_swarm.a2a.nats_transport	dharma_swarm.a2a.spine_adapter
dharma_swarm.a2a.nats_transport	dharma_swarm.runtime_state
dharma_swarm.a2a.nats_transport	dharma_swarm.spine.identity
dharma_swarm.a2a.nats_transport_support	dharma_swarm.a2a.a2a_server
dharma_swarm.a2a.nats_transport_support	dharma_swarm.spine.identity
dharma_swarm.a2a.node_gateway	dharma_swarm.a2a.a2a_server
dharma_swarm.a2a.node_gateway	dharma_swarm.a2a.agent_card
dharma_swarm.a2a.node_gateway	dharma_swarm.a2a.spine_adapter
dharma_swarm.a2a.node_gateway	dharma_swarm.daemon_config
dharma_swarm.a2a.node_registry	dharma_swarm.correlation_context
dharma_swarm.a2a.node_registry	dharma_swarm.daemon_config
dharma_swarm.a2a.registry_hydrator	dharma_swarm.a2a.agent_card
dharma_swarm.a2a.registry_hydrator	dharma_swarm.a2a.node_registry
dharma_swarm.a2a.registry_hydrator	dharma_swarm.daemon_config
dharma_swarm.a2a.spine_adapter	dharma_swarm.a2a.a2a_server
dharma_swarm.a2a.spine_adapter	dharma_swarm.spine.invoke
dharma_swarm.a2a.spine_adapter	dharma_swarm.spine.receipt
dharma_swarm.a2a.spine_adapter	dharma_swarm.spine.routing
dharma_swarm.a2a.task_receipt	dharma_swarm.daemon_config
dharma_swarm.a2a.verifier	dharma_swarm.a2a.contact_registry
dharma_swarm.active_inference	dharma_swarm.daemon_config
dharma_swarm.adaptive_autonomy	dharma_swarm.risk_patterns
dharma_swarm.agent_constitution	dharma_swarm
dharma_swarm.agent_constitution	dharma_swarm.daemon_config
dharma_swarm.agent_constitution	dharma_swarm.model_pool
dharma_swarm.agent_constitution	dharma_swarm.models
dharma_swarm.agent_install	dharma_swarm.agent_export
dharma_swarm.agent_registry	dharma_swarm
dharma_swarm.agent_registry	dharma_swarm.daemon_config
dharma_swarm.agent_registry	dharma_swarm.model_pool
dharma_swarm.agent_runner	dharma_swarm.active_inference
dharma_swarm.agent_runner	dharma_swarm.agent_constitution
dharma_swarm.agent_runner	dharma_swarm.agent_memory
dharma_swarm.agent_runner	dharma_swarm.agent_memory_manager
dharma_swarm.agent_runner	dharma_swarm.agent_registry
dharma_swarm.agent_runner	dharma_swarm.agent_runner_quality
dharma_swarm.agent_runner	dharma_swarm.config
dharma_swarm.agent_runner	dharma_swarm.context
dharma_swarm.agent_runner	dharma_swarm.contracts.intelligence_agents
dharma_swarm.agent_runner	dharma_swarm.conversation_log
dharma_swarm.agent_runner	dharma_swarm.correlation_context
dharma_swarm.agent_runner	dharma_swarm.daemon_config
dharma_swarm.agent_runner	dharma_swarm.dharma_attractor
dharma_swarm.agent_runner	dharma_swarm.engine.conversation_memory
dharma_swarm.agent_runner	dharma_swarm.engine.retrieval_feedback
dharma_swarm.agent_runner	dharma_swarm.guardrails
dharma_swarm.agent_runner	dharma_swarm.injection_scanner
dharma_swarm.agent_runner	dharma_swarm.jikoku_samaya
dharma_swarm.agent_runner	dharma_swarm.lineage
dharma_swarm.agent_runner	dharma_swarm.mem_action
dharma_swarm.agent_runner	dharma_swarm.metrics
dharma_swarm.agent_runner	dharma_swarm.mission_contract
dharma_swarm.agent_runner	dharma_swarm.model_catalog
dharma_swarm.agent_runner	dharma_swarm.models
dharma_swarm.agent_runner	dharma_swarm.neural_consolidator
dharma_swarm.agent_runner	dharma_swarm.observability
dharma_swarm.agent_runner	dharma_swarm.ontology_agents
dharma_swarm.agent_runner	dharma_swarm.orientation_packet
dharma_swarm.agent_runner	dharma_swarm.provider_policy
dharma_swarm.agent_runner	dharma_swarm.runtime_fields
dharma_swarm.agent_runner	dharma_swarm.runtime_state
dharma_swarm.agent_runner	dharma_swarm.sandbox
dharma_swarm.agent_runner	dharma_swarm.shakti
dharma_swarm.agent_runner	dharma_swarm.signal_bus
dharma_swarm.agent_runner	dharma_swarm.spine.invoke
dharma_swarm.agent_runner	dharma_swarm.spine.receipt
dharma_swarm.agent_runner	dharma_swarm.spine.routing
dharma_swarm.agent_runner	dharma_swarm.stigmergy
dharma_swarm.agent_runner	dharma_swarm.telic_seam
dharma_swarm.agent_runner	dharma_swarm.telos_gates
dharma_swarm.agent_runner	dharma_swarm.web_search
dharma_swarm.agent_runner	dharma_swarm.worker_spawn
dharma_swarm.agent_runner	dharma_swarm.workflow
dharma_swarm.agent_runner_quality	dharma_swarm.mission_contract
dharma_swarm.agent_runner_quality	dharma_swarm.models
dharma_swarm.agent_runner_quality	dharma_swarm.quality_gates
dharma_swarm.ai_reciprocity_ledger	dharma_swarm.correlation_context
dharma_swarm.ai_reciprocity_ledger	dharma_swarm.gaia_ledger
dharma_swarm.amiros	dharma_swarm.daemon_config
dharma_swarm.amiros	dharma_swarm.models
dharma_swarm.anekanta_gate	dharma_swarm.models
dharma_swarm.api	dharma_swarm.lineage
dharma_swarm.api	dharma_swarm.models
dharma_swarm.api	dharma_swarm.ontology_runtime
dharma_swarm.api	dharma_swarm.workflow
dharma_swarm.api_key_audit	api.routers.chat
dharma_swarm.api_key_audit	dharma_swarm.api_keys
dharma_swarm.api_key_audit	dharma_swarm.model_hierarchy
dharma_swarm.api_key_audit	dharma_swarm.models
dharma_swarm.api_key_audit	dharma_swarm.runtime_provider
dharma_swarm.api_keys	dharma_swarm.runtime_env_loader
dharma_swarm.archaeology_ingestion	dharma_swarm.daemon_config
dharma_swarm.archaeology_ingestion	dharma_swarm.memory_palace
dharma_swarm.archive	dharma_swarm.execution_profile
dharma_swarm.archive	dharma_swarm.merkle_log
dharma_swarm.archive	dharma_swarm.models
dharma_swarm.artifact_manifest	dharma_swarm.correlation_context
dharma_swarm.artifact_manifest	dharma_swarm.engine.artifacts
dharma_swarm.artifact_manifest	dharma_swarm.runtime_state
dharma_swarm.artifact_store	dharma_swarm.artifact_manifest
dharma_swarm.artifact_store	dharma_swarm.engine.artifacts
dharma_swarm.artifact_store	dharma_swarm.runtime_state
dharma_swarm.artifact_store	dharma_swarm.spine.adapters
dharma_swarm.artifact_store	dharma_swarm.spine.identity
dharma_swarm.assurance	dharma_swarm.assurance.agents
dharma_swarm.assurance.__main__	dharma_swarm.assurance.run_scanners
dharma_swarm.assurance.__main__	dharma_swarm.assurance.status
dharma_swarm.assurance.run_scanners	dharma_swarm.assurance.runner
dharma_swarm.assurance.run_scanners	dharma_swarm.assurance.scanner_test_gaps
dharma_swarm.assurance.runner	dharma_swarm.assurance
dharma_swarm.assurance.runner	dharma_swarm.assurance.report_schema
dharma_swarm.assurance.runner	dharma_swarm.assurance.scanner_api_envelope
dharma_swarm.assurance.runner	dharma_swarm.assurance.scanner_context_isolation
dharma_swarm.assurance.runner	dharma_swarm.assurance.scanner_lifecycle
dharma_swarm.assurance.runner	dharma_swarm.assurance.scanner_ownership
dharma_swarm.assurance.runner	dharma_swarm.assurance.scanner_providers
dharma_swarm.assurance.runner	dharma_swarm.assurance.scanner_routes
dharma_swarm.assurance.runner	dharma_swarm.assurance.scanner_storage
dharma_swarm.assurance.runner	dharma_swarm.assurance.scanner_test_gaps
dharma_swarm.assurance.scanner_api_envelope	dharma_swarm.assurance.report_schema
dharma_swarm.assurance.scanner_context_isolation	dharma_swarm.assurance.report_schema
dharma_swarm.assurance.scanner_lifecycle	dharma_swarm.assurance.report_schema
dharma_swarm.assurance.scanner_ownership	dharma_swarm.assurance.report_schema
dharma_swarm.assurance.scanner_providers	dharma_swarm.assurance.report_schema
dharma_swarm.assurance.scanner_routes	dharma_swarm.assurance.report_schema
dharma_swarm.assurance.scanner_storage	dharma_swarm.assurance.report_schema
dharma_swarm.assurance.scanner_test_gaps	dharma_swarm.assurance.report_schema
dharma_swarm.auditor	dharma_swarm.daemon_config
dharma_swarm.auditor	dharma_swarm.elegance
dharma_swarm.auditor	dharma_swarm.metrics
dharma_swarm.auditor	dharma_swarm.models
dharma_swarm.auto_grade	dharma_swarm.auto_grade.engine
dharma_swarm.auto_grade	dharma_swarm.auto_grade.models
dharma_swarm.auto_grade.citations	dharma_swarm.auto_research.models
dharma_swarm.auto_grade.contradictions	dharma_swarm.auto_research.models
dharma_swarm.auto_grade.coverage	dharma_swarm.auto_research.models
dharma_swarm.auto_grade.engine	dharma_swarm.auto_grade.citations
dharma_swarm.auto_grade.engine	dharma_swarm.auto_grade.contradictions
dharma_swarm.auto_grade.engine	dharma_swarm.auto_grade.coverage
dharma_swarm.auto_grade.engine	dharma_swarm.auto_grade.efficiency
dharma_swarm.auto_grade.engine	dharma_swarm.auto_grade.grounding
dharma_swarm.auto_grade.engine	dharma_swarm.auto_grade.models
dharma_swarm.auto_grade.engine	dharma_swarm.auto_grade.rubrics
dharma_swarm.auto_grade.engine	dharma_swarm.auto_research.models
dharma_swarm.auto_grade.grounding	dharma_swarm.auto_research.models
dharma_swarm.auto_proposer	dharma_swarm.evolution
dharma_swarm.auto_proposer	dharma_swarm.fitness_predictor
dharma_swarm.auto_proposer	dharma_swarm.models
dharma_swarm.auto_proposer	dharma_swarm.monitor
dharma_swarm.auto_proposer	dharma_swarm.stigmergy
dharma_swarm.auto_research	dharma_swarm.auto_research.engine
dharma_swarm.auto_research	dharma_swarm.auto_research.models
dharma_swarm.auto_research.backends	dharma_swarm.auto_research.models
dharma_swarm.auto_research.backends	dharma_swarm.auto_research.search
dharma_swarm.auto_research.backends	dharma_swarm.web_search
dharma_swarm.auto_research.citation	dharma_swarm.auto_research.models
dharma_swarm.auto_research.claim_graph	dharma_swarm.auto_research.models
dharma_swarm.auto_research.engine	dharma_swarm.auto_research.claim_graph
dharma_swarm.auto_research.engine	dharma_swarm.auto_research.models
dharma_swarm.auto_research.engine	dharma_swarm.auto_research.planner
dharma_swarm.auto_research.engine	dharma_swarm.auto_research.reader
dharma_swarm.auto_research.engine	dharma_swarm.auto_research.reporter
dharma_swarm.auto_research.engine	dharma_swarm.auto_research.search
dharma_swarm.auto_research.planner	dharma_swarm.auto_research.models
dharma_swarm.auto_research.reader	dharma_swarm.auto_research.models
dharma_swarm.auto_research.reader	dharma_swarm.auto_research.search
dharma_swarm.auto_research.reporter	dharma_swarm.auto_research.citation
dharma_swarm.auto_research.reporter	dharma_swarm.auto_research.models
dharma_swarm.auto_research.search	dharma_swarm.auto_research.models
dharma_swarm.autocatalytic_adapter_evidence	dharma_swarm.autocatalytic_contracts
dharma_swarm.autocatalytic_adapters	dharma_swarm
dharma_swarm.autocatalytic_adapters	dharma_swarm.a2a.a2a_server
dharma_swarm.autocatalytic_adapters	dharma_swarm.autocatalytic_adapter_evidence
dharma_swarm.autocatalytic_adapters	dharma_swarm.autocatalytic_adapters_research_promote
dharma_swarm.autocatalytic_adapters	dharma_swarm.autocatalytic_adapters_sense_execute
dharma_swarm.autocatalytic_adapters	dharma_swarm.autocatalytic_contracts
dharma_swarm.autocatalytic_adapters	dharma_swarm.autocatalytic_source_contracts
dharma_swarm.autocatalytic_adapters_research_promote	dharma_swarm
dharma_swarm.autocatalytic_adapters_research_promote	dharma_swarm.a2a.a2a_server
dharma_swarm.autocatalytic_adapters_research_promote	dharma_swarm.autocatalytic_adapter_evidence
dharma_swarm.autocatalytic_adapters_research_promote	dharma_swarm.autocatalytic_contracts
dharma_swarm.autocatalytic_adapters_research_promote	dharma_swarm.autocatalytic_source_contracts
dharma_swarm.autocatalytic_adapters_research_promote	dharma_swarm.chamber.traces
dharma_swarm.autocatalytic_adapters_research_promote	dharma_swarm.operator_core.onboarding.contract
dharma_swarm.autocatalytic_adapters_research_promote	dharma_swarm.terminal_control
dharma_swarm.autocatalytic_adapters_research_promote	scripts.runtime.ci_truth
dharma_swarm.autocatalytic_adapters_sense_execute	dharma_swarm
dharma_swarm.autocatalytic_adapters_sense_execute	dharma_swarm.a2a.a2a_server
dharma_swarm.autocatalytic_adapters_sense_execute	dharma_swarm.autocatalytic_adapter_evidence
dharma_swarm.autocatalytic_adapters_sense_execute	dharma_swarm.autocatalytic_contracts
dharma_swarm.autocatalytic_adapters_sense_execute	dharma_swarm.autocatalytic_source_contracts
dharma_swarm.autocatalytic_adapters_sense_execute	dharma_swarm.graph.durable_invoker
dharma_swarm.autocatalytic_adapters_sense_execute	dharma_swarm.holon_system.sarathi.plan
dharma_swarm.autocatalytic_adapters_sense_execute	dharma_swarm.holon_system.sarathi.pulse
dharma_swarm.autocatalytic_contracts	dharma_swarm
dharma_swarm.autocatalytic_contracts	dharma_swarm.a2a.a2a_server
dharma_swarm.autocatalytic_contracts	dharma_swarm.autocatalytic_contract_primitives
dharma_swarm.autocatalytic_contracts	dharma_swarm.autocatalytic_manifest_contracts
dharma_swarm.autocatalytic_contracts	dharma_swarm.autocatalytic_source_contracts
dharma_swarm.autocatalytic_cycle_runtime	dharma_swarm.a2a.a2a_server
dharma_swarm.autocatalytic_cycle_runtime	dharma_swarm.a2a.agent_card
dharma_swarm.autocatalytic_cycle_runtime	dharma_swarm.a2a.spine_adapter
dharma_swarm.autocatalytic_cycle_runtime	dharma_swarm.autocatalytic_contracts
dharma_swarm.autocatalytic_cycle_runtime	dharma_swarm.autocatalytic_proof_builders
dharma_swarm.autocatalytic_cycle_runtime	dharma_swarm.autocatalytic_task_runtime
dharma_swarm.autocatalytic_cycle_runtime	dharma_swarm.autocatalytic_verifier
dharma_swarm.autocatalytic_cycle_runtime	dharma_swarm.correlation_context
dharma_swarm.autocatalytic_cycle_runtime	dharma_swarm.daemon_config
dharma_swarm.autocatalytic_cycle_runtime	dharma_swarm.runtime_state
dharma_swarm.autocatalytic_manifest_contracts	dharma_swarm.autocatalytic_contract_primitives
dharma_swarm.autocatalytic_manifest_contracts	dharma_swarm.catalytic_graph
dharma_swarm.autocatalytic_portfolio	dharma_swarm.autocatalytic_adapters
dharma_swarm.autocatalytic_portfolio	dharma_swarm.autocatalytic_contracts
dharma_swarm.autocatalytic_portfolio	dharma_swarm.autocatalytic_cycle_runtime
dharma_swarm.autocatalytic_portfolio	dharma_swarm.autocatalytic_proof_builders
dharma_swarm.autocatalytic_portfolio	dharma_swarm.autocatalytic_task_runtime
dharma_swarm.autocatalytic_portfolio	dharma_swarm.autocatalytic_verifier
dharma_swarm.autocatalytic_proof_builders	dharma_swarm.a2a.a2a_server
dharma_swarm.autocatalytic_proof_builders	dharma_swarm.autocatalytic_adapters
dharma_swarm.autocatalytic_proof_builders	dharma_swarm.autocatalytic_contracts
dharma_swarm.autocatalytic_receipt_verifier	dharma_swarm.autocatalytic_contracts
dharma_swarm.autocatalytic_source_contracts	dharma_swarm.autocatalytic_contract_primitives
dharma_swarm.autocatalytic_task_runtime	dharma_swarm.a2a.a2a_server
dharma_swarm.autocatalytic_task_runtime	dharma_swarm.autocatalytic_adapters
dharma_swarm.autocatalytic_task_runtime	dharma_swarm.autocatalytic_contracts
dharma_swarm.autocatalytic_verifier	dharma_swarm.a2a.a2a_server
dharma_swarm.autocatalytic_verifier	dharma_swarm.autocatalytic_adapters
dharma_swarm.autocatalytic_verifier	dharma_swarm.autocatalytic_contracts
dharma_swarm.autocatalytic_verifier	dharma_swarm.autocatalytic_receipt_verifier
dharma_swarm.autocatalytic_verifier	dharma_swarm.runtime_state
dharma_swarm.autonomous_agent	dharma_swarm.agent_memory
dharma_swarm.autonomous_agent	dharma_swarm.ginko_bridge
dharma_swarm.autonomous_agent	dharma_swarm.holon_bridge
dharma_swarm.autonomous_agent	dharma_swarm.message_bus
dharma_swarm.autonomous_agent	dharma_swarm.model_hierarchy
dharma_swarm.autonomous_agent	dharma_swarm.models
dharma_swarm.autonomous_agent	dharma_swarm.provider_policy
dharma_swarm.autonomous_agent	dharma_swarm.runtime_provider
dharma_swarm.autonomous_agent	dharma_swarm.stigmergy
dharma_swarm.autonomous_agent	dharma_swarm.telos_gates
dharma_swarm.autonomous_agent	dharma_swarm.web_search
dharma_swarm.autoresearch_loop	dharma_swarm.archive
dharma_swarm.autoresearch_loop	dharma_swarm.elegance
dharma_swarm.autoresearch_loop	dharma_swarm.models
dharma_swarm.autoresearch_loop	dharma_swarm.providers
dharma_swarm.autoresearch_loop	dharma_swarm.runtime_provider
dharma_swarm.autoresearch_loop	dharma_swarm.traces
dharma_swarm.base_provider	dharma_swarm.models
dharma_swarm.board	dharma_swarm.board.event_log
dharma_swarm.board	dharma_swarm.board.models
dharma_swarm.board.adapters	dharma_swarm.board.adapters.a2a_send_adapter
dharma_swarm.board.adapters	dharma_swarm.board.adapters.agentops_adapter
dharma_swarm.board.adapters	dharma_swarm.board.adapters.ds_goal_adapter
dharma_swarm.board.adapters	dharma_swarm.board.adapters.semantic_receipt_adapter
dharma_swarm.board.adapters.a2a_send_adapter	dharma_swarm.board.models
dharma_swarm.board.adapters.a2a_send_adapter	dharma_swarm.operator_core.runtime_truth
dharma_swarm.board.adapters.agentops_adapter	dharma_swarm.board.models
dharma_swarm.board.adapters.agentops_adapter	dharma_swarm.operator_core.runtime_truth
dharma_swarm.board.adapters.ds_goal_adapter	dharma_swarm.board.models
dharma_swarm.board.adapters.ds_goal_adapter	dharma_swarm.operator_core.runtime_truth
dharma_swarm.board.adapters.semantic_receipt_adapter	dharma_swarm.board.models
dharma_swarm.board.adapters.semantic_receipt_adapter	dharma_swarm.operator_core.runtime_truth
dharma_swarm.board.adapters.semantic_receipt_adapter	dharma_swarm.operator_core.semantic_receipt
dharma_swarm.board.adapters.taskboard_adapter	dharma_swarm.board.event_log
dharma_swarm.board.adapters.taskboard_adapter	dharma_swarm.board.models
dharma_swarm.board.adapters.taskboard_adapter	dharma_swarm.models
dharma_swarm.board.adapters.taskboard_adapter	dharma_swarm.task_board
dharma_swarm.board.event_log	dharma_swarm.board.models
dharma_swarm.board.event_log	dharma_swarm.correlation_context
dharma_swarm.board.facade	dharma_swarm.board.event_log
dharma_swarm.board.facade	dharma_swarm.board.models
dharma_swarm.board.task_command_outbox	dharma_swarm.board.adapters.taskboard_adapter
dharma_swarm.board.task_command_outbox	dharma_swarm.board.event_log
dharma_swarm.board.task_command_outbox	dharma_swarm.board.facade
dharma_swarm.board.task_command_outbox	dharma_swarm.board.models
dharma_swarm.board.task_command_outbox	dharma_swarm.models
dharma_swarm.bootstrap	dharma_swarm.field_graph
dharma_swarm.bootstrap	dharma_swarm.field_knowledge_base
dharma_swarm.bridge	dharma_swarm.metrics
dharma_swarm.bridge	dharma_swarm.models
dharma_swarm.bridge	dharma_swarm.rv
dharma_swarm.bridge_coordinator	dharma_swarm.bridge_registry
dharma_swarm.bridge_coordinator	dharma_swarm.catalytic_graph
dharma_swarm.bridge_coordinator	dharma_swarm.daemon_config
dharma_swarm.bridge_coordinator	dharma_swarm.semantic_gravity
dharma_swarm.bridge_coordinator	dharma_swarm.telos_graph
dharma_swarm.bridge_coordinator	dharma_swarm.temporal_graph
dharma_swarm.bridge_registry	dharma_swarm.models
dharma_swarm.browser_agent	dharma_swarm.tool_registry
dharma_swarm.build_engine	dharma_swarm.api_keys
dharma_swarm.build_engine	dharma_swarm.foreman
dharma_swarm.build_engine	dharma_swarm.iteration_depth
dharma_swarm.canary	dharma_swarm.archive
dharma_swarm.canonical_replay	dharma_swarm.event_log
dharma_swarm.capital_lab	dharma_swarm.capital_lab.broker_paper_membrane
dharma_swarm.capital_lab.broker_paper_membrane	dharma_swarm.capital_lab.risk_governor
dharma_swarm.cascade	dharma_swarm.checkpoint
dharma_swarm.cascade	dharma_swarm.models
dharma_swarm.cascade	dharma_swarm.signal_bus
dharma_swarm.cascade	dharma_swarm.stigmergy
dharma_swarm.cascade_domains.code	dharma_swarm.elegance
dharma_swarm.cascade_domains.code	dharma_swarm.metrics
dharma_swarm.cascade_domains.code	dharma_swarm.models
dharma_swarm.cascade_domains.common	dharma_swarm.telos_gates
dharma_swarm.cascade_domains.meta	dharma_swarm.models
dharma_swarm.cascade_domains.product	dharma_swarm.elegance
dharma_swarm.cascade_domains.product	dharma_swarm.foreman
dharma_swarm.cascade_domains.product	dharma_swarm.metrics
dharma_swarm.cascade_domains.product	dharma_swarm.models
dharma_swarm.cascade_domains.research	dharma_swarm.metrics
dharma_swarm.cascade_domains.research	dharma_swarm.models
dharma_swarm.cascade_domains.research	dharma_swarm.semantic_digester
dharma_swarm.cascade_domains.skill	dharma_swarm.metrics
dharma_swarm.cascade_domains.skill	dharma_swarm.models
dharma_swarm.catalytic_graph	dharma_swarm.models
dharma_swarm.certified_lanes	dharma_swarm
dharma_swarm.certified_lanes	dharma_swarm.model_pool
dharma_swarm.certified_lanes	dharma_swarm.models
dharma_swarm.chamber.chain	dharma_swarm.chamber.traces
dharma_swarm.chamber.daily_delta	dharma_swarm.chamber.chain
dharma_swarm.chamber.gym_git_history	dharma_swarm.chamber.sandbox
dharma_swarm.chamber.gym_git_history	dharma_swarm.chamber.traces
dharma_swarm.chamber.gym_git_history	dharma_swarm.key_oracle
dharma_swarm.chamber.ledger_history	dharma_swarm.chamber.chain
dharma_swarm.chamber.predictions	dharma_swarm.daemon_config
dharma_swarm.chamber.predictions	dharma_swarm.ginko_brier
dharma_swarm.chetana	dharma_swarm.chetana.governance
dharma_swarm.chetana	dharma_swarm.chetana.provenance
dharma_swarm.chetana	dharma_swarm.chetana.revival
dharma_swarm.chetana.cli	dharma_swarm.chetana.cross_update
dharma_swarm.chetana.cli	dharma_swarm.chetana.decay
dharma_swarm.chetana.cli	dharma_swarm.chetana.gap_scan
dharma_swarm.chetana.cli	dharma_swarm.chetana.graph_unifier
dharma_swarm.chetana.cli	dharma_swarm.chetana.ingest
dharma_swarm.chetana.cli	dharma_swarm.chetana.palace
dharma_swarm.chetana.cli	dharma_swarm.chetana.promote
dharma_swarm.chetana.cli	dharma_swarm.chetana.provenance
dharma_swarm.chetana.cli	dharma_swarm.chetana.revival
dharma_swarm.chetana.cli	dharma_swarm.chetana.staging
dharma_swarm.chetana.cli	dharma_swarm.dharma_kernel
dharma_swarm.chetana.cross_update	dharma_swarm.chetana
dharma_swarm.chetana.cross_update	dharma_swarm.chetana.provenance
dharma_swarm.chetana.cross_update	dharma_swarm.chetana.staging
dharma_swarm.chetana.cross_update	dharma_swarm.chetana.wiki_log
dharma_swarm.chetana.decay	dharma_swarm.chetana.provenance
dharma_swarm.chetana.decay	dharma_swarm.chetana.staging
dharma_swarm.chetana.extractors	dharma_swarm.chetana.extractors.markitdown_ext
dharma_swarm.chetana.extractors	dharma_swarm.chetana.extractors.session
dharma_swarm.chetana.extractors	dharma_swarm.chetana.extractors.webclip
dharma_swarm.chetana.gap_scan	dharma_swarm.chetana.provenance
dharma_swarm.chetana.gap_scan	dharma_swarm.chetana.staging
dharma_swarm.chetana.governance	dharma_swarm.chetana.provenance
dharma_swarm.chetana.governance	dharma_swarm.dharma_kernel
dharma_swarm.chetana.governance	dharma_swarm.telos_gates
dharma_swarm.chetana.graph_unifier	dharma_swarm.chetana
dharma_swarm.chetana.graph_unifier	dharma_swarm.chetana.staging
dharma_swarm.chetana.ingest	dharma_swarm.chetana.extractors
dharma_swarm.chetana.ingest	dharma_swarm.chetana.provenance
dharma_swarm.chetana.ingest	dharma_swarm.chetana.staging
dharma_swarm.chetana.ingest	dharma_swarm.chetana.stigmergy_emit
dharma_swarm.chetana.ingest	dharma_swarm.chetana.wiki_log
dharma_swarm.chetana.manifest	dharma_swarm.chetana.governance
dharma_swarm.chetana.manifest	dharma_swarm.chetana.provenance
dharma_swarm.chetana.mcp_server	dharma_swarm.chetana.decay
dharma_swarm.chetana.mcp_server	dharma_swarm.chetana.gap_scan
dharma_swarm.chetana.mcp_server	dharma_swarm.chetana.graph_unifier
dharma_swarm.chetana.mcp_server	dharma_swarm.chetana.ingest
dharma_swarm.chetana.mcp_server	dharma_swarm.chetana.palace
dharma_swarm.chetana.mcp_server	dharma_swarm.chetana.promote
dharma_swarm.chetana.mcp_server	dharma_swarm.chetana.provenance
dharma_swarm.chetana.mcp_server	dharma_swarm.chetana.revival
dharma_swarm.chetana.mcp_server	dharma_swarm.chetana.staging
dharma_swarm.chetana.mcp_server	dharma_swarm.dharma_kernel
dharma_swarm.chetana.palace	dharma_swarm.chetana.provenance
dharma_swarm.chetana.palace	dharma_swarm.chetana.staging
dharma_swarm.chetana.promote	dharma_swarm.chetana
dharma_swarm.chetana.promote	dharma_swarm.chetana.cross_update
dharma_swarm.chetana.promote	dharma_swarm.chetana.governance
dharma_swarm.chetana.promote	dharma_swarm.chetana.promote_support
dharma_swarm.chetana.promote	dharma_swarm.chetana.provenance
dharma_swarm.chetana.promote	dharma_swarm.chetana.staging
dharma_swarm.chetana.promote	dharma_swarm.chetana.stigmergy_emit
dharma_swarm.chetana.promote	dharma_swarm.chetana.wiki_log
dharma_swarm.chetana.promote_support	dharma_swarm.chetana
dharma_swarm.chetana.promote_support	dharma_swarm.chetana.manifest
dharma_swarm.chetana.promote_support	dharma_swarm.chetana.provenance
dharma_swarm.chetana.promote_support	dharma_swarm.chetana.staging
dharma_swarm.chetana.promote_support	dharma_swarm.daemon_config
dharma_swarm.chetana.promote_support	dharma_swarm.wiki_vector_ingest
dharma_swarm.chetana.revival	dharma_swarm.chetana.governance
dharma_swarm.chetana.revival	dharma_swarm.chetana.provenance
dharma_swarm.chetana.revival	dharma_swarm.chetana.staging
dharma_swarm.chetana.revival	dharma_swarm.chetana.stigmergy_emit
dharma_swarm.chetana.staging	dharma_swarm.chetana.manifest
dharma_swarm.chetana.staging	dharma_swarm.chetana.provenance
dharma_swarm.chetana.stigmergy_emit	dharma_swarm.stigmergy
dharma_swarm.chetana.tests.conftest	dharma_swarm
dharma_swarm.chetana.tests.conftest	dharma_swarm.chetana
dharma_swarm.chetana.tests.conftest	dharma_swarm.chetana.decay
dharma_swarm.chetana.tests.conftest	dharma_swarm.chetana.gap_scan
dharma_swarm.chetana.tests.conftest	dharma_swarm.chetana.palace
dharma_swarm.chetana.tests.conftest	dharma_swarm.chetana.revival
dharma_swarm.chetana.tests.conftest	dharma_swarm.chetana.staging
dharma_swarm.chetana.tests.conftest	dharma_swarm.dharma_kernel
dharma_swarm.chetana.tests.conftest	dharma_swarm.stigmergy
dharma_swarm.chetana.tests.test_decay	dharma_swarm.chetana.decay
dharma_swarm.chetana.tests.test_decay	dharma_swarm.chetana.ingest
dharma_swarm.chetana.tests.test_decay	dharma_swarm.chetana.promote
dharma_swarm.chetana.tests.test_e2e_cli	dharma_swarm.dharma_kernel
dharma_swarm.chetana.tests.test_gap_scan	dharma_swarm.chetana.gap_scan
dharma_swarm.chetana.tests.test_gap_scan	dharma_swarm.chetana.ingest
dharma_swarm.chetana.tests.test_gap_scan	dharma_swarm.chetana.promote
dharma_swarm.chetana.tests.test_governance	dharma_swarm.chetana.governance
dharma_swarm.chetana.tests.test_graph_unifier	dharma_swarm.chetana
dharma_swarm.chetana.tests.test_graph_unifier	dharma_swarm.chetana.graph_unifier
dharma_swarm.chetana.tests.test_graph_unifier	dharma_swarm.chetana.ingest
dharma_swarm.chetana.tests.test_graph_unifier	dharma_swarm.chetana.promote
dharma_swarm.chetana.tests.test_graph_unifier	dharma_swarm.chetana.staging
dharma_swarm.chetana.tests.test_ingest_promote	dharma_swarm.chetana.ingest
dharma_swarm.chetana.tests.test_ingest_promote	dharma_swarm.chetana.promote
dharma_swarm.chetana.tests.test_ingest_promote	dharma_swarm.chetana.provenance
dharma_swarm.chetana.tests.test_mcp_and_palace	dharma_swarm.chetana.ingest
dharma_swarm.chetana.tests.test_mcp_and_palace	dharma_swarm.chetana.mcp_server
dharma_swarm.chetana.tests.test_mcp_and_palace	dharma_swarm.chetana.palace
dharma_swarm.chetana.tests.test_mcp_and_palace	dharma_swarm.chetana.promote
dharma_swarm.chetana.tests.test_provenance	dharma_swarm.chetana.provenance
dharma_swarm.chetana.tests.test_real_gates	dharma_swarm
dharma_swarm.chetana.tests.test_real_gates	dharma_swarm.chetana
dharma_swarm.chetana.tests.test_real_gates	dharma_swarm.chetana.governance
dharma_swarm.chetana.tests.test_real_gates	dharma_swarm.dharma_kernel
dharma_swarm.chetana.tests.test_revival	dharma_swarm.chetana.ingest
dharma_swarm.chetana.tests.test_revival	dharma_swarm.chetana.promote
dharma_swarm.chetana.tests.test_revival	dharma_swarm.chetana.provenance
dharma_swarm.chetana.tests.test_revival	dharma_swarm.chetana.revival
dharma_swarm.chetana.tests.test_stigmergy_emit	dharma_swarm
dharma_swarm.chetana.tests.test_stigmergy_emit	dharma_swarm.chetana
dharma_swarm.chetana.tests.test_stigmergy_emit	dharma_swarm.chetana.ingest
dharma_swarm.chetana.tests.test_stigmergy_emit	dharma_swarm.chetana.promote
dharma_swarm.chetana.tests.test_stigmergy_emit	dharma_swarm.chetana.revival
dharma_swarm.chetana.tests.test_stigmergy_emit	dharma_swarm.chetana.stigmergy_emit
dharma_swarm.chetana.tests.test_stigmergy_emit	dharma_swarm.stigmergy
dharma_swarm.chetana.wiki_log	dharma_swarm.chetana
dharma_swarm.chetana.wiki_log	dharma_swarm.chetana.staging
dharma_swarm.citation_index	dharma_swarm.models
dharma_swarm.claim_graph	dharma_swarm.dharma_corpus
dharma_swarm.claim_graph	dharma_swarm.models
dharma_swarm.claude_hooks	dharma_swarm.daemon_config
dharma_swarm.claude_hooks	dharma_swarm.monitor
dharma_swarm.claude_hooks	dharma_swarm.startup_crew
dharma_swarm.claude_hooks	dharma_swarm.telos_gates
dharma_swarm.claude_hooks	dharma_swarm.traces
dharma_swarm.cli	dharma_swarm.context
dharma_swarm.cli	dharma_swarm.master_prompt_engineer
dharma_swarm.cli	dharma_swarm.models
dharma_swarm.cli	dharma_swarm.research_deadlines
dharma_swarm.cli	dharma_swarm.swarm
dharma_swarm.coalgebra	dharma_swarm.monad
dharma_swarm.coalgebra_dseintegrator_dse_integration	dharma_swarm.archive
dharma_swarm.coalgebra_dseintegrator_dse_integration	dharma_swarm.coalgebra
dharma_swarm.coalgebra_dseintegrator_dse_integration	dharma_swarm.dse_integration
dharma_swarm.coalgebra_dseintegrator_dse_integration	dharma_swarm.evolution
dharma_swarm.codex_overnight	dharma_swarm.codex_cli
dharma_swarm.codex_overnight	dharma_swarm.daemon_config
dharma_swarm.cohomology_cechcohomology_to_sheaf_coord	dharma_swarm.sheaf
dharma_swarm.concept_blast_radius	dharma_swarm.bridge_registry
dharma_swarm.concept_blast_radius	dharma_swarm.daemon_config
dharma_swarm.concept_blast_radius	dharma_swarm.semantic_gravity
dharma_swarm.concept_blast_radius	dharma_swarm.temporal_graph
dharma_swarm.conductors	dharma_swarm.api_keys
dharma_swarm.conductors	dharma_swarm.daemon_config
dharma_swarm.conductors	dharma_swarm.model_hierarchy
dharma_swarm.conductors	dharma_swarm.models
dharma_swarm.consistency_guard	dharma_swarm.guardian_crew
dharma_swarm.consolidation	dharma_swarm.agent_memory
dharma_swarm.consolidation	dharma_swarm.agent_registry
dharma_swarm.consolidation	dharma_swarm.daemon_config
dharma_swarm.consolidation	dharma_swarm.dharma_corpus
dharma_swarm.consolidation	dharma_swarm.ecc_eval_harness
dharma_swarm.consolidation	dharma_swarm.models
dharma_swarm.consolidation	dharma_swarm.runtime_provider
dharma_swarm.consolidation	dharma_swarm.signal_bus
dharma_swarm.constitutional_size_check	dharma_swarm
dharma_swarm.context	dharma_swarm.claim_graph
dharma_swarm.context	dharma_swarm.dharma_corpus
dharma_swarm.context	dharma_swarm.dharma_kernel
dharma_swarm.context	dharma_swarm.ecosystem_map
dharma_swarm.context	dharma_swarm.engine.conversation_memory
dharma_swarm.context	dharma_swarm.engine.hybrid_retriever
dharma_swarm.context	dharma_swarm.engine.retrieval_feedback
dharma_swarm.context	dharma_swarm.engine.unified_index
dharma_swarm.context	dharma_swarm.injection_scanner
dharma_swarm.context	dharma_swarm.memory_kernel.context_compiler_shadow
dharma_swarm.context	dharma_swarm.memory_retrieval
dharma_swarm.context	dharma_swarm.orientation_packet
dharma_swarm.context_agent	dharma_swarm.daemon_config
dharma_swarm.context_agent	dharma_swarm.models
dharma_swarm.context_agent	dharma_swarm.providers
dharma_swarm.context_agent	dharma_swarm.runtime_admission
dharma_swarm.context_agent	dharma_swarm.signal_bus
dharma_swarm.context_agent	dharma_swarm.stigmergy
dharma_swarm.context_compiler	dharma_swarm.context_compiler_utils
dharma_swarm.context_compiler	dharma_swarm.mem_action
dharma_swarm.context_compiler	dharma_swarm.memory_kernel.context_compiler_shadow
dharma_swarm.context_compiler	dharma_swarm.memory_kernel.default_context
dharma_swarm.context_compiler	dharma_swarm.memory_lattice
dharma_swarm.context_compiler	dharma_swarm.provider_policy
dharma_swarm.context_compiler	dharma_swarm.runtime_state
dharma_swarm.context_compiler_utils	dharma_swarm.injection_scanner
dharma_swarm.context_search	dharma_swarm.ecosystem_map
dharma_swarm.contracts	dharma_swarm.contracts.common
dharma_swarm.contracts	dharma_swarm.contracts.intelligence
dharma_swarm.contracts	dharma_swarm.contracts.runtime
dharma_swarm.contracts	dharma_swarm.contracts.runtime_adapters
dharma_swarm.contracts	dharma_swarm.contracts.runtime_factory
dharma_swarm.contracts.intelligence	dharma_swarm.contracts.common
dharma_swarm.contracts.intelligence_adapters	dharma_swarm.contracts.common
dharma_swarm.contracts.intelligence_adapters	dharma_swarm.contracts.intelligence
dharma_swarm.contracts.intelligence_adapters	dharma_swarm.engine.event_memory
dharma_swarm.contracts.intelligence_adapters	dharma_swarm.runtime_contract
dharma_swarm.contracts.intelligence_adapters	dharma_swarm.runtime_state
dharma_swarm.contracts.intelligence_adapters	dharma_swarm.skills
dharma_swarm.contracts.intelligence_agents	dharma_swarm.certified_lanes
dharma_swarm.contracts.intelligence_agents	dharma_swarm.integrations
dharma_swarm.contracts.intelligence_agents	dharma_swarm.models
dharma_swarm.contracts.intelligence_agents	dharma_swarm.telemetry_plane
dharma_swarm.contracts.intelligence_evaluation_services	dharma_swarm.artifact_store
dharma_swarm.contracts.intelligence_evaluation_services	dharma_swarm.contracts.common
dharma_swarm.contracts.intelligence_evaluation_services	dharma_swarm.contracts.intelligence
dharma_swarm.contracts.intelligence_evaluation_services	dharma_swarm.contracts.intelligence_adapters
dharma_swarm.contracts.intelligence_evaluation_services	dharma_swarm.engine.event_memory
dharma_swarm.contracts.intelligence_evaluation_services	dharma_swarm.engine.provenance
dharma_swarm.contracts.intelligence_evaluation_services	dharma_swarm.runtime_contract
dharma_swarm.contracts.intelligence_evaluation_services	dharma_swarm.runtime_state
dharma_swarm.contracts.intelligence_kaizenops	dharma_swarm.contracts.intelligence_evaluation_services
dharma_swarm.contracts.intelligence_kaizenops	dharma_swarm.integrations
dharma_swarm.contracts.intelligence_stack	dharma_swarm.contracts.common
dharma_swarm.contracts.intelligence_stack	dharma_swarm.contracts.intelligence
dharma_swarm.contracts.intelligence_stack	dharma_swarm.contracts.intelligence_adapters
dharma_swarm.contracts.intelligence_stack	dharma_swarm.contracts.intelligence_evaluation_services
dharma_swarm.contracts.intelligence_stack	dharma_swarm.contracts.intelligence_kaizenops
dharma_swarm.contracts.intelligence_stack	dharma_swarm.contracts.intelligence_telemetry
dharma_swarm.contracts.intelligence_stack	dharma_swarm.engine.event_memory
dharma_swarm.contracts.intelligence_stack	dharma_swarm.runtime_state
dharma_swarm.contracts.intelligence_telemetry	dharma_swarm.contracts.intelligence_evaluation_services
dharma_swarm.contracts.intelligence_telemetry	dharma_swarm.telemetry_plane
dharma_swarm.contracts.runtime	dharma_swarm.contracts.common
dharma_swarm.contracts.runtime_adapters	dharma_swarm.checkpoint
dharma_swarm.contracts.runtime_adapters	dharma_swarm.contracts.common
dharma_swarm.contracts.runtime_adapters	dharma_swarm.message_bus
dharma_swarm.contracts.runtime_adapters	dharma_swarm.models
dharma_swarm.contracts.runtime_adapters	dharma_swarm.operator_bridge
dharma_swarm.contracts.runtime_adapters	dharma_swarm.runtime_state
dharma_swarm.contracts.runtime_adapters	dharma_swarm.sandbox
dharma_swarm.contracts.runtime_factory	dharma_swarm.checkpoint
dharma_swarm.contracts.runtime_factory	dharma_swarm.contracts.runtime
dharma_swarm.contracts.runtime_factory	dharma_swarm.contracts.runtime_adapters
dharma_swarm.contracts.runtime_factory	dharma_swarm.message_bus
dharma_swarm.contracts.runtime_factory	dharma_swarm.operator_bridge
dharma_swarm.contracts.runtime_factory	dharma_swarm.runtime_state
dharma_swarm.contracts.runtime_factory	dharma_swarm.session_ledger
dharma_swarm.contradiction_registry	dharma_swarm.models
dharma_swarm.coordination	dharma_swarm.coordination.genome
dharma_swarm.coordination.arena	dharma_swarm.coordination.arena.corpus
dharma_swarm.coordination.arena	dharma_swarm.coordination.arena.curator
dharma_swarm.coordination.arena	dharma_swarm.coordination.arena.fixtures
dharma_swarm.coordination.arena	dharma_swarm.coordination.arena.runner
dharma_swarm.coordination.arena	dharma_swarm.coordination.arena.scorer
dharma_swarm.coordination.arena	dharma_swarm.coordination.arena.taskpack
dharma_swarm.coordination.arena.corpus	dharma_swarm.coordination.arena.runner
dharma_swarm.coordination.arena.corpus	dharma_swarm.coordination.arena.scorer
dharma_swarm.coordination.arena.corpus	dharma_swarm.coordination.orchestrator_v1
dharma_swarm.coordination.arena.curator	dharma_swarm.coordination.arena.taskpack
dharma_swarm.coordination.arena.fixtures	dharma_swarm.coordination.arena.taskpack
dharma_swarm.coordination.arena.live_pool	dharma_swarm.coordination.arena.fixtures
dharma_swarm.coordination.arena.live_pool	dharma_swarm.ollama_config
dharma_swarm.coordination.arena.measure	dharma_swarm.coordination.arena.fixtures
dharma_swarm.coordination.arena.measure	dharma_swarm.coordination.arena.live_pool
dharma_swarm.coordination.arena.measure	dharma_swarm.coordination.arena.runner
dharma_swarm.coordination.arena.measure	dharma_swarm.coordination.arena.taskpack
dharma_swarm.coordination.arena.measure	dharma_swarm.coordination.genome
dharma_swarm.coordination.arena.measure	dharma_swarm.ollama_config
dharma_swarm.coordination.arena.runner	dharma_swarm.coordination.arena.fixtures
dharma_swarm.coordination.arena.runner	dharma_swarm.coordination.arena.scorer
dharma_swarm.coordination.arena.runner	dharma_swarm.coordination.arena.taskpack
dharma_swarm.coordination.arena.runner	dharma_swarm.coordination.dpi
dharma_swarm.coordination.arena.runner	dharma_swarm.coordination.genome
dharma_swarm.coordination.arena.runner	dharma_swarm.council
dharma_swarm.coordination.arena.scorer	dharma_swarm.coordination.arena.taskpack
dharma_swarm.coordination.genome	dharma_swarm.topology_genome
dharma_swarm.coordination.orchestrator_v1	dharma_swarm.coordination.arena.fixtures
dharma_swarm.coordination.orchestrator_v1	dharma_swarm.coordination.arena.runner
dharma_swarm.coordination.orchestrator_v1	dharma_swarm.coordination.genome
dharma_swarm.coordination.panel_diversity	dharma_swarm.model_hierarchy
dharma_swarm.coordination.panel_diversity	dharma_swarm.models
dharma_swarm.cost_tracker	dharma_swarm.daemon_config
dharma_swarm.council	dharma_swarm.council.council
dharma_swarm.council	dharma_swarm.council.invariants
dharma_swarm.council.council	dharma_swarm.council.invariants
dharma_swarm.cron_algedonic_handlers	dharma_swarm.cron_job_runtime
dharma_swarm.cron_daemon	dharma_swarm
dharma_swarm.cron_daemon	dharma_swarm.cron_runner
dharma_swarm.cron_daemon	dharma_swarm.cron_scheduler
dharma_swarm.cron_portable_context	dharma_swarm.context
dharma_swarm.cron_runner	dharma_swarm.context
dharma_swarm.cron_runner	dharma_swarm.cron_algedonic_handlers
dharma_swarm.cron_runner	dharma_swarm.cron_job_runtime
dharma_swarm.cron_runner	dharma_swarm.cron_portable_context
dharma_swarm.cron_runner	dharma_swarm.cron_signal_deep_sweep
dharma_swarm.cron_runner	dharma_swarm.custodians
dharma_swarm.cron_runner	dharma_swarm.daemon_config
dharma_swarm.cron_runner	dharma_swarm.doctor
dharma_swarm.cron_runner	dharma_swarm.engine.store_sync
dharma_swarm.cron_runner	dharma_swarm.foreman
dharma_swarm.cron_runner	dharma_swarm.identity
dharma_swarm.cron_runner	dharma_swarm.job_capabilities
dharma_swarm.cron_runner	dharma_swarm.kaizen_ops_local
dharma_swarm.cron_runner	dharma_swarm.knowledge_ops.zeitgeist_promotion
dharma_swarm.cron_runner	dharma_swarm.memory_common
dharma_swarm.cron_runner	dharma_swarm.models
dharma_swarm.cron_runner	dharma_swarm.operator_brief.insight_brief
dharma_swarm.cron_runner	dharma_swarm.opportunity_dispatcher
dharma_swarm.cron_runner	dharma_swarm.opportunity_refill
dharma_swarm.cron_runner	dharma_swarm.overnight_director
dharma_swarm.cron_runner	dharma_swarm.pulse
dharma_swarm.cron_runner	dharma_swarm.revenue.scout_daemon
dharma_swarm.cron_runner	dharma_swarm.review_cycle
dharma_swarm.cron_runner	dharma_swarm.runtime_provider
dharma_swarm.cron_runner	dharma_swarm.scout_framework
dharma_swarm.cron_runner	dharma_swarm.scout_report
dharma_swarm.cron_runner	dharma_swarm.shakti_executive
dharma_swarm.cron_runner	dharma_swarm.synthesis_agent
dharma_swarm.cron_runner	dharma_swarm.world_radar.go_bridge
dharma_swarm.cron_runner	dharma_swarm.zeitgeist
dharma_swarm.cron_scheduler	dharma_swarm.daemon_config
dharma_swarm.cron_signal_deep_sweep	dharma_swarm.cron_job_runtime
dharma_swarm.cron_signal_deep_sweep	dharma_swarm.daemon_config
dharma_swarm.cron_signal_deep_sweep	dharma_swarm.knowledge_ops.deep_sweep
dharma_swarm.custodians	dharma_swarm
dharma_swarm.custodians	dharma_swarm.build_engine
dharma_swarm.custodians	dharma_swarm.cron_scheduler
dharma_swarm.custodians	dharma_swarm.evolution_safety
dharma_swarm.custodians	dharma_swarm.free_fleet
dharma_swarm.custodians	dharma_swarm.ontology
dharma_swarm.custodians	dharma_swarm.ontology_runtime
dharma_swarm.cybernetics_codex	dharma_swarm.archive
dharma_swarm.cybernetics_codex	dharma_swarm.daemon_config
dharma_swarm.cybernetics_codex	dharma_swarm.loop_closure_quarantine
dharma_swarm.cybernetics_codex_registration	dharma_swarm.cybernetics_codex
dharma_swarm.cybernetics_codex_registration	dharma_swarm.external_agent_registration
dharma_swarm.dag_executor	dharma_swarm.skill_composer
dharma_swarm.daily_operating_brief	dharma_swarm.llm_burn
dharma_swarm.dataset_builder	dharma_swarm.trajectory_collector
dharma_swarm.decision_ontology	dharma_swarm.decision_router
dharma_swarm.decision_ontology	dharma_swarm.steelman_gate
dharma_swarm.dgc_cli	dharma_swarm.api_keys
dharma_swarm.dgc_cli	dharma_swarm.claude_hooks
dharma_swarm.dgc_cli	dharma_swarm.daemon_config
dharma_swarm.dgc_cli	dharma_swarm.ecc_eval_harness
dharma_swarm.dgc_cli	dharma_swarm.ginko_agents
dharma_swarm.dgc_cli	dharma_swarm.ginko_brier
dharma_swarm.dgc_cli	dharma_swarm.ginko_orchestrator
dharma_swarm.dgc_cli	dharma_swarm.ginko_paper_trade
dharma_swarm.dgc_cli	dharma_swarm.harness_audit
dharma_swarm.dgc_cli	dharma_swarm.instinct_bridge
dharma_swarm.dgc_cli	dharma_swarm.living_map
dharma_swarm.dgc_cli	dharma_swarm.loop_supervisor
dharma_swarm.dgc_cli	dharma_swarm.operator_brief.value_events
dharma_swarm.dgc_cli	dharma_swarm.operator_core.spine_tail
dharma_swarm.dgc_cli	dharma_swarm.overnight_director
dharma_swarm.dgc_cli	dharma_swarm.review_bridge
dharma_swarm.dgc_cli	dharma_swarm.self_improve
dharma_swarm.dgc_cli	dharma_swarm.terminal_commands._helpers
dharma_swarm.dgc_cli	dharma_swarm.terminal_commands._status_helpers
dharma_swarm.dgc_cli	dharma_swarm.terminal_commands.agents
dharma_swarm.dgc_cli	dharma_swarm.terminal_commands.data_loop
dharma_swarm.dgc_cli	dharma_swarm.terminal_commands.diagnostics
dharma_swarm.dgc_cli	dharma_swarm.terminal_commands.evolution
dharma_swarm.dgc_cli	dharma_swarm.terminal_commands.governance
dharma_swarm.dgc_cli	dharma_swarm.terminal_commands.infrastructure
dharma_swarm.dgc_cli	dharma_swarm.terminal_commands.intent
dharma_swarm.dgc_cli	dharma_swarm.terminal_commands.lifecycle
dharma_swarm.dgc_cli	dharma_swarm.terminal_commands.memory
dharma_swarm.dgc_cli	dharma_swarm.terminal_commands.meta
dharma_swarm.dgc_cli	dharma_swarm.terminal_commands.operator
dharma_swarm.dgc_cli	dharma_swarm.terminal_commands.ouroboros
dharma_swarm.dgc_cli	dharma_swarm.terminal_commands.semantic
dharma_swarm.dgc_cli	dharma_swarm.terminal_commands.status
dharma_swarm.dgc_cli	dharma_swarm.terminal_commands.stigmergy
dharma_swarm.dgc_cli	dharma_swarm.terminal_commands.surfaces
dharma_swarm.dgc_cli	dharma_swarm.trace_attractor.cli
dharma_swarm.dgm_loop	dharma_swarm.archive
dharma_swarm.dgm_loop	dharma_swarm.daemon_config
dharma_swarm.dgm_loop	dharma_swarm.evolution
dharma_swarm.dgm_loop	dharma_swarm.key_oracle
dharma_swarm.dgm_loop	dharma_swarm.runtime_provider
dharma_swarm.dharma_attractor	dharma_swarm.anekanta_gate
dharma_swarm.dharma_attractor	dharma_swarm.models
dharma_swarm.dharma_attractor	dharma_swarm.organism
dharma_swarm.dharma_context_mcp	dharma_swarm.api_keys
dharma_swarm.dharma_context_mcp	dharma_swarm.context_search
dharma_swarm.dharma_context_mcp	dharma_swarm.daemon_config
dharma_swarm.dharma_context_mcp	dharma_swarm.ecosystem_map
dharma_swarm.dharma_context_mcp	dharma_swarm.graph_nexus
dharma_swarm.dharma_context_mcp	dharma_swarm.vector_store
dharma_swarm.dharma_corpus	dharma_swarm.models
dharma_swarm.dharma_kernel	dharma_swarm.models
dharma_swarm.dhyana	dharma_swarm.dhyana.drift_triage
dharma_swarm.dhyana.drift_triage	dharma_swarm.operator_core.control_surface
dharma_swarm.diff_applier	dharma_swarm.evolution_safety
dharma_swarm.diff_applier	dharma_swarm.runtime_state
dharma_swarm.diff_applier	dharma_swarm.sandbox
dharma_swarm.diff_applier	dharma_swarm.spine.identity
dharma_swarm.diff_applier	dharma_swarm.spine.tollbooth
dharma_swarm.diversity_archive	dharma_swarm.archive
dharma_swarm.docker_sandbox	dharma_swarm.models
dharma_swarm.docker_sandbox	dharma_swarm.sandbox
dharma_swarm.docker_sandbox	dharma_swarm.sandbox_monitor
dharma_swarm.doctor	dharma_swarm.api_keys
dharma_swarm.doctor	dharma_swarm.assurance.runner
dharma_swarm.doctor	dharma_swarm.assurance.scanner_test_gaps
dharma_swarm.doctor	dharma_swarm.claude_cli
dharma_swarm.doctor	dharma_swarm.cron_scheduler
dharma_swarm.doctor	dharma_swarm.providers
dharma_swarm.doctor	dharma_swarm.resilience
dharma_swarm.doctor	dharma_swarm.router_v1
dharma_swarm.doctor	dharma_swarm.runtime_artifacts
dharma_swarm.doctor	dharma_swarm.runtime_process_identity
dharma_swarm.dogma_gate	dharma_swarm.models
dharma_swarm.dse_integration	dharma_swarm.archive
dharma_swarm.dse_integration	dharma_swarm.bridge
dharma_swarm.dse_integration	dharma_swarm.coalgebra
dharma_swarm.dse_integration	dharma_swarm.evaluation_registry
dharma_swarm.dse_integration	dharma_swarm.evolution
dharma_swarm.dse_integration	dharma_swarm.integrations
dharma_swarm.dse_integration	dharma_swarm.memory_lattice
dharma_swarm.dse_integration	dharma_swarm.monad
dharma_swarm.dse_integration	dharma_swarm.ouroboros
dharma_swarm.dse_integration	dharma_swarm.runtime_state
dharma_swarm.dse_integration	dharma_swarm.rv
dharma_swarm.dse_integration	dharma_swarm.sheaf
dharma_swarm.dual_audit	dharma_swarm.codex_cli
dharma_swarm.ecc_eval_harness	dharma_swarm.active_inference
dharma_swarm.ecc_eval_harness	dharma_swarm.archive
dharma_swarm.ecc_eval_harness	dharma_swarm.benchmark_registry
dharma_swarm.ecc_eval_harness	dharma_swarm.claude_hooks
dharma_swarm.ecc_eval_harness	dharma_swarm.config
dharma_swarm.ecc_eval_harness	dharma_swarm.daemon_config
dharma_swarm.ecc_eval_harness	dharma_swarm.eval_trace
dharma_swarm.ecc_eval_harness	dharma_swarm.message_bus
dharma_swarm.ecc_eval_harness	dharma_swarm.models
dharma_swarm.ecc_eval_harness	dharma_swarm.monitor
dharma_swarm.ecc_eval_harness	dharma_swarm.signal_bus
dharma_swarm.ecc_eval_harness	dharma_swarm.stigmergy
dharma_swarm.ecc_eval_harness	dharma_swarm.task_board
dharma_swarm.ecc_eval_harness	dharma_swarm.traces
dharma_swarm.economic_agent	dharma_swarm.cascade
dharma_swarm.economic_agent	dharma_swarm.daemon_config
dharma_swarm.economic_agent	dharma_swarm.dharma_attractor
dharma_swarm.economic_agent	dharma_swarm.models
dharma_swarm.economic_agent	dharma_swarm.signal_bus
dharma_swarm.economic_agent	dharma_swarm.stigmergy
dharma_swarm.economic_agent	dharma_swarm.telos_gates
dharma_swarm.economic_engine	dharma_swarm.correlation_context
dharma_swarm.engine	dharma_swarm.engine.adapters.base
dharma_swarm.engine	dharma_swarm.engine.artifacts
dharma_swarm.engine	dharma_swarm.engine.chunker
dharma_swarm.engine	dharma_swarm.engine.conversation_memory
dharma_swarm.engine	dharma_swarm.engine.event_memory
dharma_swarm.engine	dharma_swarm.engine.events
dharma_swarm.engine	dharma_swarm.engine.hybrid_retriever
dharma_swarm.engine	dharma_swarm.engine.knowledge_store
dharma_swarm.engine	dharma_swarm.engine.provenance
dharma_swarm.engine	dharma_swarm.engine.provider_runner
dharma_swarm.engine	dharma_swarm.engine.retrieval_feedback
dharma_swarm.engine	dharma_swarm.engine.settings
dharma_swarm.engine	dharma_swarm.engine.unified_index
dharma_swarm.engine.adapters	dharma_swarm.engine.adapters.base
dharma_swarm.engine.adapters.base	dharma_swarm.engine.events
dharma_swarm.engine.conversation_memory	dharma_swarm.engine.event_memory
dharma_swarm.engine.conversation_memory	dharma_swarm.engine.knowledge_store
dharma_swarm.engine.conversation_memory	dharma_swarm.tiny_router_shadow
dharma_swarm.engine.event_memory	dharma_swarm.engine.knowledge_store
dharma_swarm.engine.event_memory	dharma_swarm.runtime_contract
dharma_swarm.engine.hybrid_retriever	dharma_swarm.engine.knowledge_store
dharma_swarm.engine.hybrid_retriever	dharma_swarm.engine.retrieval_feedback
dharma_swarm.engine.hybrid_retriever	dharma_swarm.engine.unified_index
dharma_swarm.engine.provenance	dharma_swarm.engine.events
dharma_swarm.engine.provider_runner	dharma_swarm.engine.adapters.base
dharma_swarm.engine.provider_runner	dharma_swarm.engine.events
dharma_swarm.engine.retrieval_feedback	dharma_swarm.engine.event_memory
dharma_swarm.engine.retrieval_feedback	dharma_swarm.engine.hybrid_retriever
dharma_swarm.engine.retrieval_feedback	dharma_swarm.engine.knowledge_store
dharma_swarm.engine.store_sync	dharma_swarm.daemon_config
dharma_swarm.engine.store_sync	dharma_swarm.ontology_runtime
dharma_swarm.engine.store_sync	dharma_swarm.runtime_state
dharma_swarm.engine.unified_index	dharma_swarm.engine.chunker
dharma_swarm.engine.unified_index	dharma_swarm.engine.event_memory
dharma_swarm.engine.unified_index	dharma_swarm.engine.knowledge_store
dharma_swarm.epistemic_telemetry	dharma_swarm.daemon_config
dharma_swarm.evaluation_registry	dharma_swarm.artifact_store
dharma_swarm.evaluation_registry	dharma_swarm.auto_grade.models
dharma_swarm.evaluation_registry	dharma_swarm.engine.provenance
dharma_swarm.evaluation_registry	dharma_swarm.event_log
dharma_swarm.evaluation_registry	dharma_swarm.memory_lattice
dharma_swarm.evaluation_registry	dharma_swarm.recursive_discovery
dharma_swarm.evaluation_registry	dharma_swarm.runtime_contract
dharma_swarm.evaluation_registry	dharma_swarm.runtime_state
dharma_swarm.evaluator	dharma_swarm.auto_grade.engine
dharma_swarm.evaluator	dharma_swarm.auto_grade.models
dharma_swarm.evaluator	dharma_swarm.auto_research.models
dharma_swarm.evaluator	dharma_swarm.epistemic_telemetry
dharma_swarm.evaluator	dharma_swarm.metrics
dharma_swarm.evaluator	dharma_swarm.models
dharma_swarm.event_log	dharma_swarm.continuity_harness
dharma_swarm.event_log	dharma_swarm.runtime_contract
dharma_swarm.evolution	dharma_swarm.archive
dharma_swarm.evolution	dharma_swarm.catalytic_graph
dharma_swarm.evolution	dharma_swarm.convergence
dharma_swarm.evolution	dharma_swarm.curriculum_engine
dharma_swarm.evolution	dharma_swarm.diff_applier
dharma_swarm.evolution	dharma_swarm.dse_integration
dharma_swarm.evolution	dharma_swarm.elegance
dharma_swarm.evolution	dharma_swarm.evolution_roster
dharma_swarm.evolution	dharma_swarm.execution_profile
dharma_swarm.evolution	dharma_swarm.experiment_log
dharma_swarm.evolution	dharma_swarm.experiment_memory
dharma_swarm.evolution	dharma_swarm.fitness_predictor
dharma_swarm.evolution	dharma_swarm.gaia_fitness
dharma_swarm.evolution	dharma_swarm.gaia_ledger
dharma_swarm.evolution	dharma_swarm.jikoku_fitness
dharma_swarm.evolution	dharma_swarm.jikoku_instrumentation
dharma_swarm.evolution	dharma_swarm.landscape
dharma_swarm.evolution	dharma_swarm.meta_evolution
dharma_swarm.evolution	dharma_swarm.metrics
dharma_swarm.evolution	dharma_swarm.model_hierarchy
dharma_swarm.evolution	dharma_swarm.models
dharma_swarm.evolution	dharma_swarm.optimizer_bridge
dharma_swarm.evolution	dharma_swarm.ouroboros
dharma_swarm.evolution	dharma_swarm.pending_proposals
dharma_swarm.evolution	dharma_swarm.promotion_gate
dharma_swarm.evolution	dharma_swarm.quality_gates
dharma_swarm.evolution	dharma_swarm.router_retrospective
dharma_swarm.evolution	dharma_swarm.sandbox
dharma_swarm.evolution	dharma_swarm.sealed_packet_apply
dharma_swarm.evolution	dharma_swarm.selector
dharma_swarm.evolution	dharma_swarm.telos_gates
dharma_swarm.evolution	dharma_swarm.traces
dharma_swarm.evolution	dharma_swarm.ucb_selector
dharma_swarm.evolution_roster	dharma_swarm.api_keys
dharma_swarm.evolution_roster	dharma_swarm.models
dharma_swarm.evolution_roster	dharma_swarm.ollama_config
dharma_swarm.evolution_safety	dharma_swarm.evolution_safety_runtime
dharma_swarm.evolution_safety_runtime	dharma_swarm.evolution_safety
dharma_swarm.experiment_log	dharma_swarm.archive
dharma_swarm.experiment_log	dharma_swarm.execution_profile
dharma_swarm.experiment_log	dharma_swarm.models
dharma_swarm.experiment_memory	dharma_swarm.execution_profile
dharma_swarm.experiment_memory	dharma_swarm.experiment_log
dharma_swarm.external_agent_registration	dharma_swarm
dharma_swarm.external_agent_registration	dharma_swarm.dgm_loop
dharma_swarm.external_agent_registration	dharma_swarm.model_pool
dharma_swarm.external_agent_registration	dharma_swarm.operator_core.identity_invariant
dharma_swarm.external_agent_registration	dharma_swarm.roaming_onboarding
dharma_swarm.field_graph	dharma_swarm.field_knowledge_base
dharma_swarm.field_graph	dharma_swarm.semantic_gravity
dharma_swarm.flywheel_exporter	dharma_swarm.artifact_manifest
dharma_swarm.flywheel_exporter	dharma_swarm.engine.artifacts
dharma_swarm.flywheel_exporter	dharma_swarm.event_log
dharma_swarm.flywheel_exporter	dharma_swarm.memory_lattice
dharma_swarm.flywheel_exporter	dharma_swarm.runtime_contract
dharma_swarm.flywheel_exporter	dharma_swarm.runtime_state
dharma_swarm.foreman	dharma_swarm.cron_scheduler
dharma_swarm.foreman	dharma_swarm.custodians
dharma_swarm.foreman	dharma_swarm.daemon_config
dharma_swarm.foreman	dharma_swarm.iteration_depth
dharma_swarm.foreman	dharma_swarm.xray
dharma_swarm.forge_lab.__main__	dharma_swarm.forge_lab.cli
dharma_swarm.forge_lab.candidate_store	dharma_swarm.archive
dharma_swarm.forge_lab.candidate_store	dharma_swarm.forge_lab.freeform_explore
dharma_swarm.forge_lab.cli	dharma_swarm.forge_lab.experiment
dharma_swarm.forge_lab.experiment	dharma_swarm.api_keys
dharma_swarm.forge_lab.experiment	dharma_swarm.evolution_safety
dharma_swarm.forge_lab.experiment	dharma_swarm.forge_lab
dharma_swarm.forge_lab.experiment	dharma_swarm.forge_lab.candidate_store
dharma_swarm.forge_lab.experiment	dharma_swarm.forge_lab.freeform_explore
dharma_swarm.forge_lab.experiment	dharma_swarm.forge_lab.genome_spec
dharma_swarm.forge_lab.experiment	dharma_swarm.forge_lab.grade_explore
dharma_swarm.forge_lab.experiment	dharma_swarm.forge_lab.ids
dharma_swarm.forge_lab.experiment	dharma_swarm.forge_lab.mutation
dharma_swarm.forge_lab.experiment	dharma_swarm.forge_lab.run_receipts
dharma_swarm.forge_lab.experiment	dharma_swarm.forge_lab.selection
dharma_swarm.forge_lab.experiment	dharma_swarm.forge_lab.worktree
dharma_swarm.forge_lab.experiment	dharma_swarm.forge_v1.forge_v2.runner
dharma_swarm.forge_lab.experiment	dharma_swarm.forge_v1.forge_v2.taskbed_ledger
dharma_swarm.forge_lab.experiment	dharma_swarm.forge_v1.providers
dharma_swarm.forge_lab.grade_explore	dharma_swarm.forge_v1.canonical
dharma_swarm.forge_lab.grade_explore	dharma_swarm.forge_v1.forge_v2
dharma_swarm.forge_lab.grade_explore	dharma_swarm.forge_v1.forge_v2.arms
dharma_swarm.forge_lab.grade_explore	dharma_swarm.forge_v1.forge_v2.budget
dharma_swarm.forge_lab.grade_explore	dharma_swarm.forge_v1.forge_v2.runner
dharma_swarm.forge_lab.grade_explore	dharma_swarm.forge_v1.forge_v2.runner_slots
dharma_swarm.forge_lab.worktree	dharma_swarm.evolution_safety
dharma_swarm.forge_prod_contracts	dharma_swarm.forge_prod_contracts.scoreboard
dharma_swarm.forge_prod_contracts	dharma_swarm.forge_prod_contracts.taskbed
dharma_swarm.forge_prod_contracts.cli	dharma_swarm.forge_prod_contracts.receipts
dharma_swarm.forge_prod_contracts.cli	dharma_swarm.forge_prod_contracts.scoreboard
dharma_swarm.forge_prod_contracts.cli	dharma_swarm.forge_prod_contracts.taskbed
dharma_swarm.forge_prod_contracts.receipts	dharma_swarm.forge_prod_contracts.scoreboard
dharma_swarm.forge_prod_contracts.receipts	dharma_swarm.forge_prod_contracts.taskbed
dharma_swarm.forge_prod_contracts.scoreboard	dharma_swarm.forge_prod_contracts.taskbed
dharma_swarm.forge_v1	dharma_swarm.forge_v1.harness
dharma_swarm.forge_v1	dharma_swarm.forge_v1.models
dharma_swarm.forge_v1.autoloop	dharma_swarm.api_keys
dharma_swarm.forge_v1.autoloop	dharma_swarm.daemon_config
dharma_swarm.forge_v1.autoloop	dharma_swarm.forge_v1.autoloop_context
dharma_swarm.forge_v1.autoloop	dharma_swarm.forge_v1.autoloop_matrix
dharma_swarm.forge_v1.autoloop	dharma_swarm.forge_v1.harness
dharma_swarm.forge_v1.autoloop	dharma_swarm.forge_v1.run_real
dharma_swarm.forge_v1.autoloop	dharma_swarm.forge_v1.swebench_real
dharma_swarm.forge_v1.autoloop	dharma_swarm.model_defaults
dharma_swarm.forge_v1.autoloop	dharma_swarm.model_pool
dharma_swarm.forge_v1.autoloop	dharma_swarm.models
dharma_swarm.forge_v1.autoloop_context	dharma_swarm.forge_v1.run_real_patch
dharma_swarm.forge_v1.autoloop_context	dharma_swarm.forge_v1.swebench_real
dharma_swarm.forge_v1.autoloop_matrix	dharma_swarm.forge_v1.autoloop
dharma_swarm.forge_v1.canonical	dharma_swarm.api_keys
dharma_swarm.forge_v1.canonical	dharma_swarm.daemon_config
dharma_swarm.forge_v1.canonical	dharma_swarm.evolution_roster
dharma_swarm.forge_v1.canonical	dharma_swarm.forge_v1.autoloop
dharma_swarm.forge_v1.canonical	dharma_swarm.forge_v1.canonical_report
dharma_swarm.forge_v1.canonical	dharma_swarm.forge_v1.harness
dharma_swarm.forge_v1.canonical	dharma_swarm.forge_v1.providers
dharma_swarm.forge_v1.canonical	dharma_swarm.forge_v1.run_real
dharma_swarm.forge_v1.canonical	dharma_swarm.model_pool
dharma_swarm.forge_v1.canonical	dharma_swarm.models
dharma_swarm.forge_v1.canonical	dharma_swarm.runtime_provider
dharma_swarm.forge_v1.coding_swarm	dharma_swarm.forge_v1.providers
dharma_swarm.forge_v1.coding_swarm_demo	dharma_swarm.forge_v1.coding_swarm
dharma_swarm.forge_v1.coding_swarm_demo	dharma_swarm.model_pool
dharma_swarm.forge_v1.demo	dharma_swarm.forge_v1.fixtures
dharma_swarm.forge_v1.demo	dharma_swarm.forge_v1.harness
dharma_swarm.forge_v1.demo	dharma_swarm.forge_v1.models
dharma_swarm.forge_v1.demo_full	dharma_swarm.forge_v1.evolution
dharma_swarm.forge_v1.demo_full	dharma_swarm.forge_v1.harness
dharma_swarm.forge_v1.demo_full	dharma_swarm.forge_v1.swarm
dharma_swarm.forge_v1.demo_full	dharma_swarm.forge_v1.swebench
dharma_swarm.forge_v1.demo_full	dharma_swarm.forge_v1.tracking
dharma_swarm.forge_v1.evolution	dharma_swarm.forge_v1.harness
dharma_swarm.forge_v1.evolution	dharma_swarm.forge_v1.swarm
dharma_swarm.forge_v1.fixtures	dharma_swarm.forge_v1.harness
dharma_swarm.forge_v1.forge_v2.arms	dharma_swarm.forge_v1.canonical
dharma_swarm.forge_v1.forge_v2.arms	dharma_swarm.forge_v1.forge_v2.budget
dharma_swarm.forge_v1.forge_v2.critic	dharma_swarm.forge_v1.canonical
dharma_swarm.forge_v1.forge_v2.fresh_task_oracle	dharma_swarm.forge_v1.forge_v2
dharma_swarm.forge_v1.forge_v2.fresh_task_oracle	dharma_swarm.forge_v1.forge_v2.signals
dharma_swarm.forge_v1.forge_v2.fresh_task_oracle	dharma_swarm.forge_v1.forge_v2.taskbed_ledger
dharma_swarm.forge_v1.forge_v2.pr_suite_context	dharma_swarm.forge_v1.forge_v2
dharma_swarm.forge_v1.forge_v2.pr_suite_context	dharma_swarm.forge_v1.forge_v2.pr_suite_grader
dharma_swarm.forge_v1.forge_v2.pr_suite_context	dharma_swarm.forge_v1.forge_v2.taskbed_ledger
dharma_swarm.forge_v1.forge_v2.pr_suite_grader	dharma_swarm.daemon_config
dharma_swarm.forge_v1.forge_v2.pr_suite_grader	dharma_swarm.forge_v1.forge_v2.pr_suite_context
dharma_swarm.forge_v1.forge_v2.pr_suite_grader	dharma_swarm.forge_v1.forge_v2.signals
dharma_swarm.forge_v1.forge_v2.pr_suite_harvest_loop	dharma_swarm.daemon_config
dharma_swarm.forge_v1.forge_v2.pr_suite_harvest_loop	dharma_swarm.forge_v1.forge_v2
dharma_swarm.forge_v1.forge_v2.pr_suite_harvest_loop	dharma_swarm.forge_v1.forge_v2.pr_suite_harvest_loop_cli
dharma_swarm.forge_v1.forge_v2.pr_suite_harvest_loop	dharma_swarm.forge_v1.forge_v2.signals
dharma_swarm.forge_v1.forge_v2.pr_suite_harvest_loop	dharma_swarm.forge_v1.forge_v2.taskbed_ledger
dharma_swarm.forge_v1.forge_v2.pr_suite_harvest_loop_cli	dharma_swarm.forge_v1.forge_v2
dharma_swarm.forge_v1.forge_v2.pr_suite_harvest_loop_cli	dharma_swarm.forge_v1.forge_v2.pr_suite_harvest_loop
dharma_swarm.forge_v1.forge_v2.pr_suite_harvest_loop_cli	dharma_swarm.forge_v1.forge_v2.taskbed_ledger
dharma_swarm.forge_v1.forge_v2.pr_suite_harvester	dharma_swarm.forge_v1.forge_v2.fresh_task_oracle
dharma_swarm.forge_v1.forge_v2.pr_suite_validator	dharma_swarm.forge_v1.forge_v2.fresh_task_oracle
dharma_swarm.forge_v1.forge_v2.pr_suite_validator	dharma_swarm.forge_v1.forge_v2.pr_suite_validator_runtime
dharma_swarm.forge_v1.forge_v2.pr_suite_validator	dharma_swarm.forge_v1.forge_v2.signals
dharma_swarm.forge_v1.forge_v2.pr_suite_validator_runtime	dharma_swarm.daemon_config
dharma_swarm.forge_v1.forge_v2.promote	dharma_swarm.forge_v1.forge_v2.signals
dharma_swarm.forge_v1.forge_v2.promote	dharma_swarm.forge_v1.forge_v2.stats
dharma_swarm.forge_v1.forge_v2.runner	dharma_swarm.api_keys
dharma_swarm.forge_v1.forge_v2.runner	dharma_swarm.daemon_config
dharma_swarm.forge_v1.forge_v2.runner	dharma_swarm.forge_v1.autoloop
dharma_swarm.forge_v1.forge_v2.runner	dharma_swarm.forge_v1.forge_v2.arms
dharma_swarm.forge_v1.forge_v2.runner	dharma_swarm.forge_v1.forge_v2.budget
dharma_swarm.forge_v1.forge_v2.runner	dharma_swarm.forge_v1.forge_v2.critic
dharma_swarm.forge_v1.forge_v2.runner	dharma_swarm.forge_v1.forge_v2.pr_suite_grader
dharma_swarm.forge_v1.forge_v2.runner	dharma_swarm.forge_v1.forge_v2.provenance
dharma_swarm.forge_v1.forge_v2.runner	dharma_swarm.forge_v1.forge_v2.receipts
dharma_swarm.forge_v1.forge_v2.runner	dharma_swarm.forge_v1.forge_v2.runner_slots
dharma_swarm.forge_v1.forge_v2.runner	dharma_swarm.forge_v1.forge_v2.stats
dharma_swarm.forge_v1.forge_v2.runner_slots	dharma_swarm.forge_v1.canonical
dharma_swarm.forge_v1.forge_v2.runner_slots	dharma_swarm.forge_v1.forge_v2.critic
dharma_swarm.forge_v1.forge_v2.runner_slots	dharma_swarm.model_hierarchy
dharma_swarm.forge_v1.forge_v2.runner_slots	dharma_swarm.model_pool
dharma_swarm.forge_v1.forge_v2.runner_slots	dharma_swarm.models
dharma_swarm.forge_v1.forge_v2.taskbed_allocation	dharma_swarm.forge_v1.forge_v2.taskbed_store
dharma_swarm.forge_v1.forge_v2.taskbed_ledger	dharma_swarm.forge_v1.forge_v2.taskbed_allocation
dharma_swarm.forge_v1.forge_v2.taskbed_ledger	dharma_swarm.forge_v1.forge_v2.taskbed_quality
dharma_swarm.forge_v1.forge_v2.taskbed_ledger	dharma_swarm.forge_v1.forge_v2.taskbed_store
dharma_swarm.forge_v1.forge_v2.taskbed_quality	dharma_swarm.forge_v1.forge_v2.taskbed_store
dharma_swarm.forge_v1.forge_v2.taskbed_store	dharma_swarm.daemon_config
dharma_swarm.forge_v1.forge_v2.verify_promotion	dharma_swarm.forge_v1.forge_v2
dharma_swarm.forge_v1.forge_v2.verify_promotion	dharma_swarm.forge_v1.forge_v2.promote
dharma_swarm.forge_v1.forge_v2.verify_promotion	dharma_swarm.forge_v1.forge_v2.signals
dharma_swarm.forge_v1.forge_v2.verify_promotion	dharma_swarm.models
dharma_swarm.forge_v1.forge_v2.verify_promotion	dharma_swarm.operator_core.governed_work_admission
dharma_swarm.forge_v1.forge_v2.verify_promotion	dharma_swarm.telos_formal
dharma_swarm.forge_v1.models	dharma_swarm.forge_v1.harness
dharma_swarm.forge_v1.providers	dharma_swarm.api_keys
dharma_swarm.forge_v1.providers	dharma_swarm.forge_v1.harness
dharma_swarm.forge_v1.providers	dharma_swarm.model_pool
dharma_swarm.forge_v1.providers	dharma_swarm.models
dharma_swarm.forge_v1.providers	dharma_swarm.runtime_provider
dharma_swarm.forge_v1.run_real	dharma_swarm.daemon_config
dharma_swarm.forge_v1.run_real	dharma_swarm.forge_v1.harness
dharma_swarm.forge_v1.run_real	dharma_swarm.forge_v1.providers
dharma_swarm.forge_v1.run_real	dharma_swarm.forge_v1.run_real_arms
dharma_swarm.forge_v1.run_real	dharma_swarm.forge_v1.run_real_patch
dharma_swarm.forge_v1.run_real	dharma_swarm.forge_v1.run_real_proposer
dharma_swarm.forge_v1.run_real	dharma_swarm.forge_v1.swebench_real
dharma_swarm.forge_v1.run_real	dharma_swarm.model_defaults
dharma_swarm.forge_v1.run_real	dharma_swarm.models
dharma_swarm.forge_v1.run_real_arms	dharma_swarm.forge_v1.harness
dharma_swarm.forge_v1.run_real_arms	dharma_swarm.forge_v1.run_real_proposer
dharma_swarm.forge_v1.run_real_arms	dharma_swarm.forge_v1.swebench_real
dharma_swarm.forge_v1.run_real_patch	dharma_swarm.forge_v1.swebench_real
dharma_swarm.forge_v1.run_real_proposer	dharma_swarm.forge_v1.providers
dharma_swarm.forge_v1.run_real_proposer	dharma_swarm.forge_v1.run_real_patch
dharma_swarm.forge_v1.run_real_proposer	dharma_swarm.models
dharma_swarm.forge_v1.smoke_live	dharma_swarm.forge_v1.fixtures
dharma_swarm.forge_v1.smoke_live	dharma_swarm.forge_v1.harness
dharma_swarm.forge_v1.smoke_live	dharma_swarm.forge_v1.providers
dharma_swarm.forge_v1.smoke_swebench	dharma_swarm.forge_v1.swebench_real
dharma_swarm.forge_v1.swarm	dharma_swarm.forge_v1.harness
dharma_swarm.forge_v1.swebench	dharma_swarm.forge_v1.harness
dharma_swarm.forge_v1.swebench_real	dharma_swarm.daemon_config
dharma_swarm.forge_v1.tracking	dharma_swarm.forge_v1.harness
dharma_swarm.forge_v1.tracking	dharma_swarm.forge_v1.swarm
dharma_swarm.fourfold_action_warrant	dharma_swarm.models
dharma_swarm.fractal	dharma_swarm.fractal.fractal_room
dharma_swarm.fractal	dharma_swarm.fractal.kaizen_review
dharma_swarm.fractal	dharma_swarm.fractal.room_bridge
dharma_swarm.fractal	dharma_swarm.fractal.room_brief
dharma_swarm.fractal	dharma_swarm.fractal.room_configs
dharma_swarm.fractal.room_bridge	dharma_swarm.correlation_context
dharma_swarm.fractal.room_bridge	dharma_swarm.cost_tracker
dharma_swarm.fractal.room_bridge	dharma_swarm.economic_engine
dharma_swarm.fractal.room_bridge	dharma_swarm.fractal.fractal_room
dharma_swarm.fractal.room_bridge	dharma_swarm.ontology
dharma_swarm.fractal.room_brief	dharma_swarm.fractal.fractal_room
dharma_swarm.fractal.room_configs	dharma_swarm.fractal.fractal_room
dharma_swarm.fractal.room_health	dharma_swarm.fractal.fractal_room
dharma_swarm.fractal.room_health	dharma_swarm.guardian_crew
dharma_swarm.free_fleet	dharma_swarm.model_pool
dharma_swarm.free_fleet	dharma_swarm.models
dharma_swarm.fs_substrate	dharma_swarm.fs_substrate.stage_contracts
dharma_swarm.fs_substrate.semantic_fs	dharma_swarm.memory_kernel.atoms
dharma_swarm.fs_substrate.stage_contracts	dharma_swarm.models
dharma_swarm.fs_substrate.stage_executor	dharma_swarm.fs_substrate.stage_contracts
dharma_swarm.fs_substrate.stage_executor	dharma_swarm.handoff
dharma_swarm.fs_substrate.stage_executor	dharma_swarm.skills
dharma_swarm.fs_substrate.stage_executor	dharma_swarm.spine.invoke
dharma_swarm.fs_substrate.stage_executor	dharma_swarm.spine.receipt
dharma_swarm.fs_substrate.stage_executor	dharma_swarm.spine.routing
dharma_swarm.full_power_probe	dharma_swarm.daemon_config
dharma_swarm.gaia_fitness	dharma_swarm.archive
dharma_swarm.gaia_fitness	dharma_swarm.gaia_ledger
dharma_swarm.gaia_fitness	dharma_swarm.monad
dharma_swarm.gaia_fitness	dharma_swarm.rv
dharma_swarm.gaia_fitness	dharma_swarm.telos_gates
dharma_swarm.gaia_platform	dharma_swarm.gaia_fitness
dharma_swarm.gaia_platform	dharma_swarm.gaia_ledger
dharma_swarm.gaia_platform	dharma_swarm.gaia_verification
dharma_swarm.gaia_verification	dharma_swarm.cohomology_cechcohomology_to_sheaf_coord
dharma_swarm.gaia_verification	dharma_swarm.gaia_ledger
dharma_swarm.gaia_verification	dharma_swarm.sheaf
dharma_swarm.gateway	dharma_swarm.gateway.base
dharma_swarm.gateway	dharma_swarm.gateway.runner
dharma_swarm.gateway.runner	dharma_swarm.cron_runner
dharma_swarm.gateway.runner	dharma_swarm.cron_scheduler
dharma_swarm.gateway.runner	dharma_swarm.daemon_config
dharma_swarm.gateway.runner	dharma_swarm.gateway.base
dharma_swarm.gateway.runner	dharma_swarm.gateway.telegram
dharma_swarm.gateway.telegram	dharma_swarm.gateway.base
dharma_swarm.genome_inheritance	dharma_swarm.agent_constitution
dharma_swarm.genome_inheritance	dharma_swarm.agent_memory
dharma_swarm.genome_inheritance	dharma_swarm.daemon_config
dharma_swarm.genome_inheritance	dharma_swarm.dharma_kernel
dharma_swarm.genome_inheritance	dharma_swarm.models
dharma_swarm.ginko_agents	dharma_swarm
dharma_swarm.ginko_agents	dharma_swarm.api_keys
dharma_swarm.ginko_agents	dharma_swarm.daemon_config
dharma_swarm.ginko_agents	dharma_swarm.model_pool
dharma_swarm.ginko_attribution	dharma_swarm.daemon_config
dharma_swarm.ginko_audit	dharma_swarm.daemon_config
dharma_swarm.ginko_backtest	dharma_swarm.ginko_paper_trade
dharma_swarm.ginko_backtest	dharma_swarm.ginko_regime
dharma_swarm.ginko_backtest	dharma_swarm.ginko_signals
dharma_swarm.ginko_brier	dharma_swarm.daemon_config
dharma_swarm.ginko_brier	dharma_swarm.ginko_data
dharma_swarm.ginko_cron_loop	dharma_swarm.ginko_orchestrator
dharma_swarm.ginko_data	dharma_swarm.api_keys
dharma_swarm.ginko_data	dharma_swarm.daemon_config
dharma_swarm.ginko_evolution	dharma_swarm
dharma_swarm.ginko_evolution	dharma_swarm.model_pool
dharma_swarm.ginko_evolution	dharma_swarm.runtime_provider
dharma_swarm.ginko_live_test	dharma_swarm.ginko_brier
dharma_swarm.ginko_live_test	dharma_swarm.ginko_data
dharma_swarm.ginko_live_test	dharma_swarm.ginko_regime
dharma_swarm.ginko_live_test	dharma_swarm.ginko_report_gen
dharma_swarm.ginko_live_test	dharma_swarm.ginko_signals
dharma_swarm.ginko_orchestrator	dharma_swarm.cron_scheduler
dharma_swarm.ginko_orchestrator	dharma_swarm.daemon_config
dharma_swarm.ginko_orchestrator	dharma_swarm.ginko_agents
dharma_swarm.ginko_orchestrator	dharma_swarm.ginko_brier
dharma_swarm.ginko_orchestrator	dharma_swarm.ginko_data
dharma_swarm.ginko_orchestrator	dharma_swarm.ginko_paper_trade
dharma_swarm.ginko_orchestrator	dharma_swarm.ginko_regime
dharma_swarm.ginko_orchestrator	dharma_swarm.ginko_sec
dharma_swarm.ginko_orchestrator	dharma_swarm.ginko_signals
dharma_swarm.ginko_orchestrator	dharma_swarm.transcendence_aggregation
dharma_swarm.ginko_paper_trade	dharma_swarm.daemon_config
dharma_swarm.ginko_regime	dharma_swarm.daemon_config
dharma_swarm.ginko_report_gen	dharma_swarm.daemon_config
dharma_swarm.ginko_report_gen	dharma_swarm.ginko_brier
dharma_swarm.ginko_report_gen	dharma_swarm.ginko_data
dharma_swarm.ginko_report_gen	dharma_swarm.ginko_paper_trade
dharma_swarm.ginko_report_gen	dharma_swarm.ginko_regime
dharma_swarm.ginko_report_gen	dharma_swarm.ginko_signals
dharma_swarm.ginko_sec	dharma_swarm.daemon_config
dharma_swarm.ginko_sentiment	dharma_swarm.daemon_config
dharma_swarm.ginko_signals	dharma_swarm.daemon_config
dharma_swarm.gnani_lodestone	dharma_swarm.daemon_config
dharma_swarm.gnani_lodestone	dharma_swarm.graph_nexus
dharma_swarm.gnani_lodestone	dharma_swarm.stigmergy
dharma_swarm.gnani_lodestone	dharma_swarm.task_board
dharma_swarm.gnani_lodestone	dharma_swarm.telos_graph
dharma_swarm.graph	dharma_swarm.graph.channels
dharma_swarm.graph	dharma_swarm.graph.checkpoint
dharma_swarm.graph	dharma_swarm.graph.compiler
dharma_swarm.graph	dharma_swarm.graph.durable_invoker
dharma_swarm.graph	dharma_swarm.graph.effects
dharma_swarm.graph	dharma_swarm.graph.interrupts
dharma_swarm.graph	dharma_swarm.graph.persistence
dharma_swarm.graph	dharma_swarm.graph.receipt_chain
dharma_swarm.graph	dharma_swarm.graph.routing
dharma_swarm.graph	dharma_swarm.graph.scheduler
dharma_swarm.graph	dharma_swarm.graph.schema
dharma_swarm.graph	dharma_swarm.graph.subgraph
dharma_swarm.graph	dharma_swarm.graph.telos_bridge
dharma_swarm.graph	dharma_swarm.graph.types
dharma_swarm.graph._persistence_state	dharma_swarm.graph.channels
dharma_swarm.graph._persistence_state	dharma_swarm.graph.state
dharma_swarm.graph._persistence_state	dharma_swarm.graph.types
dharma_swarm.graph.checkpoint	dharma_swarm.runtime_state
dharma_swarm.graph.checkpoint	dharma_swarm.spine.identity
dharma_swarm.graph.compiler	dharma_swarm.graph.channels
dharma_swarm.graph.compiler	dharma_swarm.graph.routing
dharma_swarm.graph.compiler	dharma_swarm.graph.scheduler
dharma_swarm.graph.compiler	dharma_swarm.graph.types
dharma_swarm.graph.durable_invoker	dharma_swarm.graph.effects
dharma_swarm.graph.durable_invoker	dharma_swarm.graph.receipt_chain
dharma_swarm.graph.durable_invoker	dharma_swarm.spine.identity
dharma_swarm.graph.durable_invoker	dharma_swarm.spine.invoke
dharma_swarm.graph.durable_invoker	dharma_swarm.spine.persistence
dharma_swarm.graph.durable_invoker	dharma_swarm.spine.receipt
dharma_swarm.graph.durable_invoker	dharma_swarm.spine.routing
dharma_swarm.graph.executor	dharma_swarm.graph.channels
dharma_swarm.graph.executor	dharma_swarm.graph.effects
dharma_swarm.graph.executor	dharma_swarm.graph.errors
dharma_swarm.graph.executor	dharma_swarm.graph.interrupts
dharma_swarm.graph.executor	dharma_swarm.graph.routing
dharma_swarm.graph.executor	dharma_swarm.graph.scheduler
dharma_swarm.graph.executor	dharma_swarm.graph.state
dharma_swarm.graph.executor	dharma_swarm.graph.types
dharma_swarm.graph.interrupts	dharma_swarm.graph.errors
dharma_swarm.graph.persistence	dharma_swarm.graph._persistence_io
dharma_swarm.graph.persistence	dharma_swarm.graph._persistence_lock
dharma_swarm.graph.persistence	dharma_swarm.graph._persistence_state
dharma_swarm.graph.persistence	dharma_swarm.graph.channels
dharma_swarm.graph.persistence	dharma_swarm.graph.checkpoint
dharma_swarm.graph.persistence	dharma_swarm.graph.persistence_adapter
dharma_swarm.graph.persistence	dharma_swarm.graph.types
dharma_swarm.graph.persistence_adapter	dharma_swarm.graph.state
dharma_swarm.graph.persistence_adapter	dharma_swarm.graph.types
dharma_swarm.graph.persistence_runtime	dharma_swarm.graph.channels
dharma_swarm.graph.persistence_runtime	dharma_swarm.graph.errors
dharma_swarm.graph.persistence_runtime	dharma_swarm.graph.interrupts
dharma_swarm.graph.persistence_runtime	dharma_swarm.graph.persistence
dharma_swarm.graph.persistence_runtime	dharma_swarm.graph.state
dharma_swarm.graph.persistence_runtime	dharma_swarm.graph.types
dharma_swarm.graph.receipt_chain	dharma_swarm.spine.receipt
dharma_swarm.graph.reconcile_board	dharma_swarm.runtime_state
dharma_swarm.graph.reconciler	dharma_swarm.graph.receipt_authority
dharma_swarm.graph.reconciler	dharma_swarm.graph.reconcile_board
dharma_swarm.graph.reconciler	dharma_swarm.loop_closure_quarantine
dharma_swarm.graph.reconciler	dharma_swarm.runtime_state
dharma_swarm.graph.routing	dharma_swarm.graph.channels
dharma_swarm.graph.routing	dharma_swarm.graph.errors
dharma_swarm.graph.routing	dharma_swarm.graph.types
dharma_swarm.graph.scheduler	dharma_swarm.graph.channels
dharma_swarm.graph.scheduler	dharma_swarm.graph.effects
dharma_swarm.graph.scheduler	dharma_swarm.graph.errors
dharma_swarm.graph.scheduler	dharma_swarm.graph.executor
dharma_swarm.graph.scheduler	dharma_swarm.graph.interrupts
dharma_swarm.graph.scheduler	dharma_swarm.graph.persistence
dharma_swarm.graph.scheduler	dharma_swarm.graph.persistence_runtime
dharma_swarm.graph.scheduler	dharma_swarm.graph.routing
dharma_swarm.graph.scheduler	dharma_swarm.graph.state
dharma_swarm.graph.scheduler	dharma_swarm.graph.types
dharma_swarm.graph.schema	dharma_swarm.graph.channels
dharma_swarm.graph.schema	dharma_swarm.graph.compiler
dharma_swarm.graph.schema	dharma_swarm.graph.scheduler
dharma_swarm.graph.schema	dharma_swarm.graph.state
dharma_swarm.graph.schema	dharma_swarm.graph.types
dharma_swarm.graph.state	dharma_swarm.graph.channels
dharma_swarm.graph.state	dharma_swarm.graph.routing
dharma_swarm.graph.state	dharma_swarm.graph.types
dharma_swarm.graph.subgraph	dharma_swarm.graph.effects
dharma_swarm.graph.subgraph	dharma_swarm.graph.routing
dharma_swarm.graph.subgraph	dharma_swarm.graph.scheduler
dharma_swarm.graph.telos_bridge	dharma_swarm.merkle_log
dharma_swarm.graph.telos_bridge	dharma_swarm.spine.receipt
dharma_swarm.graph_nexus	dharma_swarm.bridge_registry
dharma_swarm.graph_nexus	dharma_swarm.catalytic_graph
dharma_swarm.graph_nexus	dharma_swarm.daemon_config
dharma_swarm.graph_nexus	dharma_swarm.lineage
dharma_swarm.graph_nexus	dharma_swarm.models
dharma_swarm.graph_nexus	dharma_swarm.semantic_gravity
dharma_swarm.graph_nexus	dharma_swarm.telos_graph
dharma_swarm.graph_nexus	dharma_swarm.temporal_graph
dharma_swarm.graph_store	dharma_swarm.knowledge_units
dharma_swarm.guardian_crew	dharma_swarm.consistency_guard
dharma_swarm.guardian_crew	dharma_swarm.daemon_config
dharma_swarm.guardian_crew	dharma_swarm.fractal.room_health
dharma_swarm.guardian_crew	dharma_swarm.guardian_runtime_checks
dharma_swarm.guardian_crew	dharma_swarm.operator_brief.watchdog
dharma_swarm.guardian_crew	dharma_swarm.world_actions
dharma_swarm.guardian_runtime_checks	dharma_swarm.injection_scanner
dharma_swarm.guardrails	dharma_swarm.metrics
dharma_swarm.guardrails	dharma_swarm.models
dharma_swarm.guardrails	dharma_swarm.telos_gates
dharma_swarm.handoff	dharma_swarm.correlation_context
dharma_swarm.harness_audit	dharma_swarm.daemon_config
dharma_swarm.harness_audit	dharma_swarm.dharma_kernel
dharma_swarm.harness_audit	dharma_swarm.ecc_eval_harness
dharma_swarm.harness_audit	dharma_swarm.telos_gates
dharma_swarm.holon_bridge	dharma_swarm.models
dharma_swarm.holon_bridge	dharma_swarm.runtime_provider
dharma_swarm.holon_compass	dharma_swarm.thinkodynamic_scorer
dharma_swarm.holon_health	dharma_swarm
dharma_swarm.holon_health	dharma_swarm.holon_bridge
dharma_swarm.holon_health	dharma_swarm.holon_killswitch
dharma_swarm.holon_runtime	dharma_swarm
dharma_swarm.holon_runtime	dharma_swarm.holon_bridge
dharma_swarm.holon_runtime	dharma_swarm.holon_budget_guard
dharma_swarm.holon_runtime	dharma_swarm.holon_compass
dharma_swarm.holon_runtime	dharma_swarm.holon_killswitch
dharma_swarm.holon_runtime	dharma_swarm.holon_persistence
dharma_swarm.holon_runtime	dharma_swarm.memory_kernel.context_admission
dharma_swarm.holon_runtime	dharma_swarm.operator_core.reversibility_gate
dharma_swarm.holon_system.api	dharma_swarm.holon_system.api.routes
dharma_swarm.holon_system.authority	dharma_swarm.holon_system.authority.reversibility_gate
dharma_swarm.holon_system.authority.execution_lease	dharma_swarm.operator_core.execution_lease
dharma_swarm.holon_system.authority.permissions	dharma_swarm.operator_core.permissions
dharma_swarm.holon_system.authority.reversibility_gate	dharma_swarm.operator_core.reversibility_gate
dharma_swarm.holon_system.cli	dharma_swarm.holon_system.cli.commands
dharma_swarm.holon_system.gateway	dharma_swarm.holon_system.gateway.base
dharma_swarm.holon_system.gateway.operator_brief	dharma_swarm.holon_system.sarathi.brief
dharma_swarm.holon_system.identity	dharma_swarm.holon_system.identity.registry
dharma_swarm.holon_system.identity.cards	dharma_swarm.a2a.agent_card
dharma_swarm.holon_system.identity.registry	dharma_swarm.agent_registry
dharma_swarm.holon_system.kernel	dharma_swarm.holon_system.kernel.living_kernel
dharma_swarm.holon_system.kernel.living_kernel	dharma_swarm.operator_core.living_agent_kernel
dharma_swarm.holon_system.observability	dharma_swarm.holon_system.observability.proof_gates
dharma_swarm.holon_system.observability.scoreboard	dharma_swarm.holon_system.sarathi.scoreboard
dharma_swarm.holon_system.orchestration	dharma_swarm.holon_system.orchestration.fanout
dharma_swarm.holon_system.orchestration.agent_pool	dharma_swarm.agent_runner
dharma_swarm.holon_system.orchestration.fanout	dharma_swarm.orchestrator
dharma_swarm.holon_system.orchestration.intent	dharma_swarm.intent_router
dharma_swarm.holon_system.responders.wake_profiles	scripts.runtime.codex_composer_wake_loop
dharma_swarm.holon_system.runtime	dharma_swarm.holon_system.runtime.bridge
dharma_swarm.holon_system.runtime	dharma_swarm.holon_system.runtime.wake_cycle
dharma_swarm.holon_system.runtime.bridge	dharma_swarm.holon_bridge
dharma_swarm.holon_system.runtime.health	dharma_swarm.holon_health
dharma_swarm.holon_system.runtime.persistence	dharma_swarm.holon_persistence
dharma_swarm.holon_system.runtime.wake_cycle	dharma_swarm.holon_runtime
dharma_swarm.holon_system.sarathi	dharma_swarm.holon_system.sarathi.brief
dharma_swarm.holon_system.sarathi	dharma_swarm.holon_system.sarathi.delegate
dharma_swarm.holon_system.sarathi	dharma_swarm.holon_system.sarathi.gateway
dharma_swarm.holon_system.sarathi	dharma_swarm.holon_system.sarathi.plan
dharma_swarm.holon_system.sarathi	dharma_swarm.holon_system.sarathi.proof
dharma_swarm.holon_system.sarathi	dharma_swarm.holon_system.sarathi.pulse
dharma_swarm.holon_system.sarathi	dharma_swarm.holon_system.sarathi.roster
dharma_swarm.holon_system.sarathi	dharma_swarm.holon_system.sarathi.scoreboard
dharma_swarm.holon_system.sarathi	dharma_swarm.holon_system.sarathi.wake
dharma_swarm.holon_system.sarathi.brief	dharma_swarm.holon_system.sarathi.pulse
dharma_swarm.holon_system.sarathi.delegate	dharma_swarm.holon_system.sarathi.plan
dharma_swarm.holon_system.sarathi.delegate	dharma_swarm.operator_core.autonomy_dial
dharma_swarm.holon_system.sarathi.delegate	dharma_swarm.operator_core.reversibility_gate
dharma_swarm.holon_system.sarathi.delegate	dharma_swarm.spine.invoke
dharma_swarm.holon_system.sarathi.delegate	dharma_swarm.spine.routing
dharma_swarm.holon_system.sarathi.gateway	dharma_swarm.holon_system.sarathi.brief
dharma_swarm.holon_system.sarathi.gateway	dharma_swarm.holon_system.sarathi.pulse
dharma_swarm.holon_system.sarathi.gateway	dharma_swarm.holon_system.sarathi.roster
dharma_swarm.holon_system.sarathi.gateway	dharma_swarm.holon_system.sarathi.scoreboard
dharma_swarm.holon_system.sarathi.memory	dharma_swarm.memory_kernel.default_context
dharma_swarm.holon_system.sarathi.pulse	dharma_swarm.holon_health
dharma_swarm.holon_system.sarathi.pulse	dharma_swarm.holon_system.sarathi.roster
dharma_swarm.holon_system.sarathi.wake	dharma_swarm.holon_system.sarathi.brief
dharma_swarm.holon_system.sarathi.wake	dharma_swarm.holon_system.sarathi.delegate
dharma_swarm.holon_system.sarathi.wake	dharma_swarm.holon_system.sarathi.plan
dharma_swarm.holon_system.sarathi.wake	dharma_swarm.holon_system.sarathi.pulse
dharma_swarm.holon_system.sarathi.wake	dharma_swarm.operator_core.autonomy_dial
dharma_swarm.holon_system.transport.a2a_send	scripts.runtime.a2a_send
dharma_swarm.holon_system.transport.domain_reply	scripts.runtime.a2a_domain_reply_worker
dharma_swarm.holon_system.transport.inbox_bridge	scripts.runtime.a2a_inbox_bridge
dharma_swarm.holon_system.transport.reply_capture	scripts.runtime.a2a_reply_capture
dharma_swarm.hypnagogic	dharma_swarm.model_hierarchy
dharma_swarm.hypnagogic	dharma_swarm.models
dharma_swarm.hypnagogic	dharma_swarm.runtime_provider
dharma_swarm.identity	dharma_swarm.daemon_config
dharma_swarm.identity	dharma_swarm.models
dharma_swarm.identity	dharma_swarm.runtime_artifacts
dharma_swarm.info_geometry	dharma_swarm.archive
dharma_swarm.info_geometry	dharma_swarm.meta_evolution
dharma_swarm.instinct_bridge	dharma_swarm.daemon_config
dharma_swarm.instinct_bridge	dharma_swarm.message_bus
dharma_swarm.instinct_bridge	dharma_swarm.signal_bus
dharma_swarm.integrations	dharma_swarm.integrations.data_flywheel
dharma_swarm.integrations	dharma_swarm.integrations.kaizen_ops
dharma_swarm.integrations	dharma_swarm.integrations.nvidia_rag
dharma_swarm.integrations	dharma_swarm.integrations.reciprocity_commons
dharma_swarm.integrations.data_flywheel	dharma_swarm.api_keys
dharma_swarm.integrations.kaizen_ops	dharma_swarm.api_keys
dharma_swarm.integrations.nvidia_rag	dharma_swarm.api_keys
dharma_swarm.integrations.reciprocity_commons	dharma_swarm.api_keys
dharma_swarm.invariants	dharma_swarm.models
dharma_swarm.island_evolution	dharma_swarm.models
dharma_swarm.iteration_depth	dharma_swarm.daemon_config
dharma_swarm.jagat_kalyan	dharma_swarm.daemon_config
dharma_swarm.jikoku_fitness	dharma_swarm.economic_fitness
dharma_swarm.jikoku_fitness	dharma_swarm.evolution
dharma_swarm.jikoku_fitness	dharma_swarm.jikoku_samaya
dharma_swarm.jikoku_instrumentation	dharma_swarm.jikoku_samaya
dharma_swarm.jk_stigmergy_seeds	dharma_swarm.stigmergy
dharma_swarm.job_capabilities	dharma_swarm.models
dharma_swarm.job_capabilities	dharma_swarm.runtime_provider
dharma_swarm.knowledge_extractor	dharma_swarm.knowledge_units
dharma_swarm.knowledge_extractor	dharma_swarm.models
dharma_swarm.knowledge_ops	dharma_swarm.knowledge_ops.memory_conflict_review
dharma_swarm.knowledge_ops	dharma_swarm.knowledge_ops.memory_decision_ledger
dharma_swarm.knowledge_ops	dharma_swarm.knowledge_ops.memory_intake
dharma_swarm.knowledge_ops	dharma_swarm.knowledge_ops.memory_kernel_promotion_bridge
dharma_swarm.knowledge_ops	dharma_swarm.knowledge_ops.memory_promotion_executor
dharma_swarm.knowledge_ops	dharma_swarm.knowledge_ops.memory_promotion_queue
dharma_swarm.knowledge_ops.cli	dharma_swarm.knowledge_ops.memory_conflict_review
dharma_swarm.knowledge_ops.cli	dharma_swarm.knowledge_ops.memory_decision_ledger
dharma_swarm.knowledge_ops.cli	dharma_swarm.knowledge_ops.memory_intake
dharma_swarm.knowledge_ops.cli	dharma_swarm.knowledge_ops.memory_kernel_promotion_bridge
dharma_swarm.knowledge_ops.cli	dharma_swarm.knowledge_ops.memory_promotion_executor
dharma_swarm.knowledge_ops.cli	dharma_swarm.knowledge_ops.memory_promotion_queue
dharma_swarm.knowledge_ops.cli	dharma_swarm.memory_kernel
dharma_swarm.knowledge_ops.cli	dharma_swarm.memory_kernel.context_admission
dharma_swarm.knowledge_ops.deep_sweep	dharma_swarm.claude_cli
dharma_swarm.knowledge_ops.deep_sweep	dharma_swarm.spine.invoke
dharma_swarm.knowledge_ops.deep_sweep	dharma_swarm.spine.receipt
dharma_swarm.knowledge_ops.deep_sweep	dharma_swarm.spine.routing
dharma_swarm.knowledge_ops.deep_sweep	dharma_swarm.world_radar.analysis
dharma_swarm.knowledge_ops.deep_sweep	dharma_swarm.world_radar.go_bridge
dharma_swarm.knowledge_ops.deep_sweep	dharma_swarm.world_radar.theme_window
dharma_swarm.knowledge_ops.memory_conflict_review	dharma_swarm.knowledge_ops.memory_intake
dharma_swarm.knowledge_ops.memory_decision_ledger	dharma_swarm.knowledge_ops.memory_promotion_queue
dharma_swarm.knowledge_ops.memory_intake	dharma_swarm.memory_kernel
dharma_swarm.knowledge_ops.memory_intake	dharma_swarm.memory_kernel.context_admission
dharma_swarm.knowledge_ops.memory_kernel_promotion_bridge	dharma_swarm.knowledge_ops.memory_decision_ledger
dharma_swarm.knowledge_ops.memory_kernel_promotion_bridge	dharma_swarm.knowledge_ops.memory_promotion_executor
dharma_swarm.knowledge_ops.memory_kernel_promotion_bridge	dharma_swarm.knowledge_ops.memory_promotion_queue
dharma_swarm.knowledge_ops.memory_kernel_promotion_bridge	dharma_swarm.memory_kernel.context_admission
dharma_swarm.knowledge_ops.memory_kernel_promotion_bridge	dharma_swarm.memory_kernel.promotion_gate
dharma_swarm.knowledge_ops.memory_kernel_promotion_bridge	dharma_swarm.memory_kernel.write_receipts
dharma_swarm.knowledge_ops.memory_promotion_executor	dharma_swarm.knowledge_ops.memory_decision_ledger
dharma_swarm.knowledge_ops.memory_promotion_executor	dharma_swarm.knowledge_ops.memory_promotion_queue
dharma_swarm.knowledge_ops.memory_promotion_executor	dharma_swarm.memory_kernel.context_admission
dharma_swarm.knowledge_ops.memory_promotion_queue	dharma_swarm.knowledge_ops.memory_conflict_review
dharma_swarm.knowledge_ops.zeitgeist_promotion	dharma_swarm.knowledge_ops.memory_decision_ledger
dharma_swarm.knowledge_ops.zeitgeist_promotion	dharma_swarm.knowledge_ops.memory_promotion_queue
dharma_swarm.l4_rv_correlator	dharma_swarm.bridge
dharma_swarm.l4_rv_correlator	dharma_swarm.metrics
dharma_swarm.l4_rv_correlator	dharma_swarm.rv
dharma_swarm.landscape	dharma_swarm.archive
dharma_swarm.landscape	dharma_swarm.evolution
dharma_swarm.langgraph_parity	dharma_swarm.langgraph_parity.isolation
dharma_swarm.langgraph_parity	dharma_swarm.langgraph_parity.state
dharma_swarm.langgraph_parity	dharma_swarm.langgraph_parity.supervisor_runtime
dharma_swarm.langgraph_parity	dharma_swarm.langgraph_parity.swarm_runtime
dharma_swarm.langgraph_parity	dharma_swarm.langgraph_parity.tools
dharma_swarm.langgraph_parity.benchmark	dharma_swarm.langgraph_parity.benchmark_receipts
dharma_swarm.langgraph_parity.benchmark	dharma_swarm.langgraph_parity.benchmark_runner
dharma_swarm.langgraph_parity.benchmark	dharma_swarm.langgraph_parity.benchmark_types
dharma_swarm.langgraph_parity.benchmark_receipts	dharma_swarm.langgraph_parity.benchmark_runner
dharma_swarm.langgraph_parity.benchmark_receipts	dharma_swarm.langgraph_parity.benchmark_types
dharma_swarm.langgraph_parity.benchmark_receipts	dharma_swarm.runtime_state
dharma_swarm.langgraph_parity.benchmark_receipts	dharma_swarm.spine.identity
dharma_swarm.langgraph_parity.benchmark_receipts	dharma_swarm.spine.receipt
dharma_swarm.langgraph_parity.benchmark_runner	dharma_swarm.langgraph_parity.benchmark_tasks
dharma_swarm.langgraph_parity.benchmark_runner	dharma_swarm.langgraph_parity.benchmark_types
dharma_swarm.langgraph_parity.benchmark_runner	dharma_swarm.langgraph_parity.isolation
dharma_swarm.langgraph_parity.benchmark_tasks	dharma_swarm.langgraph_parity.benchmark_types
dharma_swarm.langgraph_parity.isolation	dharma_swarm.langgraph_parity.isolation_defaults
dharma_swarm.langgraph_parity.isolation	dharma_swarm.langgraph_parity.tools
dharma_swarm.langgraph_parity.isolation_defaults	dharma_swarm.langgraph_parity.isolation
dharma_swarm.langgraph_parity.readiness	dharma_swarm.langgraph_parity.readiness_gates
dharma_swarm.langgraph_parity.readiness_gates	dharma_swarm.langgraph_parity.readiness
dharma_swarm.langgraph_parity.supervisor_runtime	dharma_swarm.langgraph_parity.state
dharma_swarm.langgraph_parity.supervisor_runtime	dharma_swarm.langgraph_parity.tools
dharma_swarm.langgraph_parity.swarm_runtime	dharma_swarm.langgraph_parity.state
dharma_swarm.langgraph_parity.swarm_runtime	dharma_swarm.langgraph_parity.tools
dharma_swarm.langgraph_parity.tools	dharma_swarm.langgraph_parity.state
dharma_swarm.launchd_job_runner	dharma_swarm.cron_job_runtime
dharma_swarm.launchd_job_runner	dharma_swarm.cron_runner
dharma_swarm.launchd_job_runner	dharma_swarm.daemon_config
dharma_swarm.lineage	dharma_swarm.ontology_runtime
dharma_swarm.living_map	dharma_swarm.daemon_config
dharma_swarm.llm_burn	dharma_swarm.cost_tracker
dharma_swarm.llm_burn	dharma_swarm.observability
dharma_swarm.long_context_sidecar_eval	dharma_swarm.daemon_config
dharma_swarm.loop_supervisor	dharma_swarm.daemon_config
dharma_swarm.loop_supervisor	dharma_swarm.ecc_eval_harness
dharma_swarm.manifest_health	dharma_swarm
dharma_swarm.manifest_health	dharma_swarm.daemon_config
dharma_swarm.manifest_health	dharma_swarm.manifest_health_autocatalytic
dharma_swarm.master_prompt_engineer	dharma_swarm.daemon_config
dharma_swarm.master_prompt_engineer	dharma_swarm.research_deadlines
dharma_swarm.master_prompt_engineer	dharma_swarm.runtime_provider
dharma_swarm.mcp_server	dharma_swarm.concept_blast_radius
dharma_swarm.mcp_server	dharma_swarm.graph_nexus
dharma_swarm.mcp_server	dharma_swarm.holon_system.sarathi
dharma_swarm.mcp_server	dharma_swarm.models
dharma_swarm.mcp_server	dharma_swarm.swarm
dharma_swarm.mcp_server	dharma_swarm.telos_graph
dharma_swarm.memory	dharma_swarm.models
dharma_swarm.memory_common	dharma_swarm.cron_scheduler
dharma_swarm.memory_common	dharma_swarm.memory_retrieval
dharma_swarm.memory_common	dharma_swarm.wiki_vector_ingest
dharma_swarm.memory_common	scripts.memory_retrieval_system_gate
dharma_swarm.memory_common	scripts.wiki_vector_live_gate
dharma_swarm.memory_kernel	dharma_swarm.memory_kernel.atoms
dharma_swarm.memory_kernel	dharma_swarm.memory_kernel.burn_in
dharma_swarm.memory_kernel	dharma_swarm.memory_kernel.census
dharma_swarm.memory_kernel	dharma_swarm.memory_kernel.context_admission
dharma_swarm.memory_kernel	dharma_swarm.memory_kernel.context_eval
dharma_swarm.memory_kernel	dharma_swarm.memory_kernel.context_eval_cases
dharma_swarm.memory_kernel	dharma_swarm.memory_kernel.context_eval_render
dharma_swarm.memory_kernel	dharma_swarm.memory_kernel.context_parity
dharma_swarm.memory_kernel	dharma_swarm.memory_kernel.facade
dharma_swarm.memory_kernel	dharma_swarm.memory_kernel.promotion_gate
dharma_swarm.memory_kernel	dharma_swarm.memory_kernel.surfaces
dharma_swarm.memory_kernel	dharma_swarm.memory_kernel.write_receipts
dharma_swarm.memory_kernel	dharma_swarm.memory_kernel.writers
dharma_swarm.memory_kernel.adapters	dharma_swarm.memory_kernel.adapters.base
dharma_swarm.memory_kernel.adapters	dharma_swarm.memory_kernel.adapters.generic
dharma_swarm.memory_kernel.adapters	dharma_swarm.memory_kernel.adapters.read_only
dharma_swarm.memory_kernel.adapters.base	dharma_swarm.memory_kernel.atoms
dharma_swarm.memory_kernel.adapters.generic	dharma_swarm.memory_kernel.adapters.read_only
dharma_swarm.memory_kernel.adapters.generic	dharma_swarm.memory_kernel.atoms
dharma_swarm.memory_kernel.adapters.read_only	dharma_swarm.chetana.manifest
dharma_swarm.memory_kernel.adapters.read_only	dharma_swarm.memory_kernel.adapters.base
dharma_swarm.memory_kernel.adapters.read_only	dharma_swarm.memory_kernel.atoms
dharma_swarm.memory_kernel.census	dharma_swarm.memory_kernel.atoms
dharma_swarm.memory_kernel.census	dharma_swarm.memory_kernel.surfaces
dharma_swarm.memory_kernel.context_admission	dharma_swarm.memory_kernel.atoms
dharma_swarm.memory_kernel.context_admission	dharma_swarm.memory_kernel.tool_exposure
dharma_swarm.memory_kernel.context_compiler_shadow	dharma_swarm.injection_scanner
dharma_swarm.memory_kernel.context_compiler_shadow	dharma_swarm.memory_kernel
dharma_swarm.memory_kernel.context_compiler_shadow	dharma_swarm.memory_kernel.context_safety
dharma_swarm.memory_kernel.context_compiler_shadow	dharma_swarm.runtime_state
dharma_swarm.memory_kernel.context_eval	dharma_swarm.context
dharma_swarm.memory_kernel.context_eval	dharma_swarm.memory_kernel.atoms
dharma_swarm.memory_kernel.context_eval	dharma_swarm.memory_kernel.context_admission
dharma_swarm.memory_kernel.context_eval	dharma_swarm.memory_kernel.context_safety
dharma_swarm.memory_kernel.context_eval_cases	dharma_swarm.memory_kernel.atoms
dharma_swarm.memory_kernel.context_eval_cases	dharma_swarm.memory_kernel.context_admission
dharma_swarm.memory_kernel.context_eval_cases	dharma_swarm.memory_kernel.context_eval
dharma_swarm.memory_kernel.context_eval_render	dharma_swarm.memory_kernel.context_eval
dharma_swarm.memory_kernel.context_parity	dharma_swarm.memory_kernel.atoms
dharma_swarm.memory_kernel.context_parity	dharma_swarm.memory_kernel.context_admission
dharma_swarm.memory_kernel.context_parity	dharma_swarm.memory_kernel.context_eval
dharma_swarm.memory_kernel.context_parity	dharma_swarm.memory_kernel.context_safety
dharma_swarm.memory_kernel.context_safety	dharma_swarm.memory_kernel.context_admission
dharma_swarm.memory_kernel.default_context	dharma_swarm.context_compiler_utils
dharma_swarm.memory_kernel.default_context	dharma_swarm.memory_kernel
dharma_swarm.memory_kernel.default_context	dharma_swarm.memory_kernel.ranked_shadow
dharma_swarm.memory_kernel.default_context	dharma_swarm.memory_kernel.topology_policy
dharma_swarm.memory_kernel.facade	dharma_swarm.memory_kernel.adapters.base
dharma_swarm.memory_kernel.facade	dharma_swarm.memory_kernel.adapters.generic
dharma_swarm.memory_kernel.facade	dharma_swarm.memory_kernel.adapters.read_only
dharma_swarm.memory_kernel.facade	dharma_swarm.memory_kernel.atoms
dharma_swarm.memory_kernel.facade	dharma_swarm.memory_kernel.census
dharma_swarm.memory_kernel.facade	dharma_swarm.memory_kernel.context_admission
dharma_swarm.memory_kernel.facade	dharma_swarm.memory_kernel.readiness
dharma_swarm.memory_kernel.facade	dharma_swarm.memory_kernel.surfaces
dharma_swarm.memory_kernel.facade	dharma_swarm.memory_retrieval
dharma_swarm.memory_kernel.orchestrator_context	dharma_swarm.memory_kernel
dharma_swarm.memory_kernel.promotion_gate	dharma_swarm.memory_kernel.context_admission
dharma_swarm.memory_kernel.promotion_gate	dharma_swarm.memory_kernel.write_receipts
dharma_swarm.memory_kernel.ranked_shadow	dharma_swarm.memory_kernel.context_admission
dharma_swarm.memory_kernel.readiness	dharma_swarm.memory_kernel.adapters.base
dharma_swarm.memory_kernel.readiness	dharma_swarm.memory_kernel.adapters.read_only
dharma_swarm.memory_kernel.readiness	dharma_swarm.memory_kernel.atoms
dharma_swarm.memory_kernel.surface_specs_core	dharma_swarm.memory_kernel.atoms
dharma_swarm.memory_kernel.surface_specs_core	dharma_swarm.memory_kernel.surfaces
dharma_swarm.memory_kernel.surface_specs_extended	dharma_swarm.memory_kernel.atoms
dharma_swarm.memory_kernel.surface_specs_extended	dharma_swarm.memory_kernel.surfaces
dharma_swarm.memory_kernel.surfaces	dharma_swarm.memory_kernel.atoms
dharma_swarm.memory_kernel.surfaces	dharma_swarm.memory_kernel.surface_specs_core
dharma_swarm.memory_kernel.surfaces	dharma_swarm.memory_kernel.surface_specs_extended
dharma_swarm.memory_kernel.tool_exposure	dharma_swarm.memory_kernel.atoms
dharma_swarm.memory_kernel.topology_policy	dharma_swarm.memory_kernel.atoms
dharma_swarm.memory_kernel.topology_policy	dharma_swarm.models
dharma_swarm.memory_kernel.write_policy	dharma_swarm.memory_kernel.atoms
dharma_swarm.memory_kernel.write_policy	dharma_swarm.memory_kernel.surfaces
dharma_swarm.memory_kernel.write_policy	dharma_swarm.memory_kernel.writer_models
dharma_swarm.memory_kernel.write_receipts	dharma_swarm.memory_kernel.context_admission
dharma_swarm.memory_kernel.writer_discovery	dharma_swarm.memory_kernel.writer_models
dharma_swarm.memory_kernel.writer_models	dharma_swarm.memory_kernel.atoms
dharma_swarm.memory_kernel.writer_sentinel	dharma_swarm.memory_kernel.surfaces
dharma_swarm.memory_kernel.writer_sentinel	dharma_swarm.memory_kernel.write_policy
dharma_swarm.memory_kernel.writer_sentinel	dharma_swarm.memory_kernel.writer_discovery
dharma_swarm.memory_kernel.writer_sentinel	dharma_swarm.memory_kernel.writer_models
dharma_swarm.memory_kernel.writer_sentinel	dharma_swarm.memory_kernel.writer_specs
dharma_swarm.memory_kernel.writer_specs	dharma_swarm.memory_kernel.atoms
dharma_swarm.memory_kernel.writer_specs	dharma_swarm.memory_kernel.writer_models
dharma_swarm.memory_kernel.writers	dharma_swarm.memory_kernel.write_policy
dharma_swarm.memory_kernel.writers	dharma_swarm.memory_kernel.writer_models
dharma_swarm.memory_kernel.writers	dharma_swarm.memory_kernel.writer_sentinel
dharma_swarm.memory_kernel.writers	dharma_swarm.memory_kernel.writer_specs
dharma_swarm.memory_kernel_retrieval.engine_search	dharma_swarm.memory_kernel_retrieval.scoring_terms
dharma_swarm.memory_kernel_retrieval.engine_search	dharma_swarm.memory_kernel_retrieval.sidecar_matching
dharma_swarm.memory_kernel_retrieval.engine_search	dharma_swarm.vector_store
dharma_swarm.memory_kernel_retrieval.fusion	dharma_swarm.memory_kernel_retrieval.scoring_terms
dharma_swarm.memory_kernel_retrieval.fusion	dharma_swarm.memory_kernel_retrieval.sidecar_matching
dharma_swarm.memory_kernel_retrieval.fusion	dharma_swarm.memory_kernel_retrieval.types
dharma_swarm.memory_kernel_retrieval.scoring_terms	dharma_swarm.vector_store
dharma_swarm.memory_kernel_retrieval.sidecar_matching	dharma_swarm.memory_kernel_retrieval.scoring_terms
dharma_swarm.memory_lattice	dharma_swarm.engine.event_memory
dharma_swarm.memory_lattice	dharma_swarm.engine.hybrid_retriever
dharma_swarm.memory_lattice	dharma_swarm.engine.unified_index
dharma_swarm.memory_lattice	dharma_swarm.event_log
dharma_swarm.memory_lattice	dharma_swarm.memory
dharma_swarm.memory_lattice	dharma_swarm.models
dharma_swarm.memory_lattice	dharma_swarm.runtime_contract
dharma_swarm.memory_lattice	dharma_swarm.runtime_state
dharma_swarm.memory_palace	dharma_swarm.correlation_context
dharma_swarm.memory_palace	dharma_swarm.models
dharma_swarm.memory_palace	dharma_swarm.vector_store
dharma_swarm.memory_retrieval	dharma_swarm.memory_kernel
dharma_swarm.memory_retrieval	dharma_swarm.memory_kernel_retrieval.engine_search
dharma_swarm.memory_retrieval	dharma_swarm.memory_kernel_retrieval.fusion
dharma_swarm.memory_retrieval	dharma_swarm.memory_kernel_retrieval.scoring_terms
dharma_swarm.memory_retrieval	dharma_swarm.memory_kernel_retrieval.types
dharma_swarm.memory_retrieval	dharma_swarm.vector_store
dharma_swarm.message_bus	dharma_swarm.message_bus_bsp
dharma_swarm.message_bus	dharma_swarm.models
dharma_swarm.message_bus	dharma_swarm.runtime_state
dharma_swarm.message_bus	dharma_swarm.spine.adapters
dharma_swarm.message_bus	dharma_swarm.spine.identity
dharma_swarm.message_bus_bsp	dharma_swarm.message_bus
dharma_swarm.message_bus_bsp	dharma_swarm.models
dharma_swarm.message_bus_bsp	dharma_swarm.spine.adapters
dharma_swarm.message_bus_bsp	dharma_swarm.spine.identity
dharma_swarm.meta_daemon	dharma_swarm.daemon_config
dharma_swarm.meta_daemon	dharma_swarm.models
dharma_swarm.meta_daemon	dharma_swarm.ouroboros
dharma_swarm.meta_daemon	dharma_swarm.research_deadlines
dharma_swarm.meta_evolution	dharma_swarm.archive
dharma_swarm.meta_evolution	dharma_swarm.evolution
dharma_swarm.meta_evolution	dharma_swarm.info_geometry
dharma_swarm.meta_evolution	dharma_swarm.models
dharma_swarm.micro_clusters	dharma_swarm.evolution
dharma_swarm.micro_clusters	dharma_swarm.monitor
dharma_swarm.micro_clusters	dharma_swarm.stigmergy
dharma_swarm.micro_clusters	dharma_swarm.subconscious
dharma_swarm.mission_contract	dharma_swarm.daemon_config
dharma_swarm.mission_control	dharma_swarm.mission_control_contract
dharma_swarm.mission_control	dharma_swarm.mission_control_lifecycle
dharma_swarm.mission_control	dharma_swarm.mission_control_projection
dharma_swarm.mission_control	dharma_swarm.mission_control_recovery
dharma_swarm.mission_control	dharma_swarm.models
dharma_swarm.mission_control	dharma_swarm.runtime_state
dharma_swarm.mission_control	dharma_swarm.spine.identity
dharma_swarm.mission_control	dharma_swarm.task_board
dharma_swarm.mission_control_contract	dharma_swarm.models
dharma_swarm.mission_control_contract	dharma_swarm.runtime_state
dharma_swarm.mission_control_contract	dharma_swarm.spine.identity
dharma_swarm.mission_control_execution	dharma_swarm.mission_control
dharma_swarm.mission_control_execution	dharma_swarm.mission_control_contract
dharma_swarm.mission_control_execution	dharma_swarm.mission_control_execution_support
dharma_swarm.mission_control_execution	dharma_swarm.models
dharma_swarm.mission_control_execution	dharma_swarm.orchestrator
dharma_swarm.mission_control_execution	dharma_swarm.runtime_state
dharma_swarm.mission_control_execution	dharma_swarm.spine.identity
dharma_swarm.mission_control_execution	dharma_swarm.task_board
dharma_swarm.mission_control_execution_support	dharma_swarm.mission_control_contract
dharma_swarm.mission_control_execution_support	dharma_swarm.models
dharma_swarm.mission_control_execution_support	dharma_swarm.runtime_state
dharma_swarm.mission_control_execution_support	dharma_swarm.spine.identity
dharma_swarm.mission_control_lifecycle	dharma_swarm.mission_control_contract
dharma_swarm.mission_control_lifecycle	dharma_swarm.models
dharma_swarm.mission_control_lifecycle	dharma_swarm.runtime_state
dharma_swarm.mission_control_lifecycle	dharma_swarm.spine.identity
dharma_swarm.mission_control_mcp	dharma_swarm.daemon_config
dharma_swarm.mission_control_mcp	dharma_swarm.mission_control
dharma_swarm.mission_control_mcp	dharma_swarm.mission_control_mcp_mutations
dharma_swarm.mission_control_mcp	dharma_swarm.models
dharma_swarm.mission_control_mcp	dharma_swarm.runtime_state
dharma_swarm.mission_control_mcp	dharma_swarm.task_board
dharma_swarm.mission_control_mcp_mutations	dharma_swarm.models
dharma_swarm.mission_control_projection	dharma_swarm.mission_control_contract
dharma_swarm.mission_control_projection	dharma_swarm.mission_control_reconciliation
dharma_swarm.mission_control_projection	dharma_swarm.models
dharma_swarm.mission_control_projection	dharma_swarm.runtime_state
dharma_swarm.mission_control_projection	dharma_swarm.spine.identity
dharma_swarm.mission_control_projection	dharma_swarm.task_board
dharma_swarm.mission_control_reconciliation	dharma_swarm.mission_control_contract
dharma_swarm.mission_control_reconciliation	dharma_swarm.models
dharma_swarm.mission_control_reconciliation	dharma_swarm.runtime_state
dharma_swarm.mission_control_reconciliation	dharma_swarm.spine.identity
dharma_swarm.mission_control_recovery	dharma_swarm.mission_control_contract
dharma_swarm.mission_control_recovery	dharma_swarm.mission_control_lifecycle
dharma_swarm.mission_control_recovery	dharma_swarm.mission_control_projection
dharma_swarm.mission_control_recovery	dharma_swarm.runtime_state
dharma_swarm.mission_control_recovery	dharma_swarm.spine.identity
dharma_swarm.mission_garden	dharma_swarm.cron_scheduler
dharma_swarm.model_catalog	dharma_swarm.free_fleet
dharma_swarm.model_catalog	dharma_swarm.model_hierarchy
dharma_swarm.model_catalog	dharma_swarm.models
dharma_swarm.model_council_e2e	dharma_swarm.a2a.a2a_client
dharma_swarm.model_council_e2e	dharma_swarm.a2a.a2a_server
dharma_swarm.model_council_e2e	dharma_swarm.a2a.agent_card
dharma_swarm.model_council_e2e	dharma_swarm.model_routing_live_probe
dharma_swarm.model_council_e2e	dharma_swarm.model_status
dharma_swarm.model_council_e2e	dharma_swarm.models
dharma_swarm.model_council_e2e	dharma_swarm.runtime_provider
dharma_swarm.model_defaults	dharma_swarm.models
dharma_swarm.model_hierarchy	dharma_swarm.model_defaults
dharma_swarm.model_hierarchy	dharma_swarm.models
dharma_swarm.model_hierarchy	dharma_swarm.resilience
dharma_swarm.model_hierarchy	dharma_swarm.routing_memory
dharma_swarm.model_manager	dharma_swarm
dharma_swarm.model_manager	dharma_swarm.model_hierarchy
dharma_swarm.model_manager	dharma_swarm.model_pool
dharma_swarm.model_manager	dharma_swarm.models
dharma_swarm.model_pool	dharma_swarm.evolution_roster
dharma_swarm.model_pool	dharma_swarm.model_defaults
dharma_swarm.model_pool	dharma_swarm.models
dharma_swarm.model_routing	dharma_swarm.daemon_config
dharma_swarm.model_routing_live_probe	dharma_swarm.model_status
dharma_swarm.model_routing_live_probe	dharma_swarm.models
dharma_swarm.model_routing_live_probe	dharma_swarm.runtime_provider
dharma_swarm.model_status	dharma_swarm
dharma_swarm.model_status	dharma_swarm.daemon_config
dharma_swarm.model_status	dharma_swarm.key_oracle
dharma_swarm.model_status	dharma_swarm.model_live_results
dharma_swarm.model_status	dharma_swarm.model_pool
dharma_swarm.model_status	dharma_swarm.models
dharma_swarm.monad	dharma_swarm.rv
dharma_swarm.monitor	dharma_swarm.models
dharma_swarm.monitor	dharma_swarm.traces
dharma_swarm.moonshot_provider	dharma_swarm.api_keys
dharma_swarm.moonshot_provider	dharma_swarm.base_provider
dharma_swarm.moonshot_provider	dharma_swarm.model_hierarchy
dharma_swarm.moonshot_provider	dharma_swarm.models
dharma_swarm.moonshot_provider	dharma_swarm.providers
dharma_swarm.neural_consolidator	dharma_swarm.daemon_config
dharma_swarm.neural_consolidator	dharma_swarm.models
dharma_swarm.ollama_config	dharma_swarm.api_keys
dharma_swarm.ollama_config	dharma_swarm.evolution_roster
dharma_swarm.ollama_config	dharma_swarm.model_defaults
dharma_swarm.ollama_config	dharma_swarm.model_pool
dharma_swarm.ollama_config	dharma_swarm.models
dharma_swarm.ontology	dharma_swarm.runtime_state
dharma_swarm.ontology	dharma_swarm.spine.identity
dharma_swarm.ontology	dharma_swarm.spine.tollbooth
dharma_swarm.ontology	dharma_swarm.telos_gates
dharma_swarm.ontology_adapters	dharma_swarm.daemon_config
dharma_swarm.ontology_adapters	dharma_swarm.ontology
dharma_swarm.ontology_agents	dharma_swarm.ontology
dharma_swarm.ontology_agents	dharma_swarm.ontology_runtime
dharma_swarm.ontology_hub	dharma_swarm.ontology
dharma_swarm.ontology_query	dharma_swarm.ontology
dharma_swarm.ontology_runtime	dharma_swarm.ontology
dharma_swarm.ontology_runtime	dharma_swarm.ontology_hub
dharma_swarm.operator_bridge	dharma_swarm.message_bus
dharma_swarm.operator_bridge	dharma_swarm.models
dharma_swarm.operator_bridge	dharma_swarm.runtime_state
dharma_swarm.operator_bridge	dharma_swarm.session_ledger
dharma_swarm.operator_bridge	dharma_swarm.telemetry_plane
dharma_swarm.operator_brief	dharma_swarm.operator_brief.insight_brief
dharma_swarm.operator_brief.insight_brief	dharma_swarm.fractal.room_brief
dharma_swarm.operator_brief.insight_brief	dharma_swarm.fractal.room_configs
dharma_swarm.operator_brief.insight_brief	dharma_swarm.models
dharma_swarm.operator_brief.insight_brief	dharma_swarm.ontology
dharma_swarm.operator_brief.insight_brief	dharma_swarm.ontology_runtime
dharma_swarm.operator_brief.insight_brief	dharma_swarm.operator_brief.persistence
dharma_swarm.operator_brief.insight_brief	dharma_swarm.operator_brief.types
dharma_swarm.operator_brief.insight_brief	dharma_swarm.runtime_state
dharma_swarm.operator_brief.insight_brief	dharma_swarm.telos_gates
dharma_swarm.operator_brief.persistence	dharma_swarm.correlation_context
dharma_swarm.operator_brief.persistence	dharma_swarm.ontology
dharma_swarm.operator_brief.persistence	dharma_swarm.operator_brief.types
dharma_swarm.operator_brief.persistence	dharma_swarm.runtime_state
dharma_swarm.operator_brief.value_events	dharma_swarm.ontology
dharma_swarm.operator_brief.value_events	dharma_swarm.ontology_runtime
dharma_swarm.operator_brief.watchdog	dharma_swarm.guardian_crew
dharma_swarm.operator_brief.watchdog	dharma_swarm.operator_core.control_surface
dharma_swarm.operator_brief.watchdog	dharma_swarm.operator_core.control_surface_models
dharma_swarm.operator_core.a2a_task_lifecycle	dharma_swarm.daemon_config
dharma_swarm.operator_core.a2a_task_lifecycle	dharma_swarm.operator_core.return_address
dharma_swarm.operator_core.adapters	dharma_swarm.operator_core.contracts
dharma_swarm.operator_core.adapters	dharma_swarm.operator_core.permissions
dharma_swarm.operator_core.adapters	dharma_swarm.tui.engine.events
dharma_swarm.operator_core.closure_v0	dharma_swarm.operator_core.operating_facts
dharma_swarm.operator_core.control_surface	api.module_truth
dharma_swarm.operator_core.control_surface	dharma_swarm.operator_core.control_surface_go
dharma_swarm.operator_core.control_surface	dharma_swarm.operator_core.control_surface_handoff
dharma_swarm.operator_core.control_surface	dharma_swarm.operator_core.control_surface_live_ops
dharma_swarm.operator_core.control_surface	dharma_swarm.operator_core.control_surface_memory
dharma_swarm.operator_core.control_surface	dharma_swarm.operator_core.control_surface_models
dharma_swarm.operator_core.control_surface	dharma_swarm.operator_core.control_surface_spine
dharma_swarm.operator_core.control_surface	dharma_swarm.operator_core.onboarding.broken_register
dharma_swarm.operator_core.control_surface	dharma_swarm.operator_core.operating_facts
dharma_swarm.operator_core.control_surface	dharma_swarm.operator_core.runtime_truth
dharma_swarm.operator_core.control_surface	dharma_swarm.recursive_discovery
dharma_swarm.operator_core.control_surface_go	dharma_swarm.daemon_config
dharma_swarm.operator_core.control_surface_go	dharma_swarm.operator_core.control_surface_models
dharma_swarm.operator_core.control_surface_go	dharma_swarm.operator_core.world_radar.receipt_bridge
dharma_swarm.operator_core.control_surface_handoff	dharma_swarm.operator_core.control_surface_models
dharma_swarm.operator_core.control_surface_live_ops	dharma_swarm.operator_core.control_surface_models
dharma_swarm.operator_core.control_surface_live_ops	scripts.runtime.live_ops_census
dharma_swarm.operator_core.control_surface_memory	dharma_swarm.context
dharma_swarm.operator_core.control_surface_memory	dharma_swarm.knowledge_ops
dharma_swarm.operator_core.control_surface_memory	dharma_swarm.memory_kernel
dharma_swarm.operator_core.control_surface_memory	dharma_swarm.memory_kernel.surfaces
dharma_swarm.operator_core.control_surface_memory	dharma_swarm.operator_core.control_surface_memory_readiness
dharma_swarm.operator_core.control_surface_memory	dharma_swarm.operator_core.control_surface_memory_receipts
dharma_swarm.operator_core.control_surface_memory	dharma_swarm.operator_core.control_surface_models
dharma_swarm.operator_core.control_surface_memory_receipts	dharma_swarm.memory_kernel
dharma_swarm.operator_core.control_surface_memory_receipts	dharma_swarm.memory_kernel.promotion_gate
dharma_swarm.operator_core.control_surface_memory_receipts	dharma_swarm.operator_core.control_surface_models
dharma_swarm.operator_core.control_surface_spine	dharma_swarm.operator_core.control_surface_models
dharma_swarm.operator_core.control_surface_spine	dharma_swarm.operator_core.spine_tail
dharma_swarm.operator_core.execution_lease	dharma_swarm.daemon_config
dharma_swarm.operator_core.go_evidence_bridge	dharma_swarm.operator_core.closure_v0
dharma_swarm.operator_core.go_evidence_bridge	dharma_swarm.operator_core.go_receipt_identity
dharma_swarm.operator_core.go_evidence_bridge	dharma_swarm.operator_core.operating_facts
dharma_swarm.operator_core.ingest_nats	dharma_swarm.operator_core.nats_substrate_status
dharma_swarm.operator_core.intent_payloads	dharma_swarm.intent_router
dharma_swarm.operator_core.intent_payloads	dharma_swarm.knowledge_units
dharma_swarm.operator_core.intent_payloads	dharma_swarm.mission_contract
dharma_swarm.operator_core.live_ops_census_contract	dharma_swarm.daemon_config
dharma_swarm.operator_core.living_agent_kernel	dharma_swarm.diff_applier
dharma_swarm.operator_core.living_agent_kernel	dharma_swarm.event_log
dharma_swarm.operator_core.living_agent_kernel	dharma_swarm.operator_core.a2a_task_lifecycle
dharma_swarm.operator_core.living_agent_kernel	dharma_swarm.operator_core.governed_work_admission
dharma_swarm.operator_core.living_agent_kernel	dharma_swarm.operator_core.runtime_truth
dharma_swarm.operator_core.living_agent_kernel	dharma_swarm.runtime_contract
dharma_swarm.operator_core.living_agent_kernel_activation	dharma_swarm.operator_core.living_agent_kernel
dharma_swarm.operator_core.living_agent_kernel_activation	dharma_swarm.operator_core.living_agent_kernel_supervisor
dharma_swarm.operator_core.living_agent_kernel_activation	dharma_swarm.operator_core.living_agent_kernel_workers
dharma_swarm.operator_core.living_agent_kernel_activation	dharma_swarm.operator_core.runtime_truth
dharma_swarm.operator_core.living_agent_kernel_promotion	dharma_swarm.operator_core.living_agent_kernel
dharma_swarm.operator_core.living_agent_kernel_promotion	dharma_swarm.operator_core.runtime_truth
dharma_swarm.operator_core.living_agent_kernel_provider_worker	dharma_swarm.models
dharma_swarm.operator_core.living_agent_kernel_provider_worker	dharma_swarm.operator_core.living_agent_kernel
dharma_swarm.operator_core.living_agent_kernel_provider_worker	dharma_swarm.operator_core.living_agent_kernel_promotion
dharma_swarm.operator_core.living_agent_kernel_provider_worker	dharma_swarm.operator_core.living_agent_kernel_workers
dharma_swarm.operator_core.living_agent_kernel_provider_worker	dharma_swarm.operator_core.runtime_truth
dharma_swarm.operator_core.living_agent_kernel_provider_worker	dharma_swarm.runtime_provider
dharma_swarm.operator_core.living_agent_kernel_recovery	dharma_swarm.operator_core.living_agent_kernel
dharma_swarm.operator_core.living_agent_kernel_recovery	dharma_swarm.operator_core.living_agent_kernel_activation
dharma_swarm.operator_core.living_agent_kernel_recovery	dharma_swarm.operator_core.living_agent_kernel_supervisor
dharma_swarm.operator_core.living_agent_kernel_recovery	dharma_swarm.operator_core.living_agent_kernel_workers
dharma_swarm.operator_core.living_agent_kernel_recovery	dharma_swarm.operator_core.runtime_truth
dharma_swarm.operator_core.living_agent_kernel_service	dharma_swarm.operator_core.living_agent_kernel
dharma_swarm.operator_core.living_agent_kernel_status	dharma_swarm.operator_core.living_agent_kernel
dharma_swarm.operator_core.living_agent_kernel_status	dharma_swarm.operator_core.living_agent_kernel_activation
dharma_swarm.operator_core.living_agent_kernel_status	dharma_swarm.operator_core.living_agent_kernel_promotion
dharma_swarm.operator_core.living_agent_kernel_status	dharma_swarm.operator_core.living_agent_kernel_provider_worker
dharma_swarm.operator_core.living_agent_kernel_status	dharma_swarm.operator_core.living_agent_kernel_workers
dharma_swarm.operator_core.living_agent_kernel_status	dharma_swarm.operator_core.runtime_truth
dharma_swarm.operator_core.living_agent_kernel_supervisor	dharma_swarm.operator_core.living_agent_kernel
dharma_swarm.operator_core.living_agent_kernel_supervisor	dharma_swarm.operator_core.runtime_truth
dharma_swarm.operator_core.living_agent_kernel_workers	dharma_swarm.operator_core.living_agent_kernel
dharma_swarm.operator_core.living_agent_kernel_workers	dharma_swarm.operator_core.runtime_truth
dharma_swarm.operator_core.nats_substrate_status	dharma_swarm.operator_core.nats_live_contact
dharma_swarm.operator_core.onboarding	dharma_swarm.operator_core
dharma_swarm.operator_core.onboarding	dharma_swarm.operator_core.onboarding.contract
dharma_swarm.operator_core.onboarding	dharma_swarm.operator_core.onboarding.models
dharma_swarm.operator_core.onboarding	dharma_swarm.operator_core.onboarding.receipt
dharma_swarm.operator_core.onboarding.cli	dharma_swarm.operator_core.onboarding
dharma_swarm.operator_core.onboarding.cli	dharma_swarm.operator_core.onboarding.evidence
dharma_swarm.operator_core.onboarding.cli	dharma_swarm.operator_core.onboarding.models
dharma_swarm.operator_core.onboarding.cli	dharma_swarm.operator_core.onboarding.nats_status
dharma_swarm.operator_core.onboarding.cli	dharma_swarm.operator_core.onboarding.readiness
dharma_swarm.operator_core.onboarding.cli	dharma_swarm.operator_core.onboarding.receipt
dharma_swarm.operator_core.onboarding.cli	dharma_swarm.operator_core.onboarding.render
dharma_swarm.operator_core.onboarding.cli	dharma_swarm.operator_core.onboarding.repository_identity
dharma_swarm.operator_core.onboarding.contract	dharma_swarm.memory_kernel.write_receipts
dharma_swarm.operator_core.onboarding.contract	dharma_swarm.operator_core.onboarding
dharma_swarm.operator_core.onboarding.contract	dharma_swarm.operator_core.onboarding._command_lexical
dharma_swarm.operator_core.onboarding.contract	dharma_swarm.operator_core.onboarding.models
dharma_swarm.operator_core.onboarding.evidence	dharma_swarm.operator_core.onboarding.broken_register
dharma_swarm.operator_core.onboarding.evidence	dharma_swarm.operator_core.onboarding.repository_identity
dharma_swarm.operator_core.onboarding.nats_status	dharma_swarm.daemon_config
dharma_swarm.operator_core.onboarding.readiness	dharma_swarm.operator_core.onboarding.models
dharma_swarm.operator_core.onboarding.receipt	dharma_swarm.memory_kernel.write_receipts
dharma_swarm.operator_core.onboarding.receipt	dharma_swarm.operator_core.onboarding.contract
dharma_swarm.operator_core.onboarding.receipt	dharma_swarm.operator_core.onboarding.models
dharma_swarm.operator_core.operating_facts	dharma_swarm.operator_core.runtime_truth_refs
dharma_swarm.operator_core.operating_facts	dharma_swarm.operator_core.telic_value_reader
dharma_swarm.operator_core.operator_coherence	dharma_swarm.operator_core.operator_coherence.base
dharma_swarm.operator_core.operator_coherence	dharma_swarm.operator_core.operator_coherence.report
dharma_swarm.operator_core.operator_coherence.git_governance	dharma_swarm.operator_core.onboarding.broken_register
dharma_swarm.operator_core.operator_coherence.git_governance	dharma_swarm.operator_core.operator_coherence.base
dharma_swarm.operator_core.operator_coherence.github_readiness	dharma_swarm.operator_core.operator_coherence.base
dharma_swarm.operator_core.operator_coherence.github_readiness	dharma_swarm.operator_core.operator_coherence.git_governance
dharma_swarm.operator_core.operator_coherence.ops_probes	dharma_swarm.operator_core.operator_coherence.base
dharma_swarm.operator_core.operator_coherence.ops_probes	dharma_swarm.operator_core.operator_coherence.git_governance
dharma_swarm.operator_core.operator_coherence.ops_probes	scripts.runtime.live_ops_census
dharma_swarm.operator_core.operator_coherence.report	dharma_swarm.daemon_config
dharma_swarm.operator_core.operator_coherence.report	dharma_swarm.operator_core.operator_coherence.base
dharma_swarm.operator_core.operator_coherence.report	dharma_swarm.operator_core.operator_coherence.git_governance
dharma_swarm.operator_core.operator_coherence.report	dharma_swarm.operator_core.operator_coherence.github_readiness
dharma_swarm.operator_core.operator_coherence.report	dharma_swarm.operator_core.operator_coherence.ops_probes
dharma_swarm.operator_core.operator_coherence_cockpit	dharma_swarm.operator_core.operator_coherence
dharma_swarm.operator_core.permission_payloads	dharma_swarm.operator_core.adapters
dharma_swarm.operator_core.permission_payloads	dharma_swarm.operator_core.contracts
dharma_swarm.operator_core.permission_payloads	dharma_swarm.operator_core.permissions
dharma_swarm.operator_core.permission_payloads	dharma_swarm.operator_core.session_store
dharma_swarm.operator_core.permission_payloads	dharma_swarm.tui.engine.events
dharma_swarm.operator_core.permissions	dharma_swarm.tui.engine.events
dharma_swarm.operator_core.reversibility_gate	dharma_swarm.adaptive_autonomy
dharma_swarm.operator_core.reversibility_gate	dharma_swarm.risk_patterns
dharma_swarm.operator_core.routing_payloads	dharma_swarm.operator_core.adapters
dharma_swarm.operator_core.runtime_payloads	dharma_swarm.operator_core.adapters
dharma_swarm.operator_core.runtime_truth	dharma_swarm.operator_core.contracts
dharma_swarm.operator_core.session_lifecycle	dharma_swarm.operator_core.session_store
dharma_swarm.operator_core.session_lifecycle	dharma_swarm.tui.engine.events
dharma_swarm.operator_core.session_payloads	dharma_swarm.operator_core.adapters
dharma_swarm.operator_core.session_payloads	dharma_swarm.operator_core.contracts
dharma_swarm.operator_core.session_payloads	dharma_swarm.operator_core.permission_payloads
dharma_swarm.operator_core.session_payloads	dharma_swarm.operator_core.session_store
dharma_swarm.operator_core.session_payloads	dharma_swarm.tui.engine.events
dharma_swarm.operator_core.session_store	dharma_swarm.continuity_harness
dharma_swarm.operator_core.session_store	dharma_swarm.operator_core.session_lifecycle
dharma_swarm.operator_core.session_store	dharma_swarm.operator_core.session_payloads
dharma_swarm.operator_core.session_store	dharma_swarm.session_event_bridge
dharma_swarm.operator_core.session_store	dharma_swarm.tui.engine.events
dharma_swarm.operator_core.session_views	dharma_swarm.operator_core.session_payloads
dharma_swarm.operator_core.session_views	dharma_swarm.operator_core.session_store
dharma_swarm.operator_core.spine_tail	dharma_swarm.runtime_state
dharma_swarm.operator_core.world_radar	dharma_swarm.operator_core.world_radar.receipt_bridge
dharma_swarm.operator_core.world_radar.receipt_bridge	dharma_swarm.daemon_config
dharma_swarm.operator_views	dharma_swarm.operator_bridge
dharma_swarm.operator_views	dharma_swarm.runtime_agent_server_views
dharma_swarm.operator_views	dharma_swarm.runtime_graph_views
dharma_swarm.operator_views	dharma_swarm.runtime_platform_views
dharma_swarm.operator_views	dharma_swarm.runtime_state
dharma_swarm.opportunity_dispatcher	dharma_swarm.config
dharma_swarm.opportunity_dispatcher	dharma_swarm.daemon_config
dharma_swarm.opportunity_dispatcher	dharma_swarm.models
dharma_swarm.opportunity_dispatcher	dharma_swarm.runtime_state
dharma_swarm.opportunity_dispatcher	dharma_swarm.spine.identity
dharma_swarm.opportunity_refill	dharma_swarm.autoresearch_loop
dharma_swarm.opportunity_refill	dharma_swarm.daemon_config
dharma_swarm.opportunity_refill	dharma_swarm.economic_engine
dharma_swarm.opportunity_refill	dharma_swarm.opportunity_dispatcher
dharma_swarm.opportunity_refill	dharma_swarm.runtime_state
dharma_swarm.opportunity_refill	dharma_swarm.spine.identity
dharma_swarm.optimizer_bridge	dharma_swarm.runtime_fields
dharma_swarm.optimizers	dharma_swarm.optimizers.nevergrad_adapter
dharma_swarm.optimizers	dharma_swarm.optimizers.textgrad_adapter
dharma_swarm.optimizers.nevergrad_adapter	dharma_swarm.optimizer_bridge
dharma_swarm.optimizers.textgrad_adapter	dharma_swarm.optimizer_bridge
dharma_swarm.orchestrate	dharma_swarm.context
dharma_swarm.orchestrate_live	dharma_swarm
dharma_swarm.orchestrate_live	dharma_swarm.archaeology_ingestion
dharma_swarm.orchestrate_live	dharma_swarm.catalytic_graph
dharma_swarm.orchestrate_live	dharma_swarm.conductors
dharma_swarm.orchestrate_live	dharma_swarm.config
dharma_swarm.orchestrate_live	dharma_swarm.consolidation
dharma_swarm.orchestrate_live	dharma_swarm.constitutional_size_check
dharma_swarm.orchestrate_live	dharma_swarm.context_agent
dharma_swarm.orchestrate_live	dharma_swarm.daemon_config
dharma_swarm.orchestrate_live	dharma_swarm.engine.store_sync
dharma_swarm.orchestrate_live	dharma_swarm.evolution
dharma_swarm.orchestrate_live	dharma_swarm.evolution_safety
dharma_swarm.orchestrate_live	dharma_swarm.fractal.fractal_room
dharma_swarm.orchestrate_live	dharma_swarm.fractal.room_bridge
dharma_swarm.orchestrate_live	dharma_swarm.fractal.room_configs
dharma_swarm.orchestrate_live	dharma_swarm.fractal.room_health
dharma_swarm.orchestrate_live	dharma_swarm.guardian_crew
dharma_swarm.orchestrate_live	dharma_swarm.loop_supervisor
dharma_swarm.orchestrate_live	dharma_swarm.message_bus
dharma_swarm.orchestrate_live	dharma_swarm.meta_daemon
dharma_swarm.orchestrate_live	dharma_swarm.meta_evolution
dharma_swarm.orchestrate_live	dharma_swarm.mission_contract
dharma_swarm.orchestrate_live	dharma_swarm.models
dharma_swarm.orchestrate_live	dharma_swarm.monitor
dharma_swarm.orchestrate_live	dharma_swarm.neural_consolidator
dharma_swarm.orchestrate_live	dharma_swarm.ontology_runtime
dharma_swarm.orchestrate_live	dharma_swarm.pending_proposals
dharma_swarm.orchestrate_live	dharma_swarm.persistent_agent
dharma_swarm.orchestrate_live	dharma_swarm.population_control
dharma_swarm.orchestrate_live	dharma_swarm.providers
dharma_swarm.orchestrate_live	dharma_swarm.pulse
dharma_swarm.orchestrate_live	dharma_swarm.replication_protocol
dharma_swarm.orchestrate_live	dharma_swarm.revenue.scout_daemon
dharma_swarm.orchestrate_live	dharma_swarm.runtime_admission
dharma_swarm.orchestrate_live	dharma_swarm.runtime_artifacts
dharma_swarm.orchestrate_live	dharma_swarm.s4.internal_pressure
dharma_swarm.orchestrate_live	dharma_swarm.self_improve
dharma_swarm.orchestrate_live	dharma_swarm.shakti
dharma_swarm.orchestrate_live	dharma_swarm.signal_bus
dharma_swarm.orchestrate_live	dharma_swarm.skill_bridge
dharma_swarm.orchestrate_live	dharma_swarm.spine.identity
dharma_swarm.orchestrate_live	dharma_swarm.spine.receipt
dharma_swarm.orchestrate_live	dharma_swarm.startup_crew
dharma_swarm.orchestrate_live	dharma_swarm.stigmergy
dharma_swarm.orchestrate_live	dharma_swarm.subconscious
dharma_swarm.orchestrate_live	dharma_swarm.swarm
dharma_swarm.orchestrate_live	dharma_swarm.swarm_health_api
dharma_swarm.orchestrate_live	dharma_swarm.traces
dharma_swarm.orchestrate_live	dharma_swarm.training_flywheel
dharma_swarm.orchestrate_live	dharma_swarm.witness
dharma_swarm.orchestrate_live	dharma_swarm.world_model
dharma_swarm.orchestrate_live	dharma_swarm.world_radar.go_bridge
dharma_swarm.orchestrate_live	dharma_swarm.zeitgeist
dharma_swarm.orchestrator	dharma_swarm
dharma_swarm.orchestrator	dharma_swarm.active_inference
dharma_swarm.orchestrator	dharma_swarm.catalytic_graph
dharma_swarm.orchestrator	dharma_swarm.config
dharma_swarm.orchestrator	dharma_swarm.context_compiler
dharma_swarm.orchestrator	dharma_swarm.correlation_context
dharma_swarm.orchestrator	dharma_swarm.engine.conversation_memory
dharma_swarm.orchestrator	dharma_swarm.graph.durable_invoker
dharma_swarm.orchestrator	dharma_swarm.memory_kernel.orchestrator_context
dharma_swarm.orchestrator	dharma_swarm.memory_lattice
dharma_swarm.orchestrator	dharma_swarm.memory_palace
dharma_swarm.orchestrator	dharma_swarm.mission_contract
dharma_swarm.orchestrator	dharma_swarm.models
dharma_swarm.orchestrator	dharma_swarm.ontology_runtime
dharma_swarm.orchestrator	dharma_swarm.orchestrator_bsp
dharma_swarm.orchestrator	dharma_swarm.provider_truth
dharma_swarm.orchestrator	dharma_swarm.runtime_admission
dharma_swarm.orchestrator	dharma_swarm.runtime_contract
dharma_swarm.orchestrator	dharma_swarm.runtime_lifecycle
dharma_swarm.orchestrator	dharma_swarm.runtime_provider
dharma_swarm.orchestrator	dharma_swarm.runtime_topology
dharma_swarm.orchestrator	dharma_swarm.session_ledger
dharma_swarm.orchestrator	dharma_swarm.sheaf
dharma_swarm.orchestrator	dharma_swarm.signal_bus
dharma_swarm.orchestrator	dharma_swarm.sleep_time_agent
dharma_swarm.orchestrator	dharma_swarm.spine.invoke
dharma_swarm.orchestrator	dharma_swarm.spine.receipt
dharma_swarm.orchestrator	dharma_swarm.spine.routing
dharma_swarm.orchestrator	dharma_swarm.stigmergy
dharma_swarm.orchestrator	dharma_swarm.telic_seam
dharma_swarm.orchestrator	dharma_swarm.telos_gates
dharma_swarm.orchestrator	dharma_swarm.telos_tracker
dharma_swarm.orchestrator	dharma_swarm.traces
dharma_swarm.orchestrator	dharma_swarm.yoga_node
dharma_swarm.orchestrator_bsp	dharma_swarm.models
dharma_swarm.orchestrator_bsp	dharma_swarm.orchestrator
dharma_swarm.organism	dharma_swarm.algedonic_activation
dharma_swarm.organism	dharma_swarm.amiros
dharma_swarm.organism	dharma_swarm.concept_blast_radius
dharma_swarm.organism	dharma_swarm.concept_parser
dharma_swarm.organism	dharma_swarm.daemon_config
dharma_swarm.organism	dharma_swarm.dharma_attractor
dharma_swarm.organism	dharma_swarm.dynamic_correction
dharma_swarm.organism	dharma_swarm.economic_engine
dharma_swarm.organism	dharma_swarm.economic_spine
dharma_swarm.organism	dharma_swarm.graph_store
dharma_swarm.organism	dharma_swarm.identity
dharma_swarm.organism	dharma_swarm.memory_palace
dharma_swarm.organism	dharma_swarm.model_routing
dharma_swarm.organism	dharma_swarm.models
dharma_swarm.organism	dharma_swarm.organism_memory
dharma_swarm.organism	dharma_swarm.revenue.spine
dharma_swarm.organism	dharma_swarm.revenue.telic_bridge
dharma_swarm.organism	dharma_swarm.samvara
dharma_swarm.organism	dharma_swarm.sleep_time_agent
dharma_swarm.organism	dharma_swarm.stigmergy
dharma_swarm.organism	dharma_swarm.strange_loop
dharma_swarm.organism	dharma_swarm.telic_seam
dharma_swarm.organism	dharma_swarm.traces
dharma_swarm.organism	dharma_swarm.vsm_channels
dharma_swarm.organism	dharma_swarm.zeitgeist
dharma_swarm.organism_pulse	dharma_swarm.invariants
dharma_swarm.organism_pulse	dharma_swarm.models
dharma_swarm.organism_pulse	dharma_swarm.self_prediction
dharma_swarm.organism_pulse	dharma_swarm.signal_bus
dharma_swarm.organism_pulse	dharma_swarm.telos_gates
dharma_swarm.organism_pulse	dharma_swarm.transcendence
dharma_swarm.orientation_packet	dharma_swarm.claim_graph
dharma_swarm.orientation_packet	dharma_swarm.dharma_corpus
dharma_swarm.orientation_packet	dharma_swarm.dharma_kernel
dharma_swarm.orientation_packet	dharma_swarm.models
dharma_swarm.ouroboros	dharma_swarm.archive
dharma_swarm.ouroboros	dharma_swarm.metrics
dharma_swarm.ouroboros	dharma_swarm.rv
dharma_swarm.overnight_director	dharma_swarm.archive
dharma_swarm.overnight_director	dharma_swarm.ecc_eval_harness
dharma_swarm.overnight_director	dharma_swarm.loop_supervisor
dharma_swarm.overnight_director	dharma_swarm.overnight_evaluator
dharma_swarm.overnight_director	dharma_swarm.overnight_task_stager
dharma_swarm.overnight_director	dharma_swarm.pulse
dharma_swarm.overnight_director	dharma_swarm.rea_runtime
dharma_swarm.overnight_director	dharma_swarm.self_improve
dharma_swarm.overnight_director	dharma_swarm.training_flywheel
dharma_swarm.overnight_evaluator	dharma_swarm.daemon_config
dharma_swarm.overnight_task_stager	dharma_swarm.daemon_config
dharma_swarm.overseeing_i	dharma_swarm.bridge_coordinator
dharma_swarm.overseeing_i	dharma_swarm.concept_blast_radius
dharma_swarm.overseeing_i	dharma_swarm.daemon_config
dharma_swarm.overseeing_i	dharma_swarm.graph_nexus
dharma_swarm.overseeing_i	dharma_swarm.stigmergy
dharma_swarm.overseeing_i	dharma_swarm.telos_graph
dharma_swarm.overseeing_i	dharma_swarm.traces
dharma_swarm.palantir_pilot	dharma_swarm.palantir_pilot_answers
dharma_swarm.palantir_pilot	dharma_swarm.palantir_pilot_index
dharma_swarm.palantir_pilot	dharma_swarm.palantir_pilot_manifest
dharma_swarm.palantir_pilot_answers	dharma_swarm.engine.hybrid_retriever
dharma_swarm.palantir_pilot_answers	dharma_swarm.engine.knowledge_store
dharma_swarm.palantir_pilot_answers	dharma_swarm.engine.retrieval_feedback
dharma_swarm.palantir_pilot_answers	dharma_swarm.palantir_pilot_index
dharma_swarm.palantir_pilot_answers	dharma_swarm.palantir_pilot_manifest
dharma_swarm.palantir_pilot_index	dharma_swarm.engine.event_memory
dharma_swarm.palantir_pilot_index	dharma_swarm.engine.unified_index
dharma_swarm.palantir_pilot_index	dharma_swarm.palantir_pilot_manifest
dharma_swarm.palantir_pilot_manifest	dharma_swarm.external_agent_registration
dharma_swarm.persistent_agent	dharma_swarm.autonomous_agent
dharma_swarm.persistent_agent	dharma_swarm.daemon_config
dharma_swarm.persistent_agent	dharma_swarm.memory_kernel
dharma_swarm.persistent_agent	dharma_swarm.memory_kernel.context_admission
dharma_swarm.persistent_agent	dharma_swarm.memory_kernel.write_receipts
dharma_swarm.persistent_agent	dharma_swarm.memory_kernel.writers
dharma_swarm.persistent_agent	dharma_swarm.message_bus
dharma_swarm.persistent_agent	dharma_swarm.models
dharma_swarm.persistent_agent	dharma_swarm.profiles
dharma_swarm.persistent_agent	dharma_swarm.stigmergy
dharma_swarm.persistent_agent	dharma_swarm.telos_gates
dharma_swarm.planner	dharma_swarm.model_hierarchy
dharma_swarm.planner	dharma_swarm.models
dharma_swarm.policy_compiler	dharma_swarm.fourfold_action_warrant
dharma_swarm.policy_compiler	dharma_swarm.models
dharma_swarm.policy_compiler	dharma_swarm.structured_predicate
dharma_swarm.population_control	dharma_swarm.agent_constitution
dharma_swarm.population_control	dharma_swarm.agent_registry
dharma_swarm.population_control	dharma_swarm.daemon_config
dharma_swarm.population_control	dharma_swarm.signal_bus
dharma_swarm.postmortem_reader	dharma_swarm.claim_graph
dharma_swarm.postmortem_reader	dharma_swarm.models
dharma_swarm.postmortem_reader	dharma_swarm.semantic_governance
dharma_swarm.pramana	dharma_swarm.models
dharma_swarm.probe_targets	dharma_swarm.execution_profile
dharma_swarm.promotion_gate	dharma_swarm.forge_v1.forge_v2.promote
dharma_swarm.promotion_gate	dharma_swarm.forge_v1.forge_v2.signals
dharma_swarm.promotion_gate	dharma_swarm.forge_v1.forge_v2.verify_promotion
dharma_swarm.prompt_builder	dharma_swarm.context
dharma_swarm.provider_matrix	dharma_swarm
dharma_swarm.provider_matrix	dharma_swarm.key_oracle
dharma_swarm.provider_matrix	dharma_swarm.model_hierarchy
dharma_swarm.provider_matrix	dharma_swarm.model_pool
dharma_swarm.provider_matrix	dharma_swarm.models
dharma_swarm.provider_matrix	dharma_swarm.provider_smoke
dharma_swarm.provider_matrix	dharma_swarm.runtime_provider
dharma_swarm.provider_policy	dharma_swarm.decision_router
dharma_swarm.provider_policy	dharma_swarm.model_hierarchy
dharma_swarm.provider_policy	dharma_swarm.models
dharma_swarm.provider_policy	dharma_swarm.smart_router
dharma_swarm.provider_policy	dharma_swarm.swarm_router
dharma_swarm.provider_policy	dharma_swarm.telemetry_optimizer
dharma_swarm.provider_policy	dharma_swarm.telemetry_plane
dharma_swarm.provider_smoke	api.routers
dharma_swarm.provider_smoke	api.routers.chat
dharma_swarm.provider_smoke	dharma_swarm.api_keys
dharma_swarm.provider_smoke	dharma_swarm.evolution_roster
dharma_swarm.provider_smoke	dharma_swarm.model_pool
dharma_swarm.provider_smoke	dharma_swarm.models
dharma_swarm.provider_smoke	dharma_swarm.ollama_config
dharma_swarm.provider_smoke	dharma_swarm.runtime_provider
dharma_swarm.provider_smoke	dharma_swarm.telemetry_plane
dharma_swarm.provider_transport	dharma_swarm.key_oracle
dharma_swarm.provider_transport	dharma_swarm.models
dharma_swarm.provider_transport	dharma_swarm.provider_policy
dharma_swarm.provider_transport	dharma_swarm.runtime_provider
dharma_swarm.providers	dharma_swarm.api_keys
dharma_swarm.providers	dharma_swarm.base_provider
dharma_swarm.providers	dharma_swarm.codex_cli
dharma_swarm.providers	dharma_swarm.cost_tracker
dharma_swarm.providers	dharma_swarm.jikoku_instrumentation
dharma_swarm.providers	dharma_swarm.key_oracle
dharma_swarm.providers	dharma_swarm.model_hierarchy
dharma_swarm.providers	dharma_swarm.models
dharma_swarm.providers	dharma_swarm.ollama_config
dharma_swarm.providers	dharma_swarm.provider_policy
dharma_swarm.providers	dharma_swarm.provider_transport
dharma_swarm.providers	dharma_swarm.receipt_consumption
dharma_swarm.providers	dharma_swarm.resilience
dharma_swarm.providers	dharma_swarm.router_retrospective
dharma_swarm.providers	dharma_swarm.router_v1
dharma_swarm.providers	dharma_swarm.routing_memory
dharma_swarm.providers	dharma_swarm.runtime_provider
dharma_swarm.providers	dharma_swarm.telemetry_plane
dharma_swarm.providers_extended	dharma_swarm.api_keys
dharma_swarm.providers_extended	dharma_swarm.model_hierarchy
dharma_swarm.providers_extended	dharma_swarm.models
dharma_swarm.providers_extended	dharma_swarm.providers
dharma_swarm.pruner	dharma_swarm.daemon_config
dharma_swarm.pruner	dharma_swarm.semantic_gravity
dharma_swarm.pruner	dharma_swarm.telos_graph
dharma_swarm.pulse	dharma_swarm.api_keys
dharma_swarm.pulse	dharma_swarm.claude_cli
dharma_swarm.pulse	dharma_swarm.context
dharma_swarm.pulse	dharma_swarm.daemon_config
dharma_swarm.pulse	dharma_swarm.memory
dharma_swarm.pulse	dharma_swarm.models
dharma_swarm.pulse	dharma_swarm.orchestrate
dharma_swarm.pulse	dharma_swarm.ouroboros
dharma_swarm.pulse	dharma_swarm.runtime_artifacts
dharma_swarm.pulse	dharma_swarm.shakti
dharma_swarm.pulse	dharma_swarm.sleep_cycle
dharma_swarm.pulse	dharma_swarm.stigmergy
dharma_swarm.pulse	dharma_swarm.subconscious
dharma_swarm.pulse	dharma_swarm.telos_gates
dharma_swarm.pulse	dharma_swarm.thread_manager
dharma_swarm.quality_forge	dharma_swarm.archive
dharma_swarm.quality_forge	dharma_swarm.elegance
dharma_swarm.quality_forge	dharma_swarm.metrics
dharma_swarm.quality_forge	dharma_swarm.models
dharma_swarm.quality_forge	dharma_swarm.ouroboros
dharma_swarm.quality_forge	dharma_swarm.telos_gates
dharma_swarm.quality_gates	dharma_swarm.model_hierarchy
dharma_swarm.quality_gates	dharma_swarm.models
dharma_swarm.receipt_consumption	dharma_swarm.models
dharma_swarm.recursive_discovery	dharma_swarm.event_log
dharma_swarm.recursive_discovery	dharma_swarm.models
dharma_swarm.recursive_discovery	dharma_swarm.runtime_contract
dharma_swarm.replication_protocol	dharma_swarm.agent_constitution
dharma_swarm.replication_protocol	dharma_swarm.agent_registry
dharma_swarm.replication_protocol	dharma_swarm.config
dharma_swarm.replication_protocol	dharma_swarm.daemon_config
dharma_swarm.replication_protocol	dharma_swarm.dharma_kernel
dharma_swarm.replication_protocol	dharma_swarm.genome_inheritance
dharma_swarm.replication_protocol	dharma_swarm.models
dharma_swarm.replication_protocol	dharma_swarm.population_control
dharma_swarm.replication_protocol	dharma_swarm.signal_bus
dharma_swarm.replication_protocol	dharma_swarm.telos_gates
dharma_swarm.research_deadlines	dharma_swarm.daemon_config
dharma_swarm.resident_operator	dharma_swarm.contracts
dharma_swarm.resident_operator	dharma_swarm.conversation_store
dharma_swarm.resident_operator	dharma_swarm.daemon_config
dharma_swarm.resident_operator	dharma_swarm.graduation_engine
dharma_swarm.revenue	dharma_swarm.revenue.intelligence
dharma_swarm.revenue	dharma_swarm.revenue.spine
dharma_swarm.revenue	dharma_swarm.revenue.telic_bridge
dharma_swarm.revenue.intelligence	dharma_swarm.revenue.intel_parser
dharma_swarm.revenue.intelligence	dharma_swarm.revenue.spine
dharma_swarm.revenue.scout_daemon	dharma_swarm.revenue.intelligence
dharma_swarm.revenue.scout_daemon	dharma_swarm.revenue.spine
dharma_swarm.revenue.scout_daemon	dharma_swarm.signal_bus
dharma_swarm.revenue.scout_daemon	dharma_swarm.stigmergy
dharma_swarm.revenue.scout_daemon	scripts.revenue.find_targets
dharma_swarm.revenue.spine	dharma_swarm.economic_engine
dharma_swarm.revenue.spine	dharma_swarm.revenue.spine_models
dharma_swarm.revenue.telic_bridge	dharma_swarm.revenue.spine_models
dharma_swarm.revenue.telic_bridge	dharma_swarm.signal_bus
dharma_swarm.revenue.wedge_pipeline	dharma_swarm.daemon_config
dharma_swarm.revenue.wedge_pipeline	dharma_swarm.engine.store_sync
dharma_swarm.revenue.wedge_pipeline	dharma_swarm.ginko_data
dharma_swarm.revenue.wedge_pipeline	dharma_swarm.ginko_report_gen
dharma_swarm.revenue.wedge_pipeline	dharma_swarm.ginko_signals
dharma_swarm.revenue.wedge_pipeline	dharma_swarm.ontology_runtime
dharma_swarm.revenue.wedge_pipeline	dharma_swarm.signal_bus
dharma_swarm.review_bridge	dharma_swarm.evolution
dharma_swarm.review_bridge	dharma_swarm.quality_forge
dharma_swarm.review_cycle	dharma_swarm.archive
dharma_swarm.review_cycle	dharma_swarm.cron_scheduler
dharma_swarm.review_cycle	dharma_swarm.iteration_depth
dharma_swarm.review_cycle	dharma_swarm.memory
dharma_swarm.review_cycle	dharma_swarm.models
dharma_swarm.review_cycle	dharma_swarm.stigmergy
dharma_swarm.roaming_dispatch_daemon	dharma_swarm.roaming_mailbox
dharma_swarm.roaming_dispatch_daemon	dharma_swarm.roaming_operator_bridge
dharma_swarm.roaming_onboarding	dharma_swarm.a2a.agent_card
dharma_swarm.roaming_onboarding	dharma_swarm.daemon_config
dharma_swarm.roaming_onboarding	dharma_swarm.telemetry_plane
dharma_swarm.roaming_operator_bridge	dharma_swarm.message_bus
dharma_swarm.roaming_operator_bridge	dharma_swarm.operator_bridge
dharma_swarm.roaming_operator_bridge	dharma_swarm.roaming_mailbox
dharma_swarm.roaming_poller	dharma_swarm.roaming_mailbox
dharma_swarm.router_retrospective	dharma_swarm.archive
dharma_swarm.router_retrospective	dharma_swarm.models
dharma_swarm.router_v1	dharma_swarm
dharma_swarm.router_v1	dharma_swarm.model_pool
dharma_swarm.router_v1	dharma_swarm.models
dharma_swarm.router_v1	dharma_swarm.ollama_config
dharma_swarm.router_v1	dharma_swarm.provider_policy
dharma_swarm.router_v1	dharma_swarm.tiny_router_shadow
dharma_swarm.routing_decision_matrix	dharma_swarm.decision_router
dharma_swarm.routing_decision_matrix	dharma_swarm.model_hierarchy
dharma_swarm.routing_decision_matrix	dharma_swarm.models
dharma_swarm.routing_decision_matrix	dharma_swarm.provider_policy
dharma_swarm.routing_decision_matrix	dharma_swarm.providers
dharma_swarm.routing_decision_matrix	dharma_swarm.resilience
dharma_swarm.routing_memory	dharma_swarm.models
dharma_swarm.runtime_agent_server_views	dharma_swarm
dharma_swarm.runtime_agent_server_views	dharma_swarm.cron_scheduler
dharma_swarm.runtime_agent_server_views	dharma_swarm.runtime_platform_views
dharma_swarm.runtime_agent_server_views	dharma_swarm.runtime_state
dharma_swarm.runtime_artifacts	dharma_swarm.runtime_process_identity
dharma_swarm.runtime_control_actions	dharma_swarm.cascade
dharma_swarm.runtime_control_actions	dharma_swarm.checkpoint
dharma_swarm.runtime_control_actions	dharma_swarm.runtime_state
dharma_swarm.runtime_env_loader	dharma_swarm.api_keys
dharma_swarm.runtime_fields	dharma_swarm.models
dharma_swarm.runtime_graph_views	dharma_swarm.runtime_state
dharma_swarm.runtime_lifecycle	dharma_swarm.models
dharma_swarm.runtime_lifecycle	dharma_swarm.runtime_lifecycle_identity
dharma_swarm.runtime_lifecycle	dharma_swarm.runtime_lifecycle_payloads
dharma_swarm.runtime_lifecycle	dharma_swarm.runtime_state
dharma_swarm.runtime_lifecycle	dharma_swarm.runtime_topology
dharma_swarm.runtime_lifecycle	dharma_swarm.session_ledger
dharma_swarm.runtime_lifecycle	dharma_swarm.spine.identity
dharma_swarm.runtime_lifecycle_identity	dharma_swarm.correlation_context
dharma_swarm.runtime_lifecycle_identity	dharma_swarm.models
dharma_swarm.runtime_lifecycle_identity	dharma_swarm.spine.identity
dharma_swarm.runtime_lifecycle_payloads	dharma_swarm.models
dharma_swarm.runtime_platform_views	dharma_swarm.runtime_control_actions
dharma_swarm.runtime_platform_views	dharma_swarm.runtime_state
dharma_swarm.runtime_provider	dharma_swarm.api_keys
dharma_swarm.runtime_provider	dharma_swarm.model_hierarchy
dharma_swarm.runtime_provider	dharma_swarm.models
dharma_swarm.runtime_provider	dharma_swarm.moonshot_provider
dharma_swarm.runtime_provider	dharma_swarm.ollama_config
dharma_swarm.runtime_provider	dharma_swarm.providers
dharma_swarm.runtime_state	dharma_swarm.correlation_context
dharma_swarm.runtime_state	dharma_swarm.engine.event_memory
dharma_swarm.runtime_state	dharma_swarm.spine.identity
dharma_swarm.runtime_telemetry_projector	dharma_swarm.runtime_state
dharma_swarm.runtime_telemetry_projector	dharma_swarm.telemetry_plane
dharma_swarm.runtime_topology	dharma_swarm.models
dharma_swarm.runtime_topology	dharma_swarm.runtime_state
dharma_swarm.runtime_topology	dharma_swarm.spine.identity
dharma_swarm.s4.internal_pressure	dharma_swarm.daemon_config
dharma_swarm.s4.internal_pressure	dharma_swarm.models
dharma_swarm.s4.internal_pressure	dharma_swarm.zeitgeist
dharma_swarm.sakshi	dharma_swarm.sakshi.provenance_log
dharma_swarm.sakshi.provenance_log	dharma_swarm.correlation_context
dharma_swarm.samvara	dharma_swarm.daemon_config
dharma_swarm.samvara	dharma_swarm.runtime_artifacts
dharma_swarm.sandbox	dharma_swarm.docker_sandbox
dharma_swarm.sandbox	dharma_swarm.models
dharma_swarm.sarathi	dharma_swarm.sarathi.contracts
dharma_swarm.sarathi	dharma_swarm.sarathi.identity
dharma_swarm.sarathi	dharma_swarm.sarathi.shell
dharma_swarm.sarathi.adapters.runtime_provider	dharma_swarm.models
dharma_swarm.sarathi.adapters.runtime_provider	dharma_swarm.runtime_provider
dharma_swarm.sarathi.adapters.runtime_provider	dharma_swarm.sarathi.contracts
dharma_swarm.sarathi.adapters.runtime_state	dharma_swarm.runtime_state
dharma_swarm.sarathi.adapters.runtime_state	dharma_swarm.sarathi.contracts
dharma_swarm.sarathi.adapters.runtime_state	dharma_swarm.spine.identity
dharma_swarm.sarathi.contracts	dharma_swarm.sarathi.identity
dharma_swarm.sarathi.contracts	dharma_swarm.spine.identity
dharma_swarm.sarathi.shell	dharma_swarm.runtime_state
dharma_swarm.sarathi.shell	dharma_swarm.sarathi.adapters.runtime_provider
dharma_swarm.sarathi.shell	dharma_swarm.sarathi.adapters.runtime_state
dharma_swarm.sarathi.shell	dharma_swarm.sarathi.contracts
dharma_swarm.sarathi.shell	dharma_swarm.sarathi.identity
dharma_swarm.sarathi.shell	dharma_swarm.spine.identity
dharma_swarm.scout_audit	dharma_swarm.daemon_config
dharma_swarm.scout_framework	dharma_swarm
dharma_swarm.scout_framework	dharma_swarm.kaizen_ops_local
dharma_swarm.scout_framework	dharma_swarm.model_pool
dharma_swarm.scout_framework	dharma_swarm.models
dharma_swarm.scout_framework	dharma_swarm.providers
dharma_swarm.scout_framework	dharma_swarm.scout_report
dharma_swarm.scout_framework	dharma_swarm.stigmergy
dharma_swarm.scout_health	dharma_swarm.daemon_config
dharma_swarm.scout_health	dharma_swarm.scout_audit
dharma_swarm.sealed_packet_apply	dharma_swarm.diff_applier
dharma_swarm.sealed_packet_apply	dharma_swarm.evolution
dharma_swarm.sealed_packet_apply	dharma_swarm.promotion_gate
dharma_swarm.sealed_packet_apply	dharma_swarm.traces
dharma_swarm.selector	dharma_swarm.archive
dharma_swarm.self_improve	dharma_swarm
dharma_swarm.self_improve	dharma_swarm.daemon_config
dharma_swarm.self_improve	dharma_swarm.diff_applier
dharma_swarm.self_improve	dharma_swarm.ecc_eval_harness
dharma_swarm.self_improve	dharma_swarm.evolution
dharma_swarm.self_improve	dharma_swarm.evolution_safety
dharma_swarm.self_improve	dharma_swarm.instinct_bridge
dharma_swarm.self_improve	dharma_swarm.loop_supervisor
dharma_swarm.self_improve	dharma_swarm.overnight_evaluator
dharma_swarm.self_improve	dharma_swarm.review_bridge
dharma_swarm.self_prediction	dharma_swarm.models
dharma_swarm.self_research	dharma_swarm.evaluator
dharma_swarm.semantic_briefs	dharma_swarm.mission_contract
dharma_swarm.semantic_briefs	dharma_swarm.semantic_gravity
dharma_swarm.semantic_digester	dharma_swarm.metrics
dharma_swarm.semantic_digester	dharma_swarm.semantic_gravity
dharma_swarm.semantic_governance	dharma_swarm.claim_graph
dharma_swarm.semantic_governance	dharma_swarm.dharma_corpus
dharma_swarm.semantic_governance	dharma_swarm.models
dharma_swarm.semantic_governance	dharma_swarm.structured_predicate
dharma_swarm.semantic_gravity	dharma_swarm.models
dharma_swarm.semantic_hardener	dharma_swarm.metrics
dharma_swarm.semantic_hardener	dharma_swarm.models
dharma_swarm.semantic_hardener	dharma_swarm.semantic_gravity
dharma_swarm.semantic_memory_bridge	dharma_swarm.engine.event_memory
dharma_swarm.semantic_memory_bridge	dharma_swarm.engine.unified_index
dharma_swarm.semantic_memory_bridge	dharma_swarm.semantic_digester
dharma_swarm.semantic_memory_bridge	dharma_swarm.semantic_gravity
dharma_swarm.semantic_memory_bridge	dharma_swarm.semantic_hardener
dharma_swarm.semantic_memory_bridge	dharma_swarm.semantic_researcher
dharma_swarm.semantic_memory_bridge	dharma_swarm.semantic_synthesizer
dharma_swarm.semantic_researcher	dharma_swarm.semantic_gravity
dharma_swarm.semantic_synthesizer	dharma_swarm.semantic_gravity
dharma_swarm.session_event_bridge	dharma_swarm.runtime_contract
dharma_swarm.session_ledger	dharma_swarm.episode_ledger
dharma_swarm.session_ledger	dharma_swarm.runtime_state
dharma_swarm.shakti	dharma_swarm.models
dharma_swarm.shakti	dharma_swarm.stigmergy
dharma_swarm.shakti_executive	dharma_swarm.shakti_executive.executive
dharma_swarm.shakti_executive	dharma_swarm.shakti_executive.models
dharma_swarm.shakti_executive.executive	dharma_swarm.shakti_executive.inputs
dharma_swarm.shakti_executive.executive	dharma_swarm.shakti_executive.models
dharma_swarm.shakti_executive.executive	dharma_swarm.shakti_executive.scoring
dharma_swarm.shakti_executive.feedback_writer	dharma_swarm.daemon_config
dharma_swarm.shakti_executive.inputs	dharma_swarm.shakti_executive.models
dharma_swarm.shakti_executive.scoring	dharma_swarm.shakti_executive.models
dharma_swarm.shakti_warrant	dharma_swarm.dharma_corpus
dharma_swarm.shakti_warrant	dharma_swarm.models
dharma_swarm.shakti_warrant	dharma_swarm.semantic_governance
dharma_swarm.shakti_warrant	dharma_swarm.shakti
dharma_swarm.shakti_zeitgeist_executive	dharma_swarm.fourfold_action_warrant
dharma_swarm.shakti_zeitgeist_executive	dharma_swarm.models
dharma_swarm.shakti_zeitgeist_executive	dharma_swarm.runtime_state
dharma_swarm.shakti_zeitgeist_executive	dharma_swarm.zeitgeist
dharma_swarm.sheaf	dharma_swarm.anekanta_gate
dharma_swarm.sheaf	dharma_swarm.models
dharma_swarm.skill_bridge	dharma_swarm.benchmark_registry
dharma_swarm.skill_bridge	dharma_swarm.daemon_config
dharma_swarm.skill_bridge	dharma_swarm.pending_proposals
dharma_swarm.skill_bridge	dharma_swarm.signal_bus
dharma_swarm.skill_composer	dharma_swarm.intent_router
dharma_swarm.skill_composer	dharma_swarm.skills
dharma_swarm.sleep_cycle	dharma_swarm.agent_memory
dharma_swarm.sleep_cycle	dharma_swarm.bootstrap
dharma_swarm.sleep_cycle	dharma_swarm.bridge_coordinator
dharma_swarm.sleep_cycle	dharma_swarm.daemon_config
dharma_swarm.sleep_cycle	dharma_swarm.meta_daemon
dharma_swarm.sleep_cycle	dharma_swarm.neural_consolidator
dharma_swarm.sleep_cycle	dharma_swarm.pruner
dharma_swarm.sleep_cycle	dharma_swarm.semantic_memory_bridge
dharma_swarm.sleep_cycle	dharma_swarm.sleep_state
dharma_swarm.sleep_state	dharma_swarm.daemon_config
dharma_swarm.sleep_time_agent	dharma_swarm.knowledge_extractor
dharma_swarm.sleep_time_agent	dharma_swarm.knowledge_units
dharma_swarm.smart_router	dharma_swarm.model_hierarchy
dharma_swarm.smart_router	dharma_swarm.models
dharma_swarm.smart_router	dharma_swarm.router_v1
dharma_swarm.smart_seed_selector	dharma_swarm.daemon_config
dharma_swarm.smart_seed_selector	dharma_swarm.semantic_gravity
dharma_swarm.smart_seed_selector	dharma_swarm.stigmergy
dharma_swarm.smart_seed_selector	dharma_swarm.thinkodynamic_director
dharma_swarm.spine	dharma_swarm.spine.adapters
dharma_swarm.spine	dharma_swarm.spine.identity
dharma_swarm.spine	dharma_swarm.spine.invoke
dharma_swarm.spine	dharma_swarm.spine.receipt
dharma_swarm.spine	dharma_swarm.spine.routing
dharma_swarm.spine	dharma_swarm.spine.warrant
dharma_swarm.spine.adapters	dharma_swarm.spine.identity
dharma_swarm.spine.invoke	dharma_swarm.spine.receipt
dharma_swarm.spine.invoke	dharma_swarm.spine.routing
dharma_swarm.spine.persistence	dharma_swarm.spine.receipt
dharma_swarm.spine.tollbooth	dharma_swarm.spine.identity
dharma_swarm.spine.warrant	dharma_swarm.runtime_state
dharma_swarm.spine.warrant	dharma_swarm.spine.identity
dharma_swarm.startup_crew	dharma_swarm
dharma_swarm.startup_crew	dharma_swarm.api_keys
dharma_swarm.startup_crew	dharma_swarm.conductors
dharma_swarm.startup_crew	dharma_swarm.model_hierarchy
dharma_swarm.startup_crew	dharma_swarm.model_pool
dharma_swarm.startup_crew	dharma_swarm.models
dharma_swarm.startup_crew	dharma_swarm.ollama_config
dharma_swarm.startup_crew	dharma_swarm.runtime_provider
dharma_swarm.startup_crew	dharma_swarm.skills
dharma_swarm.steelman_gate	dharma_swarm.models
dharma_swarm.stigmergy	dharma_swarm._stigmergy_lock
dharma_swarm.stigmergy	dharma_swarm.correlation_context
dharma_swarm.stigmergy	dharma_swarm.models
dharma_swarm.strategy_reinforcer	dharma_swarm.thinkodynamic_scorer
dharma_swarm.subconscious	dharma_swarm.models
dharma_swarm.subconscious	dharma_swarm.stigmergy
dharma_swarm.subconscious_hum	dharma_swarm.models
dharma_swarm.subconscious_hum	dharma_swarm.providers
dharma_swarm.subconscious_hum	dharma_swarm.stigmergy
dharma_swarm.subconscious_v2	dharma_swarm.model_hierarchy
dharma_swarm.subconscious_v2	dharma_swarm.models
dharma_swarm.subconscious_v2	dharma_swarm.runtime_provider
dharma_swarm.subconscious_v2	dharma_swarm.stigmergy
dharma_swarm.swarm	dharma_swarm
dharma_swarm.swarm	dharma_swarm.adaptive_autonomy
dharma_swarm.swarm	dharma_swarm.agent_constitution
dharma_swarm.swarm	dharma_swarm.agent_memory
dharma_swarm.swarm	dharma_swarm.agent_runner
dharma_swarm.swarm	dharma_swarm.auto_proposer
dharma_swarm.swarm	dharma_swarm.bridge
dharma_swarm.swarm	dharma_swarm.canary
dharma_swarm.swarm	dharma_swarm.config
dharma_swarm.swarm	dharma_swarm.context_search
dharma_swarm.swarm	dharma_swarm.contracts.intelligence_agents
dharma_swarm.swarm	dharma_swarm.cron_scheduler
dharma_swarm.swarm	dharma_swarm.daemon_config
dharma_swarm.swarm	dharma_swarm.dag_executor
dharma_swarm.swarm	dharma_swarm.decision_ontology
dharma_swarm.swarm	dharma_swarm.dharma_corpus
dharma_swarm.swarm	dharma_swarm.dharma_kernel
dharma_swarm.swarm	dharma_swarm.ecosystem_bridge
dharma_swarm.swarm	dharma_swarm.engine.conversation_memory
dharma_swarm.swarm	dharma_swarm.engine.event_memory
dharma_swarm.swarm	dharma_swarm.engine.knowledge_store
dharma_swarm.swarm	dharma_swarm.evolution
dharma_swarm.swarm	dharma_swarm.gaia_fitness
dharma_swarm.swarm	dharma_swarm.gaia_ledger
dharma_swarm.swarm	dharma_swarm.gateway
dharma_swarm.swarm	dharma_swarm.gnani_lodestone
dharma_swarm.swarm	dharma_swarm.graph.reconciler
dharma_swarm.swarm	dharma_swarm.handoff
dharma_swarm.swarm	dharma_swarm.intent_router
dharma_swarm.swarm	dharma_swarm.jikoku_instrumentation
dharma_swarm.swarm	dharma_swarm.memory
dharma_swarm.swarm	dharma_swarm.message_bus
dharma_swarm.swarm	dharma_swarm.meta_evolution
dharma_swarm.swarm	dharma_swarm.model_catalog
dharma_swarm.swarm	dharma_swarm.models
dharma_swarm.swarm	dharma_swarm.monitor
dharma_swarm.swarm	dharma_swarm.orchestrator
dharma_swarm.swarm	dharma_swarm.organism
dharma_swarm.swarm	dharma_swarm.policy_compiler
dharma_swarm.swarm	dharma_swarm.profiles
dharma_swarm.swarm	dharma_swarm.providers
dharma_swarm.swarm	dharma_swarm.runtime_artifacts
dharma_swarm.swarm	dharma_swarm.runtime_state
dharma_swarm.swarm	dharma_swarm.skill_composer
dharma_swarm.swarm	dharma_swarm.skills
dharma_swarm.swarm	dharma_swarm.startup_crew
dharma_swarm.swarm	dharma_swarm.stigmergy
dharma_swarm.swarm	dharma_swarm.task_board
dharma_swarm.swarm	dharma_swarm.telemetry_plane
dharma_swarm.swarm	dharma_swarm.telos_gates
dharma_swarm.swarm	dharma_swarm.telos_substrate
dharma_swarm.swarm	dharma_swarm.thinkodynamic_director
dharma_swarm.swarm	dharma_swarm.thread_manager
dharma_swarm.swarm	dharma_swarm.tool_registry
dharma_swarm.swarm	dharma_swarm.traces
dharma_swarm.swarm	dharma_swarm.witness
dharma_swarm.swarm	dharma_swarm.worker_spawn
dharma_swarm.swarm	dharma_swarm.yoga_node
dharma_swarm.swarm_health_api	dharma_swarm.daemon_config
dharma_swarm.swarm_router	dharma_swarm.decision_router
dharma_swarm.swarm_router	dharma_swarm.models
dharma_swarm.swarm_router	dharma_swarm.provider_policy
dharma_swarm.swarm_rv	dharma_swarm.models
dharma_swarm.synthesis_agent	dharma_swarm.runtime_provider
dharma_swarm.synthesis_agent	dharma_swarm.scout_report
dharma_swarm.system_rv	dharma_swarm.archive
dharma_swarm.system_rv	dharma_swarm.models
dharma_swarm.system_rv	dharma_swarm.stigmergy
dharma_swarm.task_board	dharma_swarm.correlation_context
dharma_swarm.task_board	dharma_swarm.models
dharma_swarm.task_board	dharma_swarm.runtime_state
dharma_swarm.task_board	dharma_swarm.spine.adapters
dharma_swarm.task_board	dharma_swarm.spine.identity
dharma_swarm.task_board	dharma_swarm.telos_gates
dharma_swarm.telemetry_optimizer	dharma_swarm.telemetry_plane
dharma_swarm.telemetry_plane	dharma_swarm.correlation_context
dharma_swarm.telemetry_views	dharma_swarm.telemetry_plane
dharma_swarm.telic_seam	dharma_swarm.correlation_context
dharma_swarm.telic_seam	dharma_swarm.lineage
dharma_swarm.telic_seam	dharma_swarm.metrics
dharma_swarm.telic_seam	dharma_swarm.models
dharma_swarm.telic_seam	dharma_swarm.ontology
dharma_swarm.telic_seam	dharma_swarm.ontology_runtime
dharma_swarm.telic_seam	dharma_swarm.shakti_executive.feedback_writer
dharma_swarm.telic_seam	dharma_swarm.signal_bus
dharma_swarm.telos_formal	dharma_swarm.models
dharma_swarm.telos_formal	dharma_swarm.telos_formal_graph
dharma_swarm.telos_formal	dharma_swarm.telos_formal_math
dharma_swarm.telos_formal	dharma_swarm.telos_formal_models
dharma_swarm.telos_formal	dharma_swarm.telos_gates
dharma_swarm.telos_formal_graph	dharma_swarm.telos_formal_models
dharma_swarm.telos_formal_models	dharma_swarm.models
dharma_swarm.telos_formal_models	dharma_swarm.telos_formal_math
dharma_swarm.telos_gates	dharma_swarm.anekanta_gate
dharma_swarm.telos_gates	dharma_swarm.dogma_gate
dharma_swarm.telos_gates	dharma_swarm.metrics
dharma_swarm.telos_gates	dharma_swarm.models
dharma_swarm.telos_gates	dharma_swarm.organism
dharma_swarm.telos_gates	dharma_swarm.steelman_gate
dharma_swarm.telos_gates	dharma_swarm.telos_gates_witness_enhancement
dharma_swarm.telos_gates	dharma_swarm.telos_payload_classifier
dharma_swarm.telos_gates	dharma_swarm.telos_receipts
dharma_swarm.telos_gates	dharma_swarm.telos_reroute
dharma_swarm.telos_gates_witness_enhancement	dharma_swarm.models
dharma_swarm.telos_graph	dharma_swarm.models
dharma_swarm.telos_receipts	dharma_swarm.models
dharma_swarm.telos_receipts	dharma_swarm.telos_formal
dharma_swarm.telos_receipts	dharma_swarm.telos_formal_models
dharma_swarm.telos_reroute	dharma_swarm.models
dharma_swarm.telos_substrate	dharma_swarm.bridge_registry
dharma_swarm.telos_substrate	dharma_swarm.daemon_config
dharma_swarm.telos_substrate	dharma_swarm.models
dharma_swarm.telos_substrate	dharma_swarm.semantic_gravity
dharma_swarm.telos_substrate	dharma_swarm.telos_graph
dharma_swarm.telos_tracker	dharma_swarm.telos_graph
dharma_swarm.temporal_graph	dharma_swarm.models
dharma_swarm.terminal_adapters.claude	dharma_swarm
dharma_swarm.terminal_bridge	dharma_swarm
dharma_swarm.terminal_bridge	dharma_swarm.cascade
dharma_swarm.terminal_bridge	dharma_swarm.claude_hooks
dharma_swarm.terminal_bridge	dharma_swarm.context
dharma_swarm.terminal_bridge	dharma_swarm.key_oracle
dharma_swarm.terminal_bridge	dharma_swarm.memory_common
dharma_swarm.terminal_bridge	dharma_swarm.model_status
dharma_swarm.terminal_bridge	dharma_swarm.operator_core
dharma_swarm.terminal_bridge	dharma_swarm.operator_core.session_store
dharma_swarm.terminal_bridge	dharma_swarm.operator_views
dharma_swarm.terminal_bridge	dharma_swarm.orientation_packet
dharma_swarm.terminal_bridge	dharma_swarm.runtime_state
dharma_swarm.terminal_bridge	dharma_swarm.terminal_bridge_chat
dharma_swarm.terminal_bridge	dharma_swarm.terminal_bridge_session_runtime
dharma_swarm.terminal_bridge	dharma_swarm.terminal_bridge_session_types
dharma_swarm.terminal_bridge	dharma_swarm.terminal_bridge_text
dharma_swarm.terminal_bridge	dharma_swarm.terminal_control
dharma_swarm.terminal_bridge	dharma_swarm.tui
dharma_swarm.terminal_bridge	dharma_swarm.tui.commands
dharma_swarm.terminal_bridge	dharma_swarm.tui.commands.system_commands
dharma_swarm.terminal_bridge	dharma_swarm.tui.engine.adapters
dharma_swarm.terminal_bridge	dharma_swarm.tui.engine.events
dharma_swarm.terminal_bridge	dharma_swarm.tui.model_routing
dharma_swarm.terminal_bridge	dharma_swarm.tui_helpers
dharma_swarm.terminal_bridge	dharma_swarm.workspace_topology
dharma_swarm.terminal_bridge_chat	dharma_swarm.terminal_bridge_session_types
dharma_swarm.terminal_bridge_chat	dharma_swarm.tui
dharma_swarm.terminal_bridge_chat	dharma_swarm.tui.engine.events
dharma_swarm.terminal_bridge_chat	dharma_swarm.tui.model_routing
dharma_swarm.terminal_bridge_session_runtime	dharma_swarm.operator_core.session_lifecycle
dharma_swarm.terminal_bridge_session_runtime	dharma_swarm.terminal_bridge_session_types
dharma_swarm.terminal_bridge_session_runtime	dharma_swarm.tui
dharma_swarm.terminal_bridge_session_runtime	dharma_swarm.tui.engine.events
dharma_swarm.terminal_bridge_session_runtime	dharma_swarm.tui.model_routing
dharma_swarm.terminal_bridge_session_types	dharma_swarm.operator_core.session_lifecycle
dharma_swarm.terminal_commands._helpers	dharma_swarm.daemon_config
dharma_swarm.terminal_commands._helpers	dharma_swarm.swarm
dharma_swarm.terminal_commands._helpers	dharma_swarm.task_board
dharma_swarm.terminal_commands._status_helpers	dharma_swarm
dharma_swarm.terminal_commands._status_helpers	dharma_swarm.daemon_config
dharma_swarm.terminal_commands._status_helpers	dharma_swarm.evolution
dharma_swarm.terminal_commands._status_helpers	dharma_swarm.runtime_artifacts
dharma_swarm.terminal_commands._status_helpers	dharma_swarm.startup_crew
dharma_swarm.terminal_commands._status_helpers	dharma_swarm.telos_gates
dharma_swarm.terminal_commands._status_helpers	dharma_swarm.terminal_commands._helpers
dharma_swarm.terminal_commands._status_helpers	dharma_swarm.terminal_commands._status_readonly
dharma_swarm.terminal_commands._status_helpers	dharma_swarm.tui
dharma_swarm.terminal_commands._status_helpers	dharma_swarm.tui.app
dharma_swarm.terminal_commands.agents	dharma_swarm
dharma_swarm.terminal_commands.agents	dharma_swarm.autonomous_agent
dharma_swarm.terminal_commands.agents	dharma_swarm.holon_health
dharma_swarm.terminal_commands.agents	dharma_swarm.holon_killswitch
dharma_swarm.terminal_commands.agents	dharma_swarm.models
dharma_swarm.terminal_commands.agents	dharma_swarm.terminal_commands._helpers
dharma_swarm.terminal_commands.agents	scripts.holon_run
dharma_swarm.terminal_commands.agents	scripts.holon_talk
dharma_swarm.terminal_commands.data_loop	dharma_swarm.evaluation_registry
dharma_swarm.terminal_commands.data_loop	dharma_swarm.flywheel_exporter
dharma_swarm.terminal_commands.data_loop	dharma_swarm.integrations
dharma_swarm.terminal_commands.data_loop	dharma_swarm.memory_lattice
dharma_swarm.terminal_commands.data_loop	dharma_swarm.runtime_state
dharma_swarm.terminal_commands.data_loop	dharma_swarm.terminal_commands._helpers
dharma_swarm.terminal_commands.diagnostics	dharma_swarm.catalytic_graph
dharma_swarm.terminal_commands.diagnostics	dharma_swarm.daemon_config
dharma_swarm.terminal_commands.diagnostics	dharma_swarm.doctor
dharma_swarm.terminal_commands.diagnostics	dharma_swarm.ecosystem_map
dharma_swarm.terminal_commands.diagnostics	dharma_swarm.ginko_brier
dharma_swarm.terminal_commands.diagnostics	dharma_swarm.invariants
dharma_swarm.terminal_commands.diagnostics	dharma_swarm.organism_pulse
dharma_swarm.terminal_commands.diagnostics	dharma_swarm.pulse
dharma_swarm.terminal_commands.diagnostics	dharma_swarm.signal_bus
dharma_swarm.terminal_commands.diagnostics	dharma_swarm.task_board
dharma_swarm.terminal_commands.diagnostics	dharma_swarm.terminal_commands._helpers
dharma_swarm.terminal_commands.diagnostics	dharma_swarm.terminal_commands._status_helpers
dharma_swarm.terminal_commands.evolution	dharma_swarm.archive
dharma_swarm.terminal_commands.evolution	dharma_swarm.evolution_roster
dharma_swarm.terminal_commands.evolution	dharma_swarm.models
dharma_swarm.terminal_commands.evolution	dharma_swarm.terminal_commands._helpers
dharma_swarm.terminal_commands.governance	dharma_swarm.custodians
dharma_swarm.terminal_commands.governance	dharma_swarm.dharma_corpus
dharma_swarm.terminal_commands.governance	dharma_swarm.dharma_kernel
dharma_swarm.terminal_commands.governance	dharma_swarm.stigmergy
dharma_swarm.terminal_commands.governance	dharma_swarm.telos_gates
dharma_swarm.terminal_commands.governance	dharma_swarm.terminal_commands._helpers
dharma_swarm.terminal_commands.infrastructure	dharma_swarm.adaptive_autonomy
dharma_swarm.terminal_commands.infrastructure	dharma_swarm.bootstrap
dharma_swarm.terminal_commands.infrastructure	dharma_swarm.free_fleet
dharma_swarm.terminal_commands.infrastructure	dharma_swarm.gateway.runner
dharma_swarm.terminal_commands.infrastructure	dharma_swarm.intent_router
dharma_swarm.terminal_commands.infrastructure	dharma_swarm.model_catalog
dharma_swarm.terminal_commands.infrastructure	dharma_swarm.model_manager
dharma_swarm.terminal_commands.infrastructure	dharma_swarm.provider_matrix
dharma_swarm.terminal_commands.infrastructure	dharma_swarm.provider_smoke
dharma_swarm.terminal_commands.infrastructure	dharma_swarm.skills
dharma_swarm.terminal_commands.infrastructure	dharma_swarm.telos_gates
dharma_swarm.terminal_commands.infrastructure	dharma_swarm.terminal_commands._helpers
dharma_swarm.terminal_commands.intent	dharma_swarm.operator_core.intent_payloads
dharma_swarm.terminal_commands.lifecycle	dharma_swarm.full_power_probe
dharma_swarm.terminal_commands.lifecycle	dharma_swarm.orchestrate
dharma_swarm.terminal_commands.lifecycle	dharma_swarm.orchestrate_live
dharma_swarm.terminal_commands.lifecycle	dharma_swarm.runtime_admission
dharma_swarm.terminal_commands.lifecycle	dharma_swarm.terminal_commands._helpers
dharma_swarm.terminal_commands.memory	dharma_swarm.context
dharma_swarm.terminal_commands.memory	dharma_swarm.context_search
dharma_swarm.terminal_commands.memory	dharma_swarm.ecosystem_map
dharma_swarm.terminal_commands.memory	dharma_swarm.memory
dharma_swarm.terminal_commands.memory	dharma_swarm.memory_common
dharma_swarm.terminal_commands.memory	dharma_swarm.models
dharma_swarm.terminal_commands.memory	dharma_swarm.routing_memory
dharma_swarm.terminal_commands.memory	dharma_swarm.terminal_commands._helpers
dharma_swarm.terminal_commands.meta	dharma_swarm
dharma_swarm.terminal_commands.meta	dharma_swarm.catalytic_graph
dharma_swarm.terminal_commands.meta	dharma_swarm.field_graph
dharma_swarm.terminal_commands.meta	dharma_swarm.field_knowledge_base
dharma_swarm.terminal_commands.meta	dharma_swarm.intent_router
dharma_swarm.terminal_commands.meta	dharma_swarm.overseeing_i
dharma_swarm.terminal_commands.meta	dharma_swarm.pruner
dharma_swarm.terminal_commands.meta	dharma_swarm.skills
dharma_swarm.terminal_commands.meta	dharma_swarm.terminal_commands._helpers
dharma_swarm.terminal_commands.meta	dharma_swarm.xray
dharma_swarm.terminal_commands.operator	dharma_swarm.cron_daemon
dharma_swarm.terminal_commands.operator	dharma_swarm.cron_runner
dharma_swarm.terminal_commands.operator	dharma_swarm.cron_scheduler
dharma_swarm.terminal_commands.operator	dharma_swarm.foreman
dharma_swarm.terminal_commands.operator	dharma_swarm.iteration_depth
dharma_swarm.terminal_commands.operator	dharma_swarm.master_prompt_engineer
dharma_swarm.terminal_commands.operator	dharma_swarm.research_deadlines
dharma_swarm.terminal_commands.operator	dharma_swarm.review_cycle
dharma_swarm.terminal_commands.operator	dharma_swarm.terminal_commands._helpers
dharma_swarm.terminal_commands.ouroboros	dharma_swarm.evaluation_registry
dharma_swarm.terminal_commands.ouroboros	dharma_swarm.memory_lattice
dharma_swarm.terminal_commands.ouroboros	dharma_swarm.ouroboros
dharma_swarm.terminal_commands.ouroboros	dharma_swarm.runtime_state
dharma_swarm.terminal_commands.ouroboros	dharma_swarm.terminal_commands._helpers
dharma_swarm.terminal_commands.semantic	dharma_swarm.integrations
dharma_swarm.terminal_commands.semantic	dharma_swarm.mission_contract
dharma_swarm.terminal_commands.semantic	dharma_swarm.semantic_briefs
dharma_swarm.terminal_commands.semantic	dharma_swarm.semantic_digester
dharma_swarm.terminal_commands.semantic	dharma_swarm.semantic_gravity
dharma_swarm.terminal_commands.semantic	dharma_swarm.semantic_hardener
dharma_swarm.terminal_commands.semantic	dharma_swarm.semantic_researcher
dharma_swarm.terminal_commands.semantic	dharma_swarm.semantic_synthesizer
dharma_swarm.terminal_commands.semantic	dharma_swarm.terminal_commands._helpers
dharma_swarm.terminal_commands.status	dharma_swarm.integrations
dharma_swarm.terminal_commands.status	dharma_swarm.mission_contract
dharma_swarm.terminal_commands.status	dharma_swarm.terminal_commands._helpers
dharma_swarm.terminal_commands.status	dharma_swarm.terminal_commands._status_helpers
dharma_swarm.terminal_commands.status	dharma_swarm.tui_helpers
dharma_swarm.terminal_commands.status	dharma_swarm.workspace_topology
dharma_swarm.terminal_commands.stigmergy	dharma_swarm.cascade
dharma_swarm.terminal_commands.stigmergy	dharma_swarm.elegance
dharma_swarm.terminal_commands.stigmergy	dharma_swarm.metrics
dharma_swarm.terminal_commands.stigmergy	dharma_swarm.stigmergy
dharma_swarm.terminal_commands.stigmergy	dharma_swarm.subconscious
dharma_swarm.terminal_commands.stigmergy	dharma_swarm.terminal_commands._helpers
dharma_swarm.terminal_commands.surfaces	dharma_swarm.prompt_builder
dharma_swarm.terminal_commands.surfaces	dharma_swarm.terminal_commands._helpers
dharma_swarm.terminal_commands.surfaces	dharma_swarm.tui
dharma_swarm.terminal_commands.surfaces	dharma_swarm.tui_legacy
dharma_swarm.terminal_overnight_supervisor	dharma_swarm.codex_cli
dharma_swarm.terminal_overnight_supervisor	dharma_swarm.codex_overnight
dharma_swarm.thermodynamic	dharma_swarm.models
dharma_swarm.thinkodynamic_canary	dharma_swarm.daemon_config
dharma_swarm.thinkodynamic_director	dharma_swarm
dharma_swarm.thinkodynamic_director	dharma_swarm.codex_cli
dharma_swarm.thinkodynamic_director	dharma_swarm.daemon_config
dharma_swarm.thinkodynamic_director	dharma_swarm.engine.conversation_memory
dharma_swarm.thinkodynamic_director	dharma_swarm.handoff
dharma_swarm.thinkodynamic_director	dharma_swarm.jikoku_samaya
dharma_swarm.thinkodynamic_director	dharma_swarm.mission_contract
dharma_swarm.thinkodynamic_director	dharma_swarm.model_hierarchy
dharma_swarm.thinkodynamic_director	dharma_swarm.model_pool
dharma_swarm.thinkodynamic_director	dharma_swarm.models
dharma_swarm.thinkodynamic_director	dharma_swarm.overseeing_i
dharma_swarm.thinkodynamic_director	dharma_swarm.prompt_builder
dharma_swarm.thinkodynamic_director	dharma_swarm.runtime_provider
dharma_swarm.thinkodynamic_director	dharma_swarm.smart_seed_selector
dharma_swarm.thinkodynamic_director	dharma_swarm.task_board
dharma_swarm.thinkodynamic_director	dharma_swarm.telos_graph
dharma_swarm.thread_manager	dharma_swarm.daemon_config
dharma_swarm.tool_registry	dharma_swarm.runtime_state
dharma_swarm.tool_registry	dharma_swarm.spine.adapters
dharma_swarm.tool_registry	dharma_swarm.spine.identity
dharma_swarm.topology_genome	dharma_swarm.workflow
dharma_swarm.trace_attractor	dharma_swarm.trace_attractor.models
dharma_swarm.trace_attractor	dharma_swarm.trace_attractor.projector
dharma_swarm.trace_attractor	dharma_swarm.trace_attractor.readers
dharma_swarm.trace_attractor.cli	dharma_swarm.ontology_runtime
dharma_swarm.trace_attractor.cli	dharma_swarm.runtime_state
dharma_swarm.trace_attractor.cli	dharma_swarm.telemetry_plane
dharma_swarm.trace_attractor.cli	dharma_swarm.trace_attractor.projector
dharma_swarm.trace_attractor.cli	dharma_swarm.trace_attractor.readers
dharma_swarm.trace_attractor.projector	dharma_swarm.trace_attractor.models
dharma_swarm.trace_attractor.readers	dharma_swarm.ontology
dharma_swarm.trace_attractor.readers	dharma_swarm.trace_attractor.models
dharma_swarm.traces	dharma_swarm.archive
dharma_swarm.traces	dharma_swarm.correlation_context
dharma_swarm.traces	dharma_swarm.daemon_config
dharma_swarm.traces	dharma_swarm.models
dharma_swarm.training_flywheel	dharma_swarm.dataset_builder
dharma_swarm.training_flywheel	dharma_swarm.economic_engine
dharma_swarm.training_flywheel	dharma_swarm.model_registry
dharma_swarm.training_flywheel	dharma_swarm.resource_scout
dharma_swarm.training_flywheel	dharma_swarm.strategy_reinforcer
dharma_swarm.training_flywheel	dharma_swarm.trajectory_collector
dharma_swarm.transcendence	dharma_swarm.models
dharma_swarm.transcendence	dharma_swarm.transcendence_aggregation
dharma_swarm.transcendence	dharma_swarm.transcendence_metrics
dharma_swarm.trishula_bridge	dharma_swarm.models
dharma_swarm.tui	dharma_swarm.tui.app
dharma_swarm.tui.app	dharma_swarm.api_keys
dharma_swarm.tui.app	dharma_swarm.archive
dharma_swarm.tui.app	dharma_swarm.context
dharma_swarm.tui.app	dharma_swarm.conversation_log
dharma_swarm.tui.app	dharma_swarm.dharma_corpus
dharma_swarm.tui.app	dharma_swarm.dharma_kernel
dharma_swarm.tui.app	dharma_swarm.ecosystem_bridge
dharma_swarm.tui.app	dharma_swarm.memory_common
dharma_swarm.tui.app	dharma_swarm.prompt_builder
dharma_swarm.tui.app	dharma_swarm.pulse
dharma_swarm.tui.app	dharma_swarm.stigmergy
dharma_swarm.tui.app	dharma_swarm.subconscious
dharma_swarm.tui.app	dharma_swarm.swarm
dharma_swarm.tui.app	dharma_swarm.telos_gates
dharma_swarm.tui.app	dharma_swarm.tui.commands.palette
dharma_swarm.tui.app	dharma_swarm.tui.commands.system_commands
dharma_swarm.tui.app	dharma_swarm.tui.engine.adapters
dharma_swarm.tui.app	dharma_swarm.tui.engine.events
dharma_swarm.tui.app	dharma_swarm.tui.engine.provider_runner
dharma_swarm.tui.app	dharma_swarm.tui.engine.session_state
dharma_swarm.tui.app	dharma_swarm.tui.engine.session_store
dharma_swarm.tui.app	dharma_swarm.tui.model_routing
dharma_swarm.tui.app	dharma_swarm.tui.screens.btw
dharma_swarm.tui.app	dharma_swarm.tui.screens.command_center
dharma_swarm.tui.app	dharma_swarm.tui.screens.main
dharma_swarm.tui.app	dharma_swarm.tui.screens.splash
dharma_swarm.tui.app	dharma_swarm.tui.theme.dharma_dark
dharma_swarm.tui.app	dharma_swarm.tui.widgets.prompt_input
dharma_swarm.tui.app	dharma_swarm.tui.widgets.status_bar
dharma_swarm.tui.app	dharma_swarm.tui.widgets.stream_output
dharma_swarm.tui.app	dharma_swarm.tui_helpers
dharma_swarm.tui.commands	dharma_swarm.tui.commands.palette
dharma_swarm.tui.commands	dharma_swarm.tui.commands.system_commands
dharma_swarm.tui.commands.palette	dharma_swarm.tui.widgets.prompt_input
dharma_swarm.tui.engine	dharma_swarm.tui.engine.event_types
dharma_swarm.tui.engine	dharma_swarm.tui.engine.events
dharma_swarm.tui.engine	dharma_swarm.tui.engine.governance
dharma_swarm.tui.engine	dharma_swarm.tui.engine.provider_runner
dharma_swarm.tui.engine	dharma_swarm.tui.engine.session_state
dharma_swarm.tui.engine	dharma_swarm.tui.engine.session_store
dharma_swarm.tui.engine	dharma_swarm.tui.engine.stream_parser
dharma_swarm.tui.engine.adapters	dharma_swarm.tui.engine.adapters.base
dharma_swarm.tui.engine.adapters	dharma_swarm.tui.engine.adapters.claude
dharma_swarm.tui.engine.adapters	dharma_swarm.tui.engine.adapters.codex
dharma_swarm.tui.engine.adapters	dharma_swarm.tui.engine.adapters.openrouter
dharma_swarm.tui.engine.adapters.base	dharma_swarm.tui.engine.events
dharma_swarm.tui.engine.adapters.claude	dharma_swarm
dharma_swarm.tui.engine.adapters.claude	dharma_swarm.model_pool
dharma_swarm.tui.engine.adapters.claude	dharma_swarm.models
dharma_swarm.tui.engine.adapters.claude	dharma_swarm.tui.engine.adapters.base
dharma_swarm.tui.engine.adapters.claude	dharma_swarm.tui.engine.adapters.claude_cli
dharma_swarm.tui.engine.adapters.claude	dharma_swarm.tui.engine.adapters.claude_process
dharma_swarm.tui.engine.adapters.claude	dharma_swarm.tui.engine.event_types
dharma_swarm.tui.engine.adapters.claude	dharma_swarm.tui.engine.events
dharma_swarm.tui.engine.adapters.claude	dharma_swarm.tui.engine.stream_parser
dharma_swarm.tui.engine.adapters.claude_cli	dharma_swarm.tui.engine.adapters.base
dharma_swarm.tui.engine.adapters.codex	dharma_swarm
dharma_swarm.tui.engine.adapters.codex	dharma_swarm.codex_cli
dharma_swarm.tui.engine.adapters.codex	dharma_swarm.model_pool
dharma_swarm.tui.engine.adapters.codex	dharma_swarm.models
dharma_swarm.tui.engine.adapters.codex	dharma_swarm.tui.engine.adapters.base
dharma_swarm.tui.engine.adapters.codex	dharma_swarm.tui.engine.events
dharma_swarm.tui.engine.adapters.openrouter	dharma_swarm
dharma_swarm.tui.engine.adapters.openrouter	dharma_swarm.api_keys
dharma_swarm.tui.engine.adapters.openrouter	dharma_swarm.model_hierarchy
dharma_swarm.tui.engine.adapters.openrouter	dharma_swarm.model_pool
dharma_swarm.tui.engine.adapters.openrouter	dharma_swarm.models
dharma_swarm.tui.engine.adapters.openrouter	dharma_swarm.tui.engine.adapters.base
dharma_swarm.tui.engine.adapters.openrouter	dharma_swarm.tui.engine.events
dharma_swarm.tui.engine.governance	dharma_swarm.tui.engine.events
dharma_swarm.tui.engine.provider_runner	dharma_swarm.tui.engine.adapters
dharma_swarm.tui.engine.provider_runner	dharma_swarm.tui.engine.events
dharma_swarm.tui.engine.provider_runner	dharma_swarm.tui.engine.governance
dharma_swarm.tui.engine.provider_runner	dharma_swarm.tui.engine.session_store
dharma_swarm.tui.engine.session_state	dharma_swarm.tui.engine.event_types
dharma_swarm.tui.engine.session_state	dharma_swarm.tui.engine.events
dharma_swarm.tui.engine.session_store	dharma_swarm.continuity_harness
dharma_swarm.tui.engine.session_store	dharma_swarm.session_event_bridge
dharma_swarm.tui.engine.session_store	dharma_swarm.tui.engine.events
dharma_swarm.tui.engine.stream_parser	dharma_swarm.tui.engine.event_types
dharma_swarm.tui.model_routing	dharma_swarm
dharma_swarm.tui.model_routing	dharma_swarm.key_oracle
dharma_swarm.tui.model_routing	dharma_swarm.model_pool
dharma_swarm.tui.model_routing	dharma_swarm.models
dharma_swarm.tui.screens	dharma_swarm.tui.screens.btw
dharma_swarm.tui.screens	dharma_swarm.tui.screens.command_center
dharma_swarm.tui.screens	dharma_swarm.tui.screens.main
dharma_swarm.tui.screens	dharma_swarm.tui.screens.splash
dharma_swarm.tui.screens.btw	dharma_swarm.tui.engine.adapters
dharma_swarm.tui.screens.btw	dharma_swarm.tui.engine.events
dharma_swarm.tui.screens.btw	dharma_swarm.tui.engine.provider_runner
dharma_swarm.tui.screens.btw	dharma_swarm.tui.engine.session_state
dharma_swarm.tui.screens.btw	dharma_swarm.tui.widgets.prompt_input
dharma_swarm.tui.screens.btw	dharma_swarm.tui.widgets.stream_output
dharma_swarm.tui.screens.command_center	dharma_swarm.archive
dharma_swarm.tui.screens.command_center	dharma_swarm.lineage
dharma_swarm.tui.screens.command_center	dharma_swarm.monitor
dharma_swarm.tui.screens.command_center	dharma_swarm.ontology_runtime
dharma_swarm.tui.screens.command_center	dharma_swarm.traces
dharma_swarm.tui.screens.command_center	dharma_swarm.tui.widgets.agent_table
dharma_swarm.tui.screens.command_center	dharma_swarm.tui.widgets.evolution_panel
dharma_swarm.tui.screens.command_center	dharma_swarm.tui.widgets.health_panel
dharma_swarm.tui.screens.command_center	dharma_swarm.tui.widgets.lineage_explorer
dharma_swarm.tui.screens.command_center	dharma_swarm.tui.widgets.ontology_browser
dharma_swarm.tui.screens.main	dharma_swarm.tui.widgets.prompt_input
dharma_swarm.tui.screens.main	dharma_swarm.tui.widgets.status_bar
dharma_swarm.tui.screens.main	dharma_swarm.tui.widgets.stream_output
dharma_swarm.tui.screens.splash	dharma_swarm.splash
dharma_swarm.tui.theme	dharma_swarm.tui.theme.dharma_dark
dharma_swarm.tui.tui_launcher	dharma_swarm.tui
dharma_swarm.tui.tui_launcher	dharma_swarm.tui_legacy
dharma_swarm.tui.widgets	dharma_swarm.tui.widgets.agent_table
dharma_swarm.tui.widgets	dharma_swarm.tui.widgets.evolution_panel
dharma_swarm.tui.widgets	dharma_swarm.tui.widgets.health_panel
dharma_swarm.tui.widgets	dharma_swarm.tui.widgets.lineage_explorer
dharma_swarm.tui.widgets	dharma_swarm.tui.widgets.ontology_browser
dharma_swarm.tui.widgets	dharma_swarm.tui.widgets.prompt_input
dharma_swarm.tui.widgets	dharma_swarm.tui.widgets.status_bar
dharma_swarm.tui.widgets	dharma_swarm.tui.widgets.stream_output
dharma_swarm.tui.widgets	dharma_swarm.tui.widgets.thinking_panel
dharma_swarm.tui.widgets	dharma_swarm.tui.widgets.tool_call_card
dharma_swarm.tui.widgets.agent_table	dharma_swarm.daemon_config
dharma_swarm.tui.widgets.stream_output	dharma_swarm.tui.engine.event_types
dharma_swarm.tui.widgets.stream_output	dharma_swarm.tui.engine.events
dharma_swarm.tui_helpers	dharma_swarm.archive
dharma_swarm.tui_helpers	dharma_swarm.experiment_log
dharma_swarm.tui_helpers	dharma_swarm.experiment_memory
dharma_swarm.tui_legacy	dharma_swarm.api_keys
dharma_swarm.tui_legacy	dharma_swarm.context
dharma_swarm.tui_legacy	dharma_swarm.dharma_corpus
dharma_swarm.tui_legacy	dharma_swarm.ecosystem_bridge
dharma_swarm.tui_legacy	dharma_swarm.prompt_builder
dharma_swarm.tui_legacy	dharma_swarm.pulse
dharma_swarm.tui_legacy	dharma_swarm.splash
dharma_swarm.tui_legacy	dharma_swarm.subconscious
dharma_swarm.tui_legacy	dharma_swarm.swarm
dharma_swarm.tui_legacy	dharma_swarm.telos_gates
dharma_swarm.tui_legacy	dharma_swarm.terminal_commands._helpers
dharma_swarm.ucb_selector	dharma_swarm.archive
dharma_swarm.vault_bridge	dharma_swarm.semantic_digester
dharma_swarm.vault_bridge	dharma_swarm.semantic_gravity
dharma_swarm.vector_store	dharma_swarm.embedders
dharma_swarm.vector_store	dharma_swarm.vector_fallback_guard
dharma_swarm.verifier_ranker_v0	dharma_swarm.verifier_ranker_v0.redaction
dharma_swarm.verifier_ranker_v0	dharma_swarm.verifier_ranker_v0.schemas
dharma_swarm.verifier_ranker_v0.package	dharma_swarm.verifier_ranker_v0.schemas
dharma_swarm.verify	dharma_swarm.verify.comprehension
dharma_swarm.verify	dharma_swarm.verify.reporter
dharma_swarm.verify	dharma_swarm.verify.reviewer
dharma_swarm.verify	dharma_swarm.verify.scorer
dharma_swarm.verify.github_app	dharma_swarm.verify.reviewer
dharma_swarm.verify.reporter	dharma_swarm.verify.reviewer
dharma_swarm.verify.reviewer	dharma_swarm.diff_applier
dharma_swarm.verify.reviewer	dharma_swarm.verify.reporter
dharma_swarm.verify.reviewer	dharma_swarm.verify.scorer
dharma_swarm.viz_projection	dharma_swarm.daemon_config
dharma_swarm.viz_projection	dharma_swarm.economic_engine
dharma_swarm.viz_projection	dharma_swarm.trajectory_collector
dharma_swarm.vsm_channels	dharma_swarm.daemon_config
dharma_swarm.vsm_channels	dharma_swarm.models
dharma_swarm.wiki_vector_ingest	dharma_swarm.chetana.manifest
dharma_swarm.wiki_vector_ingest	dharma_swarm.daemon_config
dharma_swarm.wiki_vector_ingest	scripts.memory_retrieval_sync_index
dharma_swarm.wiki_vector_ingest	scripts.vector_store_backfill_memory_sources
dharma_swarm.wiki_vector_ingest	scripts.vector_store_reembed_vec0
dharma_swarm.witness	dharma_swarm.agent_memory
dharma_swarm.witness	dharma_swarm.model_hierarchy
dharma_swarm.witness	dharma_swarm.models
dharma_swarm.witness	dharma_swarm.signal_bus
dharma_swarm.witness	dharma_swarm.stigmergy
dharma_swarm.witness	dharma_swarm.traces
dharma_swarm.worker_spawn	dharma_swarm.agent_constitution
dharma_swarm.worker_spawn	dharma_swarm.agent_memory
dharma_swarm.worker_spawn	dharma_swarm.model_catalog
dharma_swarm.worker_spawn	dharma_swarm.model_hierarchy
dharma_swarm.worker_spawn	dharma_swarm.models
dharma_swarm.worker_spawn	dharma_swarm.provider_policy
dharma_swarm.worker_spawn	dharma_swarm.signal_bus
dharma_swarm.workflow	dharma_swarm.traces
dharma_swarm.world_radar.bronze	dharma_swarm.daemon_config
dharma_swarm.world_radar.bronze	dharma_swarm.world_radar.io_utils
dharma_swarm.world_radar.cli	dharma_swarm.daemon_config
dharma_swarm.world_radar.cli	dharma_swarm.world_radar.bronze
dharma_swarm.world_radar.go_bridge	dharma_swarm.daemon_config
dharma_swarm.world_radar.go_bridge	dharma_swarm.operator_core.ingest_nats
dharma_swarm.world_radar.go_bridge	dharma_swarm.operator_core.world_radar.receipt_bridge
dharma_swarm.world_radar.go_bridge	dharma_swarm.world_radar.analysis
dharma_swarm.world_radar.go_bridge	dharma_swarm.world_radar.go_invoke
dharma_swarm.world_radar.go_bridge	dharma_swarm.world_radar.io_utils
dharma_swarm.world_radar.go_bridge	dharma_swarm.world_radar.rnd
dharma_swarm.world_radar.go_invoke	dharma_swarm.operator_core.world_radar.receipt_bridge
dharma_swarm.world_radar.go_invoke	dharma_swarm.world_radar.io_utils
dharma_swarm.xray	dharma_swarm.elegance
dharma_swarm.yoga_node	dharma_swarm.models
dharma_swarm.zeitgeist	dharma_swarm.daemon_config
dharma_swarm.zeitgeist	dharma_swarm.models
scripts.agents.a2a_roundtrip_perplexity_computer	dharma_swarm.a2a
scripts.agents.a2a_roundtrip_perplexity_computer	dharma_swarm.a2a.node_registry
scripts.allout_autopilot	dharma_swarm.daemon_config
scripts.allout_autopilot	dharma_swarm.master_prompt_engineer
scripts.analysis.measure_baseline_jikoku	dharma_swarm.jikoku_samaya
scripts.analysis.measure_baseline_jikoku	dharma_swarm.models
scripts.analysis.measure_baseline_jikoku	dharma_swarm.swarm
scripts.check_provider_credits	dharma_swarm.api_keys
scripts.codex_overnight_autopilot	dharma_swarm.codex_overnight
scripts.compounding_ledger	dharma_swarm.daemon_config
scripts.connection_finder	dharma_swarm.ouroboros
scripts.demos.demo_jikoku	dharma_swarm.jikoku_samaya
scripts.demos.demo_jikoku	dharma_swarm.models
scripts.demos.demo_jikoku	dharma_swarm.providers
scripts.demos.demo_jikoku_fitness_evolution	dharma_swarm.evolution
scripts.demos.demo_jikoku_fitness_evolution	dharma_swarm.jikoku_samaya
scripts.dgc_full_power_probe	dharma_swarm.full_power_probe
scripts.dgc_max_stress	dharma_swarm.codex_cli
scripts.dgc_max_stress	dharma_swarm.models
scripts.dgc_max_stress	dharma_swarm.providers
scripts.dgc_max_stress	dharma_swarm.swarm
scripts.diagnostics.proposal_gate_probe	dharma_swarm.evolution
scripts.economic_fitness_demo	dharma_swarm.economic_fitness
scripts.experiments.test_full_loop	dharma_swarm.canary
scripts.experiments.test_full_loop	dharma_swarm.dharma_corpus
scripts.experiments.test_full_loop	dharma_swarm.dharma_kernel
scripts.experiments.test_full_loop	dharma_swarm.evolution
scripts.experiments.test_full_loop	dharma_swarm.policy_compiler
scripts.experiments.test_full_loop	dharma_swarm.shakti
scripts.experiments.test_full_loop	dharma_swarm.stigmergy
scripts.experiments.test_full_loop	dharma_swarm.subconscious
scripts.experiments.test_full_loop	dharma_swarm.telos_gates
scripts.field_scan	dharma_swarm.field_graph
scripts.field_scan	dharma_swarm.field_knowledge_base
scripts.full_stack_smoke	dharma_swarm.cascade
scripts.full_stack_smoke	dharma_swarm.cost_tracker
scripts.full_stack_smoke	dharma_swarm.daemon_config
scripts.full_stack_smoke	dharma_swarm.models
scripts.full_stack_smoke	dharma_swarm.sleep_cycle
scripts.full_stack_smoke	dharma_swarm.stigmergy
scripts.full_stack_smoke	dharma_swarm.swarm
scripts.full_stack_smoke	dharma_swarm.telos_gates
scripts.gaia_demo	dharma_swarm.gaia_fitness
scripts.gaia_demo	dharma_swarm.gaia_ledger
scripts.gaia_demo	dharma_swarm.gaia_verification
scripts.ginko_run_signals	dharma_swarm.ginko_regime
scripts.ginko_run_signals	dharma_swarm.ginko_signals
scripts.governance.a2a_adapt_semantic_receipts	dharma_swarm.operator_core.a2a_task_lifecycle
scripts.governance.a2a_adapt_semantic_receipts	scripts.governance.check_a2a_readiness
scripts.governance.a2a_agent_onboard	dharma_swarm.a2a.agent_card
scripts.governance.a2a_agent_onboard	dharma_swarm.a2a.agent_presence
scripts.governance.a2a_agent_onboard	dharma_swarm.daemon_config
scripts.governance.a2a_block_operator_gated_tasks	dharma_swarm.operator_core.a2a_task_lifecycle
scripts.governance.a2a_block_operator_gated_tasks	scripts.governance.check_a2a_readiness
scripts.governance.a2a_block_sab_qwen_runtime_blockers	dharma_swarm.operator_core.a2a_task_lifecycle
scripts.governance.a2a_block_sab_qwen_runtime_blockers	scripts.governance.check_a2a_readiness
scripts.governance.a2a_block_stale_forge_v01	dharma_swarm.daemon_config
scripts.governance.a2a_block_stale_forge_v01	dharma_swarm.operator_core.a2a_task_lifecycle
scripts.governance.a2a_block_stale_forge_v01	scripts.governance.check_a2a_readiness
scripts.governance.a2a_block_stale_hermes_claims	dharma_swarm.a2a.agent_presence
scripts.governance.a2a_block_stale_hermes_claims	dharma_swarm.operator_core.a2a_task_lifecycle
scripts.governance.a2a_block_stale_hermes_claims	scripts.governance.check_a2a_readiness
scripts.governance.a2a_block_stale_holon_review_targets	dharma_swarm.a2a.agent_presence
scripts.governance.a2a_block_stale_holon_review_targets	dharma_swarm.operator_core.a2a_task_lifecycle
scripts.governance.a2a_block_stale_holon_review_targets	scripts.governance.check_a2a_readiness
scripts.governance.a2a_block_verified_duplicate_open_rows	dharma_swarm.operator_core.a2a_task_lifecycle
scripts.governance.a2a_block_verified_duplicate_open_rows	scripts.governance.check_a2a_readiness
scripts.governance.a2a_readiness_blocker_audit	dharma_swarm.operator_core.a2a_task_lifecycle
scripts.governance.a2a_reconcile_embedded_receipts	dharma_swarm.operator_core.a2a_task_lifecycle
scripts.governance.a2a_recover_legacy_proof_receipts	dharma_swarm.operator_core.a2a_task_lifecycle
scripts.governance.a2a_recover_legacy_proof_receipts	scripts.governance.check_a2a_readiness
scripts.governance.agent_onboard	dharma_swarm.operator_core.onboarding.cli
scripts.governance.arena_truth_report	dharma_swarm.coordination.arena.corpus
scripts.governance.arena_truth_report	dharma_swarm.coordination.arena.runner
scripts.governance.arena_truth_report	dharma_swarm.coordination.arena.taskpack
scripts.governance.arena_truth_report	dharma_swarm.coordination.orchestrator_v1
scripts.governance.arena_truth_report	dharma_swarm.memory_kernel.write_receipts
scripts.governance.check_a2a_readiness	dharma_swarm.operator_core.a2a_task_lifecycle
scripts.governance.check_agentops_packet_scope	dharma_swarm.operator_core.onboarding.contract
scripts.governance.check_agentops_packet_scope	dharma_swarm.operator_core.onboarding.models
scripts.governance.check_arena_replay	dharma_swarm.coordination.arena
scripts.governance.check_arena_replay	dharma_swarm.coordination.genome
scripts.governance.check_automerge_tier_policy	dharma_swarm.operator_core.reversibility_gate
scripts.governance.check_claim_evidence_binding	dharma_swarm.memory_kernel.write_receipts
scripts.governance.check_claim_evidence_binding	dharma_swarm.spine.receipt
scripts.governance.check_council_invariants	dharma_swarm.council
scripts.governance.check_nats_substrate_contract	dharma_swarm.a2a.a2a_server
scripts.governance.check_nats_substrate_contract	dharma_swarm.a2a.nats_transport
scripts.governance.check_nats_substrate_contract	dharma_swarm.runtime_state
scripts.governance.check_nats_substrate_contract	dharma_swarm.spine.identity
scripts.governance.check_routing_receipt	dharma_swarm.coordination.orchestrator_v1
scripts.governance.check_shakti_warrant	dharma_swarm.shakti_warrant
scripts.governance.cybernetics_codex_audit	dharma_swarm.cybernetics_codex
scripts.governance.cybernetics_codex_audit	dharma_swarm.cybernetics_codex_format
scripts.governance.cybernetics_codex_audit	dharma_swarm.daemon_config
scripts.governance.dharmagraph_parity_gauntlet	dharma_swarm.memory_kernel.write_receipts
scripts.governance.dharmagraph_parity_gauntlet	tests.oracle_support.dharmagraph_gauntlet
scripts.governance.frontier_ledger	dharma_swarm.chamber.chain
scripts.governance.frontier_ledger	dharma_swarm.chamber.ledger_history
scripts.governance.frontier_ledger	dharma_swarm.chamber.ledger_rows
scripts.governance.inward_ascent_baseline	dharma_swarm
scripts.governance.inward_ascent_baseline	dharma_swarm.daemon_config
scripts.governance.inward_ascent_baseline	dharma_swarm.ginko_brier
scripts.governance.inward_ascent_baseline	dharma_swarm.telos_gates
scripts.governance.liveness_ledger_check	dharma_swarm.spine.receipt
scripts.governance.orientation_graph	dharma_swarm.a2a.agent_presence
scripts.governance.orientation_graph	dharma_swarm.daemon_config
scripts.governance.orientation_graph	dharma_swarm.runtime_state
scripts.governance.orientation_graph	scripts.governance.check_track_status
scripts.governance.palantir_pilot_audit	dharma_swarm.palantir_pilot
scripts.governance.pramana_probe	dharma_swarm.pramana
scripts.governance.register_cybernetics_codex	dharma_swarm.cybernetics_codex_registration
scripts.governance.register_cybernetics_codex	dharma_swarm.daemon_config
scripts.governance.register_cybernetics_codex	dharma_swarm.external_agent_registration
scripts.governance.register_palantir_pilot	dharma_swarm.external_agent_registration
scripts.governance.register_palantir_pilot	dharma_swarm.palantir_pilot
scripts.governance.register_self_mod_semantic_gate	dharma_swarm.telos_gates
scripts.governance.run_agent_work_packet	dharma_swarm.operator_core.onboarding.contract
scripts.governance.run_agent_work_packet	dharma_swarm.operator_core.onboarding.models
scripts.governance.run_nats_live_production_matrix	dharma_swarm.a2a.a2a_server
scripts.governance.run_nats_live_production_matrix	dharma_swarm.a2a.nats_transport
scripts.governance.run_nats_live_production_matrix	dharma_swarm.models
scripts.governance.run_nats_live_production_matrix	dharma_swarm.runtime_provider
scripts.governance.run_nats_live_production_matrix	dharma_swarm.runtime_state
scripts.governance.run_nats_live_production_matrix	dharma_swarm.spine.identity
scripts.governance.runtime_receipt_coverage_report	dharma_swarm.operator_core.live_ops_census_contract
scripts.governance.tam_ledger	dharma_swarm.memory_kernel.write_receipts
scripts.governance.transcendence_ledger	dharma_swarm.chamber.traces
scripts.governance.truth_graph_nats_e2e_demo	dharma_swarm.a2a.task_receipt
scripts.holon_run	dharma_swarm
scripts.holon_run	dharma_swarm.holon_bridge
scripts.holon_run	dharma_swarm.holon_persistence
scripts.holon_run	dharma_swarm.holon_runtime
scripts.holon_run	dharma_swarm.models
scripts.holon_run	scripts.holon_talk
scripts.holon_smoke	dharma_swarm.holon_bridge
scripts.holon_smoke	dharma_swarm.models
scripts.holon_smoke	dharma_swarm.runtime_provider
scripts.holon_talk	dharma_swarm.holon_bridge
scripts.holon_talk	dharma_swarm.models
scripts.holon_talk	dharma_swarm.runtime_provider
scripts.ingest_ashby_claims	dharma_swarm.dharma_corpus
scripts.launch_singularity_research	dharma_swarm.models
scripts.launch_singularity_research	dharma_swarm.swarm
scripts.live_claude_code	dharma_swarm.models
scripts.live_claude_code	dharma_swarm.swarm
scripts.live_fanout	dharma_swarm.models
scripts.live_fanout	dharma_swarm.swarm
scripts.live_genome_test	dharma_swarm.models
scripts.live_genome_test	dharma_swarm.swarm
scripts.live_organism_run	dharma_swarm.daemon_config
scripts.live_organism_run	dharma_swarm.organism
scripts.live_organism_run	dharma_swarm.samvara
scripts.live_test	dharma_swarm.models
scripts.live_test	dharma_swarm.swarm
scripts.loop1_closure_run	dharma_swarm
scripts.loop1_closure_run	dharma_swarm.api_keys
scripts.loop1_closure_run	dharma_swarm.key_oracle
scripts.loop1_closure_run	dharma_swarm.models
scripts.loop1_closure_run	dharma_swarm.runtime_state
scripts.loop1_closure_run	dharma_swarm.stigmergy
scripts.loop1_closure_run	dharma_swarm.swarm
scripts.loop2_heartbeat_closure_run	dharma_swarm.organism
scripts.loop3_evolution_closure_run	dharma_swarm
scripts.loop3_evolution_closure_run	dharma_swarm.archive
scripts.loop3_evolution_closure_run	dharma_swarm.daemon_config
scripts.loop3_evolution_closure_run	dharma_swarm.evolution
scripts.loop3_evolution_closure_run	dharma_swarm.fitness_predictor
scripts.loop3_evolution_closure_run	dharma_swarm.jikoku_instrumentation
scripts.loop3_evolution_closure_run	dharma_swarm.telos_gates
scripts.loop4_10_memory_context_closure_run	dharma_swarm.context
scripts.loop4_10_memory_context_closure_run	dharma_swarm.memory
scripts.loop5_zeitgeist_closure_run	dharma_swarm.s4.internal_pressure
scripts.loop5_zeitgeist_closure_run	dharma_swarm.telos_gates
scripts.loop5b_world_radar_closure_run	dharma_swarm.operator_core.world_radar.receipt_bridge
scripts.loop5b_world_radar_closure_run	dharma_swarm.world_radar.go_bridge
scripts.loop5b_world_radar_closure_run	dharma_swarm.world_radar.io_utils
scripts.loop6_witness_closure_run	dharma_swarm
scripts.loop6_witness_closure_run	dharma_swarm.api_keys
scripts.loop6_witness_closure_run	dharma_swarm.key_oracle
scripts.loop6_witness_closure_run	dharma_swarm.models
scripts.loop6_witness_closure_run	dharma_swarm.stigmergy
scripts.loop6_witness_closure_run	dharma_swarm.swarm
scripts.loop6_witness_closure_run	dharma_swarm.witness
scripts.loop7_training_flywheel_closure_run	dharma_swarm
scripts.loop7_training_flywheel_closure_run	dharma_swarm.cybernetics_codex_format
scripts.loop7_training_flywheel_closure_run	dharma_swarm.dataset_builder
scripts.loop7_training_flywheel_closure_run	dharma_swarm.strategy_reinforcer
scripts.loop7_training_flywheel_closure_run	dharma_swarm.thinkodynamic_scorer
scripts.loop7_training_flywheel_closure_run	dharma_swarm.training_flywheel
scripts.loop7_training_flywheel_closure_run	dharma_swarm.trajectory_collector
scripts.loop8_recognition_closure_run	dharma_swarm.context
scripts.loop8_recognition_closure_run	dharma_swarm.cybernetics_codex
scripts.loop8_recognition_closure_run	dharma_swarm.meta_daemon
scripts.loop9_11_conductor_replication_closure_run	dharma_swarm.agent_constitution
scripts.loop9_11_conductor_replication_closure_run	dharma_swarm.agent_registry
scripts.loop9_11_conductor_replication_closure_run	dharma_swarm.autonomous_agent
scripts.loop9_11_conductor_replication_closure_run	dharma_swarm.conductors
scripts.loop9_11_conductor_replication_closure_run	dharma_swarm.cybernetics_codex_format
scripts.loop9_11_conductor_replication_closure_run	dharma_swarm.dharma_kernel
scripts.loop9_11_conductor_replication_closure_run	dharma_swarm.genome_inheritance
scripts.loop9_11_conductor_replication_closure_run	dharma_swarm.message_bus
scripts.loop9_11_conductor_replication_closure_run	dharma_swarm.models
scripts.loop9_11_conductor_replication_closure_run	dharma_swarm.persistent_agent
scripts.loop9_11_conductor_replication_closure_run	dharma_swarm.population_control
scripts.loop9_11_conductor_replication_closure_run	dharma_swarm.replication_protocol
scripts.loop9_11_conductor_replication_closure_run	dharma_swarm.stigmergy
scripts.loop9_11_conductor_replication_closure_run	dharma_swarm.telos_gates
scripts.memory_context_eval	dharma_swarm.memory_kernel
scripts.memory_context_eval	dharma_swarm.memory_kernel.context_admission
scripts.memory_context_eval	dharma_swarm.memory_kernel.context_parity
scripts.memory_context_shadow_sweep	dharma_swarm.memory_kernel
scripts.memory_context_shadow_sweep	dharma_swarm.memory_kernel.context_admission
scripts.memory_kernel_burn_in	dharma_swarm.memory_kernel
scripts.memory_kernel_burn_in	dharma_swarm.operator_core.control_surface_memory
scripts.memory_kernel_burn_in	scripts.memory_context_shadow_sweep
scripts.memory_kernel_context	dharma_swarm.memory_kernel
scripts.memory_kernel_knowledgeops_bridge_smoke	dharma_swarm.knowledge_ops.memory_conflict_review
scripts.memory_kernel_knowledgeops_bridge_smoke	dharma_swarm.knowledge_ops.memory_decision_ledger
scripts.memory_kernel_knowledgeops_bridge_smoke	dharma_swarm.knowledge_ops.memory_intake
scripts.memory_kernel_knowledgeops_bridge_smoke	dharma_swarm.knowledge_ops.memory_kernel_promotion_bridge
scripts.memory_kernel_knowledgeops_bridge_smoke	dharma_swarm.knowledge_ops.memory_promotion_queue
scripts.memory_kernel_knowledgeops_bridge_smoke	dharma_swarm.memory_kernel
scripts.memory_kernel_knowledgeops_bridge_smoke	dharma_swarm.operator_core.control_surface_memory
scripts.memory_kernel_promotion_smoke	dharma_swarm.memory_kernel
scripts.memory_kernel_promotion_smoke	dharma_swarm.operator_core.control_surface_memory
scripts.memory_kernel_readiness	dharma_swarm.memory_kernel
scripts.memory_kernel_readiness	dharma_swarm.memory_kernel.adapters
scripts.memory_kernel_write_receipt_smoke	dharma_swarm.memory_kernel
scripts.memory_retrieval_broad_sweep	dharma_swarm.memory_retrieval
scripts.memory_retrieval_live_gate	dharma_swarm.memory_retrieval
scripts.memory_retrieval_sync_index	dharma_swarm.daemon_config
scripts.memory_retrieval_sync_index	dharma_swarm.vector_store
scripts.memory_retrieval_system_gate	dharma_swarm.memory_retrieval
scripts.memory_retrieval_system_gate	scripts.memory_retrieval_broad_sweep
scripts.memory_retrieval_system_gate	scripts.memory_retrieval_live_gate
scripts.memory_surface_census	dharma_swarm.memory_kernel
scripts.memory_writer_sentinel	dharma_swarm.memory_kernel.writers
scripts.merge_snapshot	dharma_swarm.daemon_config
scripts.mimo_explorer	dharma_swarm.models
scripts.mimo_explorer	dharma_swarm.providers
scripts.morning_after	dharma_swarm.ginko_audit
scripts.normalize_dkeys_env	dharma_swarm.api_keys
scripts.onboard_cybernetics_stewards	dharma_swarm.daemon_config
scripts.onboard_cybernetics_stewards	dharma_swarm.roaming_onboarding
scripts.operator_prod_smoke	api.main
scripts.operator_prod_smoke	dharma_swarm.memory_kernel
scripts.operator_prod_smoke	dharma_swarm.operator_core.control_surface
scripts.operator_prod_smoke	dharma_swarm.operator_core.control_surface_memory
scripts.organism_council	dharma_swarm.daemon_config
scripts.organism_council	dharma_swarm.dharma_corpus
scripts.organism_council	dharma_swarm.dharma_kernel
scripts.organism_council	dharma_swarm.lineage
scripts.organism_council	dharma_swarm.message_bus
scripts.organism_council	dharma_swarm.models
scripts.organism_council	dharma_swarm.organism
scripts.organism_council	dharma_swarm.providers
scripts.organism_council	dharma_swarm.signal_bus
scripts.organism_council	dharma_swarm.stigmergy
scripts.organism_council	dharma_swarm.telos_gates
scripts.organism_decompose	dharma_swarm.daemon_config
scripts.organism_decompose	dharma_swarm.identity
scripts.organism_live	dharma_swarm.daemon_config
scripts.organism_live	dharma_swarm.organism
scripts.organism_live	dharma_swarm.samvara
scripts.organism_live_multimodel	dharma_swarm.daemon_config
scripts.organism_live_multimodel	dharma_swarm.models
scripts.organism_live_multimodel	dharma_swarm.organism
scripts.organism_live_multimodel	dharma_swarm.runtime_provider
scripts.organism_with_intelligence	dharma_swarm.daemon_config
scripts.organism_with_intelligence	dharma_swarm.identity
scripts.organism_with_intelligence	dharma_swarm.samvara
scripts.ouroboros_experiment	dharma_swarm.metrics
scripts.overnight_autopilot	dharma_swarm.daemon_config
scripts.psmv_deep_read	dharma_swarm
scripts.psmv_deep_read	dharma_swarm.semantic_digester
scripts.psmv_deep_read	dharma_swarm.semantic_gravity
scripts.psmv_deep_read	dharma_swarm.semantic_hardener
scripts.psmv_deep_read	dharma_swarm.semantic_researcher
scripts.psmv_deep_read	dharma_swarm.semantic_synthesizer
scripts.psmv_deep_read	dharma_swarm.stigmergy
scripts.psmv_hyperfile_bootstrap	dharma_swarm.semantic_digester
scripts.psmv_hyperfile_bootstrap	dharma_swarm.semantic_gravity
scripts.psmv_hyperfile_bootstrap	dharma_swarm.semantic_researcher
scripts.psmv_hyperfile_bootstrap	dharma_swarm.semantic_synthesizer
scripts.rebind_cybernetics_directive	dharma_swarm.daemon_config
scripts.rebind_cybernetics_directive	dharma_swarm.models
scripts.rebind_cybernetics_directive	dharma_swarm.task_board
scripts.rebind_cybernetics_directive	dharma_swarm.thinkodynamic_director
scripts.research.palantir_contribution_packets	dharma_swarm.palantir_pilot
scripts.research.palantir_contribution_packets	scripts.research.palantir_source_card_playbooks
scripts.research.palantir_deep_ingest	dharma_swarm.palantir_pilot
scripts.research.palantir_learning_backlog	dharma_swarm.palantir_pilot
scripts.research.palantir_learning_backlog	scripts.research.palantir_public_source_cards
scripts.research.palantir_learning_backlog	scripts.research.palantir_source_card_quality
scripts.research.palantir_pilot_curriculum	dharma_swarm.palantir_pilot
scripts.research.palantir_pilot_curriculum	scripts.research.palantir_public_source_cards
scripts.research.palantir_pilot_curriculum	scripts.research.palantir_public_source_index
scripts.research.palantir_pilot_orientation	dharma_swarm.palantir_pilot
scripts.research.palantir_pilot_query	dharma_swarm.palantir_pilot
scripts.research.palantir_playbook_evals	dharma_swarm.palantir_pilot
scripts.research.palantir_playbook_evals	scripts.research.palantir_source_card_playbooks
scripts.research.palantir_public_source_cards	dharma_swarm.palantir_pilot
scripts.research.palantir_public_source_cards	scripts.research.palantir_public_source_index
scripts.research.palantir_public_source_index	dharma_swarm.palantir_pilot
scripts.research.palantir_query_cookbook	dharma_swarm.palantir_pilot
scripts.research.palantir_source_card_balanced_expand	dharma_swarm.palantir_pilot
scripts.research.palantir_source_card_balanced_expand	scripts.research.palantir_public_source_cards
scripts.research.palantir_source_card_cleanup	dharma_swarm.palantir_pilot
scripts.research.palantir_source_card_cleanup	scripts.research.palantir_public_source_cards
scripts.research.palantir_source_card_cleanup	scripts.research.palantir_source_card_quality
scripts.research.palantir_source_card_playbooks	dharma_swarm.palantir_pilot
scripts.research.palantir_source_card_playbooks	scripts.research.palantir_public_source_cards
scripts.research.palantir_source_card_playbooks	scripts.research.palantir_public_source_index
scripts.research.palantir_source_card_quality	dharma_swarm.palantir_pilot
scripts.research.palantir_source_card_quality	scripts.research.palantir_public_source_cards
scripts.research.palantir_source_card_quality	scripts.research.palantir_public_source_index
scripts.revenue.draft_outreach	dharma_swarm.revenue.spine
scripts.revenue.find_targets	dharma_swarm.revenue.spine
scripts.run_concept_extraction	dharma_swarm.concept_parser
scripts.run_concept_extraction	dharma_swarm.graph_store
scripts.runtime.a2a_doctor	scripts.runtime.pr_merge_control
scripts.runtime.a2a_domain_reply_artifact	scripts.runtime.a2a_domain_reply_worker
scripts.runtime.a2a_domain_reply_artifact	scripts.runtime.a2a_send
scripts.runtime.a2a_domain_reply_artifact	scripts.runtime.pr_merge_control
scripts.runtime.a2a_domain_reply_worker	scripts.runtime.a2a_send
scripts.runtime.a2a_domain_reply_worker	scripts.runtime.a2a_topology
scripts.runtime.a2a_domain_reply_worker	scripts.runtime.pr_merge_control
scripts.runtime.a2a_gateway_server	dharma_swarm.a2a.mailbox_gateway
scripts.runtime.a2a_inbox_bridge	dharma_swarm.a2a.agent_card
scripts.runtime.a2a_inbox_bridge	scripts.runtime.a2a_send
scripts.runtime.a2a_inbox_bridge	scripts.runtime.a2a_topology
scripts.runtime.a2a_inbox_bridge	scripts.runtime.pr_merge_control
scripts.runtime.a2a_reply_capture	scripts.runtime.a2a_send
scripts.runtime.a2a_reply_capture	scripts.runtime.a2a_topology
scripts.runtime.a2a_reply_capture	scripts.runtime.pr_merge_control
scripts.runtime.a2a_send	dharma_swarm.a2a.agent_card
scripts.runtime.a2a_send	dharma_swarm.operator_core.runtime_truth
scripts.runtime.a2a_send	dharma_swarm.runtime_state
scripts.runtime.a2a_send	dharma_swarm.spine.identity
scripts.runtime.a2a_send	dharma_swarm.spine.receipt
scripts.runtime.a2a_send	dharma_swarm.spine.warrant
scripts.runtime.a2a_send	scripts.runtime.pr_merge_control
scripts.runtime.autonomy_spine	dharma_swarm.board.adapters.ds_goal_adapter
scripts.runtime.autonomy_spine	dharma_swarm.operator_core.living_agent_kernel
scripts.runtime.autonomy_spine	dharma_swarm.operator_core.runtime_truth
scripts.runtime.autonomy_spine	dharma_swarm.runtime_state
scripts.runtime.autonomy_spine	dharma_swarm.spine.receipt
scripts.runtime.autonomy_spine	dharma_swarm.spine.warrant
scripts.runtime.backfill_runtime_idempotency_records	dharma_swarm.runtime_state
scripts.runtime.capability_profile_loop	dharma_swarm.telemetry_plane
scripts.runtime.capital_lab_alpha_evidence_membrane	dharma_swarm.capital_lab.alpha_evidence
scripts.runtime.capital_lab_broker_paper_membrane	dharma_swarm.capital_lab.broker_paper_membrane
scripts.runtime.codex_composer_semantic_inbox_drain	dharma_swarm.models
scripts.runtime.codex_composer_semantic_inbox_drain	dharma_swarm.runtime_provider
scripts.runtime.codex_composer_semantic_inbox_drain	scripts.runtime.a2a_domain_reply_artifact
scripts.runtime.codex_composer_semantic_inbox_drain	scripts.runtime.a2a_domain_reply_worker
scripts.runtime.codex_composer_semantic_inbox_drain	scripts.runtime.model_critic_runner
scripts.runtime.codex_composer_semantic_inbox_drain	scripts.runtime.pr_merge_control
scripts.runtime.codex_composer_semantic_responder	dharma_swarm.daemon_config
scripts.runtime.codex_composer_semantic_responder	scripts.runtime.a2a_domain_reply_worker
scripts.runtime.codex_composer_semantic_responder	scripts.runtime.codex_composer_semantic_inbox_drain
scripts.runtime.codex_composer_semantic_responder	scripts.runtime.pr_merge_control
scripts.runtime.codex_composer_wake_loop	dharma_swarm.model_hierarchy
scripts.runtime.codex_composer_wake_loop	dharma_swarm.models
scripts.runtime.codex_composer_wake_loop	dharma_swarm.operator_core.execution_lease
scripts.runtime.dispatch_dropoff_quarantine	dharma_swarm.loop_closure_quarantine
scripts.runtime.dispatch_dropoff_quarantine	dharma_swarm.runtime_state
scripts.runtime.forge_fresh_task_oracle	dharma_swarm.forge_v1.forge_v2.fresh_task_oracle
scripts.runtime.forge_pr_suite_harvest_loop	dharma_swarm.forge_v1.forge_v2.pr_suite_harvest_loop
scripts.runtime.forge_pr_suite_harvester	dharma_swarm.forge_v1.forge_v2.pr_suite_harvester
scripts.runtime.forge_pr_suite_validator	dharma_swarm.forge_v1.forge_v2.pr_suite_validator
scripts.runtime.forge_swarm_evolution_arena_v0_measurement_runner	scripts.runtime.forge_swarm_evolution_arena_v0_preflight
scripts.runtime.github_ingestor_runner	dharma_swarm.daemon_config
scripts.runtime.github_ingestor_runner	dharma_swarm.world_radar.go_bridge
scripts.runtime.github_ingestor_runner	dharma_swarm.world_radar.go_invoke
scripts.runtime.lane_propose	dharma_swarm.roaming_mailbox
scripts.runtime.living_agent_kernel_activation	dharma_swarm.operator_core.living_agent_kernel_activation
scripts.runtime.living_agent_kernel_activation	dharma_swarm.operator_core.living_agent_kernel_supervisor
scripts.runtime.living_agent_kernel_promotion	dharma_swarm.operator_core.living_agent_kernel_promotion
scripts.runtime.living_agent_kernel_provider_worker	dharma_swarm.operator_core.living_agent_kernel_provider_worker
scripts.runtime.living_agent_kernel_recovery	dharma_swarm.operator_core.living_agent_kernel_recovery
scripts.runtime.living_agent_kernel_service	dharma_swarm.operator_core.living_agent_kernel_service
scripts.runtime.living_agent_kernel_status	dharma_swarm.operator_core.living_agent_kernel_status
scripts.runtime.living_agent_kernel_supervisor	dharma_swarm.operator_core.living_agent_kernel_supervisor
scripts.runtime.living_agent_kernel_worker	dharma_swarm.operator_core.living_agent_kernel_workers
scripts.runtime.living_agent_kernel_worker_process	dharma_swarm.operator_core.living_agent_kernel
scripts.runtime.living_agent_kernel_worker_process	dharma_swarm.operator_core.living_agent_kernel_workers
scripts.runtime.merge_master_mike_daemon	scripts.runtime.pr_convergence_policy
scripts.runtime.model_critic_runner	dharma_swarm.operator_core.semantic_receipt
scripts.runtime.normalize_runtime_receipt_history	dharma_swarm.runtime_state
scripts.runtime.operator_coherence_cockpit	dharma_swarm.operator_core.operator_coherence_cockpit
scripts.runtime.palantir_pilot_a2a_worker	dharma_swarm.palantir_pilot
scripts.runtime.palantir_pilot_a2a_worker	scripts.runtime.a2a_send
scripts.runtime.palantir_pilot_a2a_worker	scripts.runtime.pr_merge_control
scripts.runtime.pr_convergence_policy	scripts.governance.check_track_status
scripts.runtime.pr_convergence_policy	scripts.runtime.pr_merge_control
scripts.runtime.pr_merge_control	scripts.runtime.ci_truth
scripts.runtime.reviewer_quorum_repair	scripts.runtime.pr_merge_control
scripts.runtime.sarathi_proof_window	dharma_swarm.holon_runtime
scripts.runtime.sarathi_proof_window	dharma_swarm.holon_system.sarathi.delegate
scripts.runtime.sarathi_proof_window	dharma_swarm.holon_system.sarathi.plan
scripts.runtime.sarathi_proof_window	dharma_swarm.holon_system.sarathi.proof
scripts.runtime.sarathi_proof_window	dharma_swarm.holon_system.sarathi.roster
scripts.runtime.sarathi_proof_window	dharma_swarm.holon_system.sarathi.wake
scripts.runtime.sarathi_proof_window	dharma_swarm.operator_core.autonomy_dial
scripts.runtime.sarathi_proof_window	dharma_swarm.roaming_mailbox
scripts.runtime.sarathi_wake_daemon	dharma_swarm.holon_runtime
scripts.runtime.sarathi_wake_daemon	dharma_swarm.holon_system.sarathi.memory
scripts.runtime.sarathi_wake_daemon	dharma_swarm.holon_system.sarathi.plan
scripts.runtime.sarathi_wake_daemon	dharma_swarm.holon_system.sarathi.roster
scripts.runtime.sarathi_wake_daemon	dharma_swarm.holon_system.sarathi.wake
scripts.runtime.sarathi_wake_daemon	dharma_swarm.memory_kernel
scripts.runtime.sarathi_wake_daemon	dharma_swarm.operator_core.autonomy_dial
scripts.runtime.sarathi_wake_daemon	dharma_swarm.roaming_mailbox
scripts.seed_agentic_autonomy_citations	dharma_swarm.citation_index
scripts.seed_contradictions	dharma_swarm.contradiction_registry
scripts.seed_cybernetics_directive	dharma_swarm.thinkodynamic_director
scripts.seed_cybernetics_population_cycle	dharma_swarm.models
scripts.seed_cybernetics_population_cycle	dharma_swarm.task_board
scripts.seed_signal_map	dharma_swarm.signal_map
scripts.seed_strange_loop_stigmergy	dharma_swarm.stigmergy
scripts.self_optimization.run_production_self_optimization	dharma_swarm.diff_applier
scripts.self_optimization.run_production_self_optimization	dharma_swarm.evolution
scripts.self_optimization.run_production_self_optimization	dharma_swarm.jikoku_samaya
scripts.self_optimization.run_self_optimization	dharma_swarm.evolution
scripts.self_optimization.run_self_optimization	dharma_swarm.jikoku_samaya
scripts.self_optimization.test_evolution_jikoku	dharma_swarm.evolution
scripts.self_optimization.test_evolution_jikoku	dharma_swarm.jikoku_samaya
scripts.self_optimization.test_jikoku_fitness_integration	dharma_swarm.evolution
scripts.self_optimization.test_jikoku_fitness_integration	dharma_swarm.jikoku_samaya
scripts.self_optimization.test_swarm_jikoku	dharma_swarm.jikoku_samaya
scripts.self_optimization.test_swarm_jikoku	dharma_swarm.models
scripts.self_optimization.test_swarm_jikoku	dharma_swarm.swarm
scripts.semantic_proof	dharma_swarm.engine.hybrid_retriever
scripts.semantic_proof	dharma_swarm.engine.unified_index
scripts.semantic_proof	dharma_swarm.semantic_digester
scripts.semantic_proof	dharma_swarm.semantic_gravity
scripts.semantic_proof	dharma_swarm.semantic_hardener
scripts.semantic_proof	dharma_swarm.semantic_memory_bridge
scripts.semantic_proof	dharma_swarm.semantic_researcher
scripts.semantic_proof	dharma_swarm.semantic_synthesizer
scripts.shakti_discovery	dharma_swarm.models
scripts.shakti_discovery	dharma_swarm.providers
scripts.shakti_executive_run	dharma_swarm.shakti_executive
scripts.strange_loop	dharma_swarm.daemon_config
scripts.strange_loop	dharma_swarm.master_prompt_engineer
scripts.system_integration_probe	dharma_swarm.context_compiler
scripts.system_integration_probe	dharma_swarm.daemon_config
scripts.system_integration_probe	dharma_swarm.dharma_corpus
scripts.system_integration_probe	dharma_swarm.dharma_kernel
scripts.system_integration_probe	dharma_swarm.evolution
scripts.system_integration_probe	dharma_swarm.identity
scripts.system_integration_probe	dharma_swarm.lineage
scripts.system_integration_probe	dharma_swarm.memory_lattice
scripts.system_integration_probe	dharma_swarm.message_bus
scripts.system_integration_probe	dharma_swarm.models
scripts.system_integration_probe	dharma_swarm.ontology
scripts.system_integration_probe	dharma_swarm.organism
scripts.system_integration_probe	dharma_swarm.provider_policy
scripts.system_integration_probe	dharma_swarm.runtime_provider
scripts.system_integration_probe	dharma_swarm.runtime_state
scripts.system_integration_probe	dharma_swarm.samvara
scripts.system_integration_probe	dharma_swarm.signal_bus
scripts.system_integration_probe	dharma_swarm.stigmergy
scripts.system_integration_probe	dharma_swarm.telos_gates
scripts.system_map_populator	dharma_swarm.operator_core.operating_facts
scripts.tcs_history_writer	dharma_swarm.identity
scripts.test_meta_learning	dharma_swarm
scripts.test_meta_learning	dharma_swarm.evolution
scripts.thinkodynamic_director	dharma_swarm.thinkodynamic_director
scripts.thinkodynamic_live_canary	dharma_swarm.thinkodynamic_canary
scripts.uplift_guards	scripts.uplift_guards.autonomous_guard
scripts.uplift_guards	scripts.uplift_guards.hotpath_guard
scripts.uplift_guards	scripts.uplift_guards.kernel_guard
scripts.uplift_guards	scripts.uplift_guards.mismatch_registry
scripts.uplift_guards	scripts.uplift_guards.secrets_guard
scripts.uplift_guards	scripts.uplift_guards.shakti_warrant_guard
scripts.uplift_guards.run_pre_commit	dharma_swarm.assurance.runner
scripts.uplift_guards.run_pre_commit	dharma_swarm.assurance.scanner_test_gaps
scripts.uplift_guards.run_pre_commit	scripts.uplift_guards
scripts.uplift_guards.run_pre_commit	scripts.uplift_guards.check_no_model_literals
scripts.uplift_guards.run_pre_commit	scripts.uplift_guards.check_spine_ownership
scripts.vector_store_backfill_memory_sources	dharma_swarm.daemon_config
scripts.vector_store_backfill_memory_sources	dharma_swarm.vector_store
scripts.vector_store_reembed_vec0	dharma_swarm.daemon_config
scripts.vector_store_reembed_vec0	dharma_swarm.vector_store
scripts.verify.model_council_e2e	dharma_swarm.model_council_e2e
scripts.verify.model_council_e2e	dharma_swarm.model_status
scripts.verify.model_pool_e2e	dharma_swarm.key_oracle
scripts.verify.model_pool_e2e	dharma_swarm.model_pool
scripts.verify.model_routing_live_probe	dharma_swarm.model_routing_live_probe
scripts.verify.routing_decision_matrix	dharma_swarm.routing_decision_matrix
scripts.verify.runtime_live_cockpit_probe	api.routers.runtime
scripts.verify.runtime_live_cockpit_probe	dharma_swarm.models
scripts.verify.runtime_live_cockpit_probe	dharma_swarm.operator_views
scripts.verify.runtime_live_cockpit_probe	dharma_swarm.orchestrator
scripts.verify.runtime_live_cockpit_probe	dharma_swarm.runtime_state
scripts.verify_holon_harness_prod	dharma_swarm.holon_runtime
scripts.wiki_vector_live_gate	dharma_swarm.chetana.manifest
scripts.wiki_vector_live_gate	dharma_swarm.daemon_config
scripts.wiki_vector_live_gate	dharma_swarm.memory_retrieval
tests._remix.run_remix_gauntlet	dharma_swarm._remix.thinkodynamic_director_remix_v0_0_0_1
tests._remix.run_remix_gauntlet	dharma_swarm.thinkodynamic_director
tests._remix.test_thinkodynamic_director_remix_contract	dharma_swarm._remix.thinkodynamic_director_remix_v0_0_0_1
tests._remix.test_thinkodynamic_director_remix_contract	dharma_swarm.thinkodynamic_director
tests.antithesis_support.seam_ledger	tests.antithesis_support.effect_scan
tests.complexity.test_replay_metamorphic	dharma_swarm.canonical_replay
tests.conftest	dharma_swarm.agent_runner
tests.conftest	dharma_swarm.models
tests.conftest	dharma_swarm.telos_gates
tests.governance.test_agentops_packet_scope	dharma_swarm.operator_core.onboarding.contract
tests.oracle_support.dharmagraph_gauntlet	dharma_swarm.graph
tests.oracle_support.dharmagraph_gauntlet	dharma_swarm.graph.effects
tests.oracle_support.dharmagraph_gauntlet	dharma_swarm.graph.scheduler
tests.oracle_support.dharmagraph_gauntlet	dharma_swarm.langgraph_parity.benchmark_runner
tests.oracle_support.dharmagraph_gauntlet	dharma_swarm.langgraph_parity.benchmark_tasks
tests.oracle_support.dharmagraph_gauntlet	tests.oracle_support.langgraph_arm
tests.oracle_support.dharmagraph_gauntlet	tests.oracle_support.outcomes
tests.oracle_support.dharmagraph_gauntlet	tests.oracle_support.scenarios
tests.oracle_support.langgraph_arm	tests.oracle_support.scenarios
tests.oracle_support.scenarios	dharma_swarm.langgraph_parity.state
tests.oracle_support.scenarios	dharma_swarm.langgraph_parity.supervisor_runtime
tests.oracle_support.scenarios	dharma_swarm.langgraph_parity.swarm_runtime
tests.oracle_support.scenarios	dharma_swarm.langgraph_parity.tools
tests.oracle_support.scenarios	tests.oracle_support.outcomes
tests.properties.test_canonical_replay_properties	dharma_swarm.canonical_replay
tests.properties.test_fitness_properties	dharma_swarm.archive
tests.properties.test_monad_properties	dharma_swarm.monad
tests.properties.test_monad_properties	dharma_swarm.rv
tests.properties.test_onboarding_readiness_properties	dharma_swarm.operator_core.onboarding.models
tests.properties.test_onboarding_readiness_properties	dharma_swarm.operator_core.onboarding.readiness
tests.properties.test_proposal_properties	dharma_swarm.evolution
tests.properties.test_proposal_properties	dharma_swarm.models
tests.smoke.test_orchestrate_live_construction	dharma_swarm.archaeology_ingestion
tests.smoke.test_orchestrate_live_construction	dharma_swarm.consolidation
tests.smoke.test_orchestrate_live_construction	dharma_swarm.meta_daemon
tests.smoke.test_orchestrate_live_construction	dharma_swarm.models
tests.smoke.test_orchestrate_live_construction	dharma_swarm.neural_consolidator
tests.smoke.test_orchestrate_live_construction	dharma_swarm.orchestrate_live
tests.smoke.test_orchestrate_live_construction	dharma_swarm.persistent_agent
tests.smoke.test_orchestrate_live_construction	dharma_swarm.replication_protocol
tests.smoke.test_orchestrate_live_construction	dharma_swarm.revenue.scout_daemon
tests.smoke.test_orchestrate_live_construction	dharma_swarm.s4.internal_pressure
tests.smoke.test_orchestrate_live_construction	dharma_swarm.witness
tests.smoke.test_orchestrate_live_construction	dharma_swarm.world_model
tests.smoke.test_orchestrate_live_construction	dharma_swarm.zeitgeist
tests.test_a2a	dharma_swarm.a2a.a2a_bridge
tests.test_a2a	dharma_swarm.a2a.a2a_client
tests.test_a2a	dharma_swarm.a2a.a2a_server
tests.test_a2a	dharma_swarm.a2a.agent_card
tests.test_a2a_card_semantic_commons	dharma_swarm.a2a.agent_card
tests.test_a2a_cloud_contact	dharma_swarm.a2a.a2a_cloud_contact
tests.test_a2a_cloud_contact	dharma_swarm.a2a.a2a_server
tests.test_a2a_cloud_contact	dharma_swarm.a2a.contact_registry
tests.test_a2a_cloud_contact	dharma_swarm.a2a.nats_transport
tests.test_a2a_cloud_contact	dharma_swarm.a2a.verifier
tests.test_a2a_cloud_contact	dharma_swarm.runtime_state
tests.test_a2a_doctor	scripts.runtime.a2a_doctor
tests.test_a2a_doctor	scripts.runtime.pr_merge_control
tests.test_a2a_domain_reply_artifact	scripts.runtime.a2a_domain_reply_artifact
tests.test_a2a_domain_reply_worker	scripts.runtime.a2a_domain_reply_worker
tests.test_a2a_e2e	dharma_swarm.a2a
tests.test_a2a_e2e	dharma_swarm.a2a.a2a_bridge
tests.test_a2a_e2e	dharma_swarm.a2a.a2a_client
tests.test_a2a_e2e	dharma_swarm.a2a.a2a_server
tests.test_a2a_e2e	dharma_swarm.a2a.agent_card
tests.test_a2a_e2e	dharma_swarm.a2a.node_gateway
tests.test_a2a_e2e	dharma_swarm.correlation_context
tests.test_a2a_embedded_receipt_reconciler	dharma_swarm.operator_core.a2a_task_lifecycle
tests.test_a2a_embedded_receipt_reconciler	scripts.governance.a2a_reconcile_embedded_receipts
tests.test_a2a_embedded_receipt_reconciler	scripts.governance.check_a2a_readiness
tests.test_a2a_gate	dharma_swarm.a2a.task_receipt
tests.test_a2a_inbox_bridge	scripts.runtime.a2a_inbox_bridge
tests.test_a2a_legacy_proof_receipt_recovery	dharma_swarm.operator_core.a2a_task_lifecycle
tests.test_a2a_legacy_proof_receipt_recovery	scripts.governance.a2a_recover_legacy_proof_receipts
tests.test_a2a_legacy_proof_receipt_recovery	scripts.governance.check_a2a_readiness
tests.test_a2a_operator_gated_blocker	dharma_swarm.operator_core.a2a_task_lifecycle
tests.test_a2a_operator_gated_blocker	scripts.governance.a2a_block_operator_gated_tasks
tests.test_a2a_operator_gated_blocker	scripts.governance.check_a2a_readiness
tests.test_a2a_readiness_blocker_audit	scripts.governance.a2a_readiness_blocker_audit
tests.test_a2a_readiness_gate	dharma_swarm.operator_core.a2a_task_lifecycle
tests.test_a2a_readiness_gate	scripts.governance.check_a2a_readiness
tests.test_a2a_reply_capture	scripts.runtime.a2a_reply_capture
tests.test_a2a_sab_qwen_runtime_blocker	dharma_swarm.operator_core.a2a_task_lifecycle
tests.test_a2a_sab_qwen_runtime_blocker	scripts.governance.a2a_block_sab_qwen_runtime_blockers
tests.test_a2a_sab_qwen_runtime_blocker	scripts.governance.check_a2a_readiness
tests.test_a2a_semantic_receipt_adapter	dharma_swarm.operator_core.a2a_task_lifecycle
tests.test_a2a_semantic_receipt_adapter	scripts.governance.a2a_adapt_semantic_receipts
tests.test_a2a_semantic_receipt_adapter	scripts.governance.check_a2a_readiness
tests.test_a2a_send	dharma_swarm.runtime_state
tests.test_a2a_send	scripts.runtime.a2a_send
tests.test_a2a_send	scripts.runtime.pr_merge_control
tests.test_a2a_send_board_adapter	dharma_swarm.board.adapters.a2a_send_adapter
tests.test_a2a_spec_conformance	dharma_swarm.a2a
tests.test_a2a_spec_conformance	dharma_swarm.a2a.a2a_bridge
tests.test_a2a_spec_conformance	dharma_swarm.a2a.a2a_client
tests.test_a2a_spec_conformance	dharma_swarm.a2a.a2a_server
tests.test_a2a_spec_conformance	dharma_swarm.a2a.agent_card
tests.test_a2a_spec_conformance	dharma_swarm.a2a.node_gateway
tests.test_a2a_stale_forge_v01_blocker	dharma_swarm.operator_core.a2a_task_lifecycle
tests.test_a2a_stale_forge_v01_blocker	scripts.governance.a2a_block_stale_forge_v01
tests.test_a2a_stale_forge_v01_blocker	scripts.governance.check_a2a_readiness
tests.test_a2a_stale_hermes_claim_blocker	dharma_swarm.operator_core.a2a_task_lifecycle
tests.test_a2a_stale_hermes_claim_blocker	scripts.governance.a2a_block_stale_hermes_claims
tests.test_a2a_stale_hermes_claim_blocker	scripts.governance.check_a2a_readiness
tests.test_a2a_stale_holon_review_target_blocker	dharma_swarm.operator_core.a2a_task_lifecycle
tests.test_a2a_stale_holon_review_target_blocker	scripts.governance.a2a_block_stale_holon_review_targets
tests.test_a2a_stale_holon_review_target_blocker	scripts.governance.check_a2a_readiness
tests.test_a2a_task_lifecycle	dharma_swarm.operator_core.a2a_task_lifecycle
tests.test_a2a_topology	scripts.runtime.a2a_topology
tests.test_a2a_verified_duplicate_open_rows	dharma_swarm.operator_core.a2a_task_lifecycle
tests.test_a2a_verified_duplicate_open_rows	scripts.governance.a2a_block_verified_duplicate_open_rows
tests.test_a2a_verified_duplicate_open_rows	scripts.governance.check_a2a_readiness
tests.test_active_inference	dharma_swarm.active_inference
tests.test_adaptive_autonomy	dharma_swarm.adaptive_autonomy
tests.test_agent_constitution	dharma_swarm.agent_constitution
tests.test_agent_constitution	dharma_swarm.models
tests.test_agent_directory	api.routers
tests.test_agent_directory	api.routers.agents
tests.test_agent_directory	dharma_swarm.a2a.agent_card
tests.test_agent_directory	dharma_swarm.a2a.agent_directory
tests.test_agent_directory	dharma_swarm.a2a.node_registry
tests.test_agent_export	dharma_swarm.agent_export
tests.test_agent_install	dharma_swarm.agent_export
tests.test_agent_install	dharma_swarm.agent_install
tests.test_agent_memory	dharma_swarm.agent_memory
tests.test_agent_onboard	dharma_swarm.operator_core.onboarding
tests.test_agent_onboard	dharma_swarm.operator_core.onboarding.evidence
tests.test_agent_registry	dharma_swarm.agent_registry
tests.test_agent_registry_presence	dharma_swarm.a2a.agent_presence
tests.test_agent_runner	dharma_swarm.agent_runner
tests.test_agent_runner	dharma_swarm.base_provider
tests.test_agent_runner	dharma_swarm.lineage
tests.test_agent_runner	dharma_swarm.message_bus
tests.test_agent_runner	dharma_swarm.models
tests.test_agent_runner	dharma_swarm.ontology
tests.test_agent_runner	dharma_swarm.runtime_state
tests.test_agent_runner	dharma_swarm.stigmergy
tests.test_agent_runner	dharma_swarm.telic_seam
tests.test_agent_runner_memory	dharma_swarm.agent_memory
tests.test_agent_runner_memory	dharma_swarm.agent_runner
tests.test_agent_runner_memory	dharma_swarm.models
tests.test_agent_runner_quality	dharma_swarm.agent_runner_quality
tests.test_agent_runner_quality_track	dharma_swarm.agent_runner
tests.test_agent_runner_quality_track	dharma_swarm.models
tests.test_agent_runner_routing_feedback	dharma_swarm.agent_runner
tests.test_agent_runner_routing_feedback	dharma_swarm.decision_router
tests.test_agent_runner_routing_feedback	dharma_swarm.models
tests.test_agent_runner_routing_feedback	dharma_swarm.provider_policy
tests.test_agent_runner_semantic_acceptance	dharma_swarm.agent_runner
tests.test_agent_runner_semantic_acceptance	dharma_swarm.decision_router
tests.test_agent_runner_semantic_acceptance	dharma_swarm.mission_contract
tests.test_agent_runner_semantic_acceptance	dharma_swarm.models
tests.test_agent_runner_semantic_acceptance	dharma_swarm.provider_policy
tests.test_agent_work_packet	dharma_swarm.memory_kernel.write_receipts
tests.test_agentic_autonomy_bundle	dharma_swarm.field_knowledge_base
tests.test_agentops_board_adapter	dharma_swarm.board.adapters.agentops_adapter
tests.test_agents_router	api.routers
tests.test_agents_router	api.routers.agents
tests.test_agents_router	api.ws
tests.test_agents_router	dharma_swarm.models
tests.test_agents_router	dharma_swarm.ontology_runtime
tests.test_ai_reciprocity_ledger	dharma_swarm.ai_reciprocity_ledger
tests.test_algedonic_activation	dharma_swarm.algedonic_activation
tests.test_allout_integration	scripts.strange_loop
tests.test_amiros	dharma_swarm.amiros
tests.test_anekanta_gate	dharma_swarm.anekanta_gate
tests.test_anekanta_gate	dharma_swarm.models
tests.test_api	dharma_swarm.api
tests.test_api	dharma_swarm.lineage
tests.test_api	dharma_swarm.ontology
tests.test_api	dharma_swarm.ontology_runtime
tests.test_api	dharma_swarm.workflow
tests.test_api_auth	api.main
tests.test_api_auth	dharma_swarm.api_keys
tests.test_api_commands_evolve	api.models
tests.test_api_commands_evolve	api.routers.commands
tests.test_api_key_audit	dharma_swarm
tests.test_api_key_audit	dharma_swarm.api_key_audit
tests.test_api_keys	dharma_swarm.api_keys
tests.test_api_keys	dharma_swarm.models
tests.test_api_main_bootstrap	api.main
tests.test_api_main_bootstrap	dharma_swarm.organism
tests.test_api_main_bootstrap	dharma_swarm.swarm
tests.test_archaeology_ingestion	dharma_swarm.archaeology_ingestion
tests.test_archive	dharma_swarm.archive
tests.test_archive_merkle_integration	dharma_swarm.archive
tests.test_archive_merkle_integration	dharma_swarm.merkle_log
tests.test_arena_parity_controls	dharma_swarm.coordination.arena
tests.test_arena_parity_controls	dharma_swarm.coordination.arena.live_pool
tests.test_arena_parity_controls	dharma_swarm.coordination.arena.measure
tests.test_arena_parity_controls	dharma_swarm.coordination.arena.runner
tests.test_arena_parity_controls	dharma_swarm.coordination.genome
tests.test_arena_parity_controls	dharma_swarm.council
tests.test_arena_truth_report	dharma_swarm.coordination.arena.corpus
tests.test_arena_truth_report	dharma_swarm.coordination.orchestrator_v1
tests.test_arena_truth_report	dharma_swarm.memory_kernel.write_receipts
tests.test_arena_v1	dharma_swarm.coordination.arena
tests.test_arena_v1	dharma_swarm.coordination.arena.curator
tests.test_arena_v1	dharma_swarm.coordination.arena.runner
tests.test_arena_v1	dharma_swarm.coordination.arena.scorer
tests.test_arena_v1	dharma_swarm.coordination.arena.taskpack
tests.test_arena_v1	dharma_swarm.coordination.genome
tests.test_arena_v1	dharma_swarm.council
tests.test_artifact_manifest	dharma_swarm.artifact_manifest
tests.test_artifact_manifest	dharma_swarm.engine.artifacts
tests.test_artifact_manifest	dharma_swarm.runtime_state
tests.test_artifact_store	dharma_swarm.artifact_store
tests.test_artifact_store_vnext	dharma_swarm.artifact_store
tests.test_artifact_store_vnext	dharma_swarm.runtime_state
tests.test_assurance	dharma_swarm.assurance
tests.test_assurance	dharma_swarm.assurance.scanner_api_envelope
tests.test_assurance	dharma_swarm.assurance.scanner_context_isolation
tests.test_assurance	dharma_swarm.assurance.scanner_lifecycle
tests.test_assurance	dharma_swarm.assurance.scanner_providers
tests.test_assurance	dharma_swarm.assurance.scanner_routes
tests.test_assurance	dharma_swarm.assurance.scanner_storage
tests.test_assurance	dharma_swarm.assurance.scanner_test_gaps
tests.test_async_safety	dharma_swarm.orchestrator
tests.test_async_safety	dharma_swarm.swarm
tests.test_auditor	dharma_swarm.auditor
tests.test_auditor	dharma_swarm.models
tests.test_authority_revenue_loop	api.ws
tests.test_authority_revenue_loop	dharma_swarm.economic_engine
tests.test_authority_revenue_loop	dharma_swarm.models
tests.test_authority_revenue_loop	dharma_swarm.ontology_runtime
tests.test_authority_revenue_loop	dharma_swarm.opportunity_dispatcher
tests.test_authority_revenue_loop	dharma_swarm.opportunity_refill
tests.test_authority_revenue_loop	dharma_swarm.runtime_state
tests.test_authority_revenue_loop	dharma_swarm.telemetry_plane
tests.test_authority_revenue_loop	dharma_swarm.telic_seam
tests.test_authority_revenue_loop	scripts.uplift_guards
tests.test_auto_evolution	dharma_swarm.swarm
tests.test_auto_grade_engine	dharma_swarm.auto_grade.engine
tests.test_auto_grade_engine	dharma_swarm.auto_research.models
tests.test_auto_proposer	dharma_swarm.archive
tests.test_auto_proposer	dharma_swarm.auto_proposer
tests.test_auto_proposer	dharma_swarm.evolution
tests.test_auto_proposer	dharma_swarm.fitness_predictor
tests.test_auto_proposer	dharma_swarm.monitor
tests.test_auto_proposer	dharma_swarm.traces
tests.test_auto_research_engine	dharma_swarm.auto_research.engine
tests.test_auto_research_engine	dharma_swarm.auto_research.models
tests.test_auto_research_engine	dharma_swarm.auto_research.search
tests.test_auto_research_search	dharma_swarm.auto_research.models
tests.test_auto_research_search	dharma_swarm.auto_research.search
tests.test_auto_research_workflow	dharma_swarm.agent_registry
tests.test_auto_research_workflow	dharma_swarm.agent_runner
tests.test_auto_research_workflow	dharma_swarm.auto_grade.engine
tests.test_auto_research_workflow	dharma_swarm.auto_research.engine
tests.test_auto_research_workflow	dharma_swarm.auto_research.models
tests.test_auto_research_workflow	dharma_swarm.lineage
tests.test_auto_research_workflow	dharma_swarm.models
tests.test_auto_research_workflow	dharma_swarm.runtime_fields
tests.test_auto_research_workflow	dharma_swarm.traces
tests.test_autocatalytic_portfolio	dharma_swarm.a2a.a2a_server
tests.test_autocatalytic_portfolio	dharma_swarm.autocatalytic_contracts
tests.test_autocatalytic_portfolio	dharma_swarm.autocatalytic_portfolio
tests.test_autonomous_agent	dharma_swarm.autonomous_agent
tests.test_autonomous_agent	dharma_swarm.message_bus
tests.test_autonomous_agent	dharma_swarm.model_hierarchy
tests.test_autonomous_agent	dharma_swarm.models
tests.test_autonomous_agent_router_path	dharma_swarm.autonomous_agent
tests.test_autonomous_agent_router_path	dharma_swarm.models
tests.test_autonomous_agent_router_path	dharma_swarm.providers
tests.test_autonomous_agent_router_path	dharma_swarm.runtime_provider
tests.test_autonomy_dial	dharma_swarm.operator_core.autonomy_dial
tests.test_autonomy_spine_cli	dharma_swarm.operator_core.runtime_truth
tests.test_autonomy_spine_cli	dharma_swarm.runtime_state
tests.test_autonomy_spine_cli	scripts.runtime.autonomy_spine
tests.test_autoresearch_loop	dharma_swarm.autoresearch_loop
tests.test_backfill_runtime_idempotency_records	dharma_swarm.runtime_state
tests.test_base_provider	dharma_swarm.base_provider
tests.test_base_provider	dharma_swarm.models
tests.test_base_provider	dharma_swarm.providers
tests.test_benchmark_registry	dharma_swarm.benchmark_registry
tests.test_board_facade	dharma_swarm.board.event_log
tests.test_board_facade	dharma_swarm.board.facade
tests.test_board_facade	dharma_swarm.board.models
tests.test_board_facade	dharma_swarm.correlation_context
tests.test_bootstrap	dharma_swarm.bootstrap
tests.test_bootstrap_loops	dharma_swarm.dynamic_correction
tests.test_bootstrap_loops	dharma_swarm.economic_spine
tests.test_bootstrap_loops	dharma_swarm.evolution
tests.test_bootstrap_loops	dharma_swarm.models
tests.test_bootstrap_loops	dharma_swarm.orchestrator
tests.test_bootstrap_loops	dharma_swarm.organism
tests.test_bootstrap_loops	dharma_swarm.signal_bus
tests.test_bootstrap_loops	dharma_swarm.stigmergy
tests.test_bootstrap_loops	dharma_swarm.swarm
tests.test_bootstrap_loops	dharma_swarm.task_board
tests.test_br_closures	dharma_swarm
tests.test_br_closures	dharma_swarm.engine.store_sync
tests.test_br_closures	dharma_swarm.fractal.fractal_room
tests.test_br_closures	dharma_swarm.fractal.room_bridge
tests.test_br_closures	dharma_swarm.ontology
tests.test_br_closures	dharma_swarm.ontology_hub
tests.test_br_closures	dharma_swarm.opportunity_dispatcher
tests.test_br_closures	dharma_swarm.opportunity_refill
tests.test_br_closures	dharma_swarm.orchestrate_live
tests.test_br_closures	dharma_swarm.task_board
tests.test_bridge	dharma_swarm.bridge
tests.test_bridge	dharma_swarm.metrics
tests.test_bridge	dharma_swarm.rv
tests.test_bridge_coordinator	dharma_swarm.bridge_coordinator
tests.test_bridge_coordinator	dharma_swarm.bridge_registry
tests.test_bridge_coordinator	dharma_swarm.semantic_gravity
tests.test_bridge_coordinator	dharma_swarm.telos_graph
tests.test_bridge_registry	dharma_swarm.bridge_registry
tests.test_browser_agent	dharma_swarm.browser_agent
tests.test_browser_agent	dharma_swarm.tool_registry
tests.test_bsp_message_bus_checkpoint	dharma_swarm.checkpoint
tests.test_bsp_message_bus_checkpoint	dharma_swarm.message_bus
tests.test_bsp_message_bus_checkpoint	dharma_swarm.models
tests.test_bsp_message_bus_checkpoint	dharma_swarm.runtime_state
tests.test_bsp_message_bus_checkpoint	dharma_swarm.spine.identity
tests.test_build_engine	dharma_swarm
tests.test_build_engine	dharma_swarm.build_engine
tests.test_build_engine	dharma_swarm.foreman
tests.test_build_engine	dharma_swarm.iteration_depth
tests.test_build_protocol_cli	dharma_swarm.runtime_contract
tests.test_canary	dharma_swarm.archive
tests.test_canary	dharma_swarm.canary
tests.test_canonical_replay	dharma_swarm.canonical_replay
tests.test_canonical_replay_golden	dharma_swarm.canonical_replay
tests.test_capital_lab_alpha_evidence	dharma_swarm.capital_lab.alpha_evidence
tests.test_capital_lab_broker_paper_membrane	dharma_swarm.capital_lab.broker_paper_membrane
tests.test_capital_lab_broker_paper_membrane	dharma_swarm.capital_lab.risk_governor
tests.test_capital_lab_contracts	dharma_swarm.capital_lab.contracts
tests.test_capital_lab_risk_governor	dharma_swarm.capital_lab.risk_governor
tests.test_cascade	dharma_swarm.cascade
tests.test_cascade	dharma_swarm.cascade_domains.code
tests.test_cascade	dharma_swarm.cascade_domains.common
tests.test_cascade	dharma_swarm.cascade_domains.meta
tests.test_cascade	dharma_swarm.cascade_domains.product
tests.test_cascade	dharma_swarm.cascade_domains.research
tests.test_cascade	dharma_swarm.cascade_domains.skill
tests.test_cascade	dharma_swarm.models
tests.test_cascade_domains_code	dharma_swarm.cascade_domains.code
tests.test_cascade_domains_meta	dharma_swarm.cascade_domains.meta
tests.test_cascade_domains_skill	dharma_swarm.cascade_domains.skill
tests.test_catalytic_graph	dharma_swarm.catalytic_graph
tests.test_catalytic_graph	dharma_swarm.models
tests.test_certified_lanes	dharma_swarm.certified_lanes
tests.test_certified_lanes	dharma_swarm.models
tests.test_chamber_daily_delta	dharma_swarm.chamber.chain
tests.test_chamber_daily_delta	dharma_swarm.chamber.daily_delta
tests.test_chamber_gym_git_history	dharma_swarm.chamber.gym_git_history
tests.test_chamber_gym_git_history	dharma_swarm.chamber.traces
tests.test_chamber_ledger_history	dharma_swarm.chamber.chain
tests.test_chamber_ledger_history	dharma_swarm.chamber.ledger_history
tests.test_chamber_predictions	dharma_swarm.chamber.predictions
tests.test_chamber_predictions	dharma_swarm.ginko_brier
tests.test_chamber_sandbox	dharma_swarm.chamber.sandbox
tests.test_chamber_traces	dharma_swarm.chamber.traces
tests.test_chat_tools	api
tests.test_chat_tools	api.chat_tool_execution
tests.test_chat_tools	api.chat_tools
tests.test_chat_tools	dharma_swarm.models
tests.test_chat_tools	dharma_swarm.stigmergy
tests.test_check_provider_credits	dharma_swarm.api_keys
tests.test_checkpoint	dharma_swarm.checkpoint
tests.test_chetana_markitdown_document_ingest	dharma_swarm.chetana.provenance
tests.test_chetana_staging_boundary	dharma_swarm
tests.test_chetana_staging_boundary	dharma_swarm.chetana
tests.test_chetana_staging_boundary	dharma_swarm.chetana.decay
tests.test_chetana_staging_boundary	dharma_swarm.chetana.gap_scan
tests.test_chetana_staging_boundary	dharma_swarm.chetana.governance
tests.test_chetana_staging_boundary	dharma_swarm.chetana.ingest
tests.test_chetana_staging_boundary	dharma_swarm.chetana.mcp_server
tests.test_chetana_staging_boundary	dharma_swarm.chetana.palace
tests.test_chetana_staging_boundary	dharma_swarm.chetana.promote
tests.test_chetana_staging_boundary	dharma_swarm.chetana.provenance
tests.test_chetana_staging_boundary	dharma_swarm.chetana.revival
tests.test_chetana_staging_boundary	dharma_swarm.chetana.staging
tests.test_chetana_staging_boundary	dharma_swarm.dharma_kernel
tests.test_chetana_staging_boundary	dharma_swarm.stigmergy
tests.test_chetana_staging_boundary	dharma_swarm.wiki_vector_ingest
tests.test_chetana_verify_production	dharma_swarm
tests.test_chetana_verify_production	dharma_swarm.chetana
tests.test_chetana_verify_production	dharma_swarm.chetana.cli
tests.test_chetana_verify_production	dharma_swarm.chetana.ingest
tests.test_chetana_verify_production	dharma_swarm.chetana.manifest
tests.test_chetana_verify_production	dharma_swarm.chetana.mcp_server
tests.test_chetana_verify_production	dharma_swarm.chetana.promote
tests.test_chetana_verify_production	dharma_swarm.chetana.provenance
tests.test_chetana_verify_production	dharma_swarm.chetana.staging
tests.test_chetana_verify_production	dharma_swarm.dharma_kernel
tests.test_chetana_verify_production	dharma_swarm.stigmergy
tests.test_chetana_verify_production	dharma_swarm.wiki_vector_ingest
tests.test_ci_truth	scripts.runtime.ci_truth
tests.test_citation_index	dharma_swarm.citation_index
tests.test_claim_evidence_binding	dharma_swarm.memory_kernel.write_receipts
tests.test_claim_evidence_binding	dharma_swarm.spine.receipt
tests.test_claim_graph	dharma_swarm.claim_graph
tests.test_claim_graph	dharma_swarm.dharma_corpus
tests.test_claude_cli	dharma_swarm.claude_cli
tests.test_claude_hooks	dharma_swarm.claude_hooks
tests.test_cli	dharma_swarm.cli
tests.test_coalgebra	dharma_swarm.coalgebra
tests.test_coalgebra	dharma_swarm.monad
tests.test_coalgebra_dseintegrator_dse_integration	dharma_swarm.archive
tests.test_coalgebra_dseintegrator_dse_integration	dharma_swarm.coalgebra
tests.test_coalgebra_dseintegrator_dse_integration	dharma_swarm.dse_integration
tests.test_coalgebra_dseintegrator_dse_integration	dharma_swarm.evolution
tests.test_codex_composer_semantic_responder_dlq	scripts.runtime.codex_composer_semantic_responder
tests.test_codex_composer_wake_loop	dharma_swarm.operator_core.execution_lease
tests.test_codex_composer_wake_loop	scripts.runtime.codex_composer_wake_loop
tests.test_codex_overnight	dharma_swarm.codex_overnight
tests.test_cohomology_cechcohomology_to_sheaf_coord	dharma_swarm.cohomology_cechcohomology_to_sheaf_coord
tests.test_cohomology_cechcohomology_to_sheaf_coord	dharma_swarm.gaia_ledger
tests.test_cohomology_cechcohomology_to_sheaf_coord	dharma_swarm.gaia_verification
tests.test_command_center	dharma_swarm.tui.app
tests.test_command_center	dharma_swarm.tui.commands.palette
tests.test_command_center	dharma_swarm.tui.commands.system_commands
tests.test_command_center	dharma_swarm.tui.screens
tests.test_command_center	dharma_swarm.tui.screens.command_center
tests.test_command_center	dharma_swarm.tui.widgets
tests.test_command_center	dharma_swarm.tui.widgets.agent_table
tests.test_command_center	dharma_swarm.tui.widgets.evolution_panel
tests.test_command_center	dharma_swarm.tui.widgets.health_panel
tests.test_command_center	dharma_swarm.tui.widgets.lineage_explorer
tests.test_command_center	dharma_swarm.tui.widgets.ontology_browser
tests.test_command_contract	dharma_swarm.dgc_cli
tests.test_compounding_ledger	scripts.compounding_ledger
tests.test_concept_blast_radius	dharma_swarm.concept_blast_radius
tests.test_concept_parser	dharma_swarm.concept_parser
tests.test_concept_parser	dharma_swarm.graph_store
tests.test_conductors	dharma_swarm.conductors
tests.test_conductors	dharma_swarm.model_hierarchy
tests.test_conductors	dharma_swarm.models
tests.test_config	dharma_swarm.config
tests.test_consolidation	dharma_swarm.consolidation
tests.test_consolidation	dharma_swarm.models
tests.test_consolidation	dharma_swarm.runtime_provider
tests.test_constitutional_size_check	dharma_swarm.constitutional_size_check
tests.test_context	dharma_swarm.context
tests.test_context	dharma_swarm.engine.conversation_memory
tests.test_context	dharma_swarm.engine.unified_index
tests.test_context	dharma_swarm.memory_kernel
tests.test_context	dharma_swarm.memory_kernel.context_compiler_shadow
tests.test_context	dharma_swarm.vector_store
tests.test_context_agent	dharma_swarm.context_agent
tests.test_context_agent	dharma_swarm.signal_bus
tests.test_context_compiler	dharma_swarm.context_compiler
tests.test_context_compiler_cache	dharma_swarm.context_compiler
tests.test_context_compiler_cache	dharma_swarm.runtime_state
tests.test_context_compiler_memory_kernel	dharma_swarm.context_compiler
tests.test_context_compiler_memory_kernel	dharma_swarm.memory_kernel
tests.test_context_compiler_memory_kernel	dharma_swarm.memory_kernel.adapters
tests.test_context_compiler_memory_kernel	dharma_swarm.memory_kernel.adapters.read_only
tests.test_context_compiler_memory_kernel	dharma_swarm.memory_kernel.default_context
tests.test_context_compiler_memory_kernel	dharma_swarm.memory_kernel.topology_policy
tests.test_context_compiler_memory_kernel	dharma_swarm.models
tests.test_context_compiler_vnext	dharma_swarm.context_compiler
tests.test_context_compiler_vnext	dharma_swarm.memory_lattice
tests.test_context_compiler_vnext	dharma_swarm.provider_policy
tests.test_context_compiler_vnext	dharma_swarm.runtime_contract
tests.test_context_compiler_vnext	dharma_swarm.runtime_state
tests.test_context_quality_track	dharma_swarm.context
tests.test_context_search	dharma_swarm.context_search
tests.test_context_semantic	dharma_swarm.context_compiler
tests.test_continuity_harness	dharma_swarm.continuity_harness
tests.test_contracts_runtime	dharma_swarm.contracts.common
tests.test_contracts_runtime	dharma_swarm.contracts.runtime
tests.test_contracts_scaffold	dharma_swarm.contracts
tests.test_contradiction_registry	dharma_swarm.contradiction_registry
tests.test_control_plane_production_wiring	api.main
tests.test_control_plane_production_wiring	api.models
tests.test_control_plane_production_wiring	api.routers
tests.test_control_plane_production_wiring	api.routers.commands
tests.test_control_plane_production_wiring	api.routers.fleet
tests.test_control_plane_production_wiring	dharma_swarm.a2a
tests.test_control_plane_production_wiring	dharma_swarm.a2a.a2a_server
tests.test_control_plane_production_wiring	dharma_swarm.a2a.agent_card
tests.test_control_plane_production_wiring	dharma_swarm.a2a.node_gateway
tests.test_control_plane_production_wiring	dharma_swarm.a2a.node_registry
tests.test_control_plane_production_wiring	dharma_swarm.board.adapters.taskboard_adapter
tests.test_control_plane_production_wiring	dharma_swarm.board.event_log
tests.test_control_plane_production_wiring	dharma_swarm.board.facade
tests.test_control_plane_production_wiring	dharma_swarm.board.task_command_outbox
tests.test_control_plane_production_wiring	dharma_swarm.models
tests.test_control_plane_production_wiring	dharma_swarm.task_board
tests.test_control_surface	api.routers.control_surface
tests.test_control_surface	dharma_swarm.operator_core.control_surface
tests.test_control_surface	dharma_swarm.operator_core.control_surface_go
tests.test_control_surface	dharma_swarm.operator_core.control_surface_memory
tests.test_control_surface	dharma_swarm.operator_core.control_surface_models
tests.test_control_surface_a2a_cards	api.routers.control_surface
tests.test_control_surface_agentops_cards	api.routers.control_surface
tests.test_control_surface_ds_goal_cards	api.routers.control_surface
tests.test_control_surface_router_threadpool	api.routers
tests.test_control_surface_router_threadpool	api.routers.control_surface
tests.test_control_surface_semantic_receipt_cards	api.routers.control_surface
tests.test_control_surface_semantic_receipt_cards	dharma_swarm.operator_core.semantic_receipt
tests.test_convergence	dharma_swarm.convergence
tests.test_conversation_distiller	dharma_swarm.conversation_distiller
tests.test_conversation_log	dharma_swarm.conversation_log
tests.test_conversation_memory	dharma_swarm.engine.conversation_memory
tests.test_conversation_store	dharma_swarm.conversation_store
tests.test_correlation_context	dharma_swarm.consistency_guard
tests.test_correlation_context	dharma_swarm.correlation_context
tests.test_correlation_context	dharma_swarm.lineage
tests.test_correlation_context	dharma_swarm.models
tests.test_correlation_context	dharma_swarm.ontology
tests.test_correlation_context	dharma_swarm.runtime_state
tests.test_correlation_context	dharma_swarm.signal_bus
tests.test_correlation_context	dharma_swarm.task_board
tests.test_correlation_context	dharma_swarm.telemetry_plane
tests.test_correlation_context	dharma_swarm.telic_seam
tests.test_cost_tracker	dharma_swarm.cost_tracker
tests.test_council_profiles	dharma_swarm.council
tests.test_council_profiles	dharma_swarm.council.council
tests.test_cron_daemon	dharma_swarm
tests.test_cron_daemon	dharma_swarm.cron_daemon
tests.test_cron_daemon	dharma_swarm.cron_runner
tests.test_cron_daemon	dharma_swarm.cron_scheduler
tests.test_cron_job_runtime	dharma_swarm.cron_job_runtime
tests.test_cron_portable_context	dharma_swarm
tests.test_cron_portable_context	dharma_swarm.cron_portable_context
tests.test_cron_runner	dharma_swarm.cron_job_runtime
tests.test_cron_runner	dharma_swarm.cron_runner
tests.test_cron_runner	dharma_swarm.models
tests.test_cron_runner	dharma_swarm.runtime_provider
tests.test_cron_runner	scripts.runtime.organism_liveness_sentinel
tests.test_cron_scheduler	dharma_swarm
tests.test_cron_scheduler	dharma_swarm.cron_scheduler
tests.test_cross_task_coordination	dharma_swarm.models
tests.test_cross_task_coordination	dharma_swarm.orchestrator
tests.test_cross_task_coordination	dharma_swarm.telos_gates
tests.test_curriculum_engine	dharma_swarm.agent_registry
tests.test_curriculum_engine	dharma_swarm.auto_grade.models
tests.test_curriculum_engine	dharma_swarm.auto_research.models
tests.test_curriculum_engine	dharma_swarm.curriculum_engine
tests.test_curriculum_engine	dharma_swarm.evolution
tests.test_custodians	dharma_swarm.cron_runner
tests.test_custodians	dharma_swarm.custodians
tests.test_custodians	dharma_swarm.ontology_runtime
tests.test_cybernetics_codex	dharma_swarm.cybernetics_codex
tests.test_cybernetics_codex	dharma_swarm.cybernetics_codex_format
tests.test_cybernetics_codex	dharma_swarm.cybernetics_codex_registration
tests.test_daemon_config	dharma_swarm.daemon_config
tests.test_daemon_config	dharma_swarm.thread_manager
tests.test_dag_executor	dharma_swarm.dag_executor
tests.test_dag_executor	dharma_swarm.skill_composer
tests.test_daily_operating_brief	dharma_swarm.daily_operating_brief
tests.test_damper	dharma_swarm.damper
tests.test_darwin_diff	dharma_swarm.evolution
tests.test_darwin_diff	dharma_swarm.models
tests.test_dashboard_chat_router	api.routers
tests.test_dashboard_chat_router	api.routers.chat
tests.test_dashboard_chat_session_contract	api.routers
tests.test_dashboard_chat_session_contract	api.routers.chat
tests.test_dashboard_chat_session_contract	api.ws
tests.test_dataset_builder	dharma_swarm.dataset_builder
tests.test_decision_ontology	dharma_swarm.decision_ontology
tests.test_decision_ontology	dharma_swarm.decision_router
tests.test_decision_router	dharma_swarm.decision_router
tests.test_deep_sweep	dharma_swarm.knowledge_ops.deep_sweep
tests.test_deep_sweep	dharma_swarm.spine.receipt
tests.test_deep_sweep	dharma_swarm.spine.routing
tests.test_deep_sweep	dharma_swarm.world_radar.theme_window
tests.test_dgc_cli	dharma_swarm
tests.test_dgc_cli	dharma_swarm.api_keys
tests.test_dgc_cli	dharma_swarm.dgc_cli
tests.test_dgc_cli	dharma_swarm.operator_core.spine_tail
tests.test_dgc_cli	dharma_swarm.terminal_commands
tests.test_dgc_cli	dharma_swarm.terminal_commands._status_helpers
tests.test_dgc_cli	dharma_swarm.terminal_commands.lifecycle
tests.test_dgc_cli_cron	dharma_swarm.cron_runner
tests.test_dgc_cli_cron	dharma_swarm.dgc_cli
tests.test_dgc_cli_map	dharma_swarm.dgc_cli
tests.test_dgc_cli_memory_retrospectives	dharma_swarm.dgc_cli
tests.test_dgc_cli_mission_brief	dharma_swarm.dgc_cli
tests.test_dgc_trace_attractor_cli	dharma_swarm
tests.test_dgc_trace_attractor_cli	dharma_swarm.dgc_cli
tests.test_dgc_trace_attractor_cli	dharma_swarm.trace_attractor.cli
tests.test_dgm_loop	dharma_swarm.dgm_loop
tests.test_dharma_attractor	dharma_swarm.dharma_attractor
tests.test_dharma_corpus	dharma_swarm.dharma_corpus
tests.test_dharma_kernel	dharma_swarm.dharma_kernel
tests.test_dharmagraph_parity_gauntlet	dharma_swarm.memory_kernel.write_receipts
tests.test_dharmagraph_parity_gauntlet	scripts.governance.dharmagraph_parity_gauntlet
tests.test_dharmagraph_parity_gauntlet	tests.oracle_support.dharmagraph_gauntlet
tests.test_dhyana_drift_triage	dharma_swarm.dhyana.drift_triage
tests.test_diff_applier	dharma_swarm.diff_applier
tests.test_diff_applier	dharma_swarm.runtime_state
tests.test_diff_applier	dharma_swarm.spine.identity
tests.test_dispatch_dropoff_quarantine	dharma_swarm.cybernetics_codex
tests.test_dispatch_dropoff_quarantine	dharma_swarm.cybernetics_codex_format
tests.test_dispatch_dropoff_quarantine	dharma_swarm.loop_closure_quarantine
tests.test_dispatch_dropoff_quarantine	dharma_swarm.runtime_state
tests.test_dispatch_dropoff_quarantine	scripts.runtime.dispatch_dropoff_quarantine
tests.test_dispatch_dropoff_sources	dharma_swarm.spine.invoke
tests.test_dispatch_dropoff_sources	dharma_swarm.spine.receipt
tests.test_dispatch_dropoff_sources	dharma_swarm.spine.routing
tests.test_diversity_archive	dharma_swarm
tests.test_diversity_archive	dharma_swarm.archive
tests.test_diversity_archive	dharma_swarm.diversity_archive
tests.test_docker_sandbox	dharma_swarm.docker_sandbox
tests.test_docker_sandbox	dharma_swarm.models
tests.test_docker_sandbox	dharma_swarm.sandbox
tests.test_docker_sandbox	dharma_swarm.sandbox_monitor
tests.test_doctor	dharma_swarm.doctor
tests.test_dogma_gate	dharma_swarm.dogma_gate
tests.test_dogma_gate	dharma_swarm.models
tests.test_dpi	dharma_swarm.coordination.dpi
tests.test_ds_goal_board_adapter	dharma_swarm.board.adapters.ds_goal_adapter
tests.test_dse_integration	dharma_swarm.archive
tests.test_dse_integration	dharma_swarm.bridge
tests.test_dse_integration	dharma_swarm.coalgebra
tests.test_dse_integration	dharma_swarm.dse_integration
tests.test_dse_integration	dharma_swarm.evolution
tests.test_dse_integration	dharma_swarm.monad
tests.test_dual_audit	dharma_swarm.dual_audit
tests.test_dynamic_correction	dharma_swarm.dynamic_correction
tests.test_dynamic_correction	dharma_swarm.economic_spine
tests.test_dynamic_roster	dharma_swarm.agent_constitution
tests.test_dynamic_roster	dharma_swarm.models
tests.test_e2e_boot	dharma_swarm.models
tests.test_e2e_boot	dharma_swarm.swarm
tests.test_ecc_eval_harness	dharma_swarm.ecc_eval_harness
tests.test_ecc_eval_harness	dharma_swarm.stigmergy
tests.test_economic_agent	dharma_swarm.economic_agent
tests.test_economic_engine	dharma_swarm.dataset_builder
tests.test_economic_engine	dharma_swarm.economic_engine
tests.test_economic_engine	dharma_swarm.model_registry
tests.test_economic_engine	dharma_swarm.resource_scout
tests.test_economic_fitness	dharma_swarm.economic_fitness
tests.test_economic_spine	dharma_swarm.ontology
tests.test_economic_spine	dharma_swarm.revenue.spine
tests.test_economic_spine	dharma_swarm.revenue.telic_bridge
tests.test_economic_spine	dharma_swarm.telic_seam
tests.test_ecosystem_bridge	dharma_swarm.ecosystem_bridge
tests.test_ecosystem_index	dharma_swarm.ecosystem_index
tests.test_ecosystem_map	dharma_swarm.ecosystem_map
tests.test_ecosystem_map_quality_track	dharma_swarm.ecosystem_map
tests.test_elegance	dharma_swarm.elegance
tests.test_engine_artifacts	dharma_swarm.engine.artifacts
tests.test_engine_events	dharma_swarm.engine.events
tests.test_engine_knowledge_store	dharma_swarm.engine.knowledge_store
tests.test_engine_provenance	dharma_swarm.engine.events
tests.test_engine_provenance	dharma_swarm.engine.provenance
tests.test_engine_provider_base	dharma_swarm.engine.adapters.base
tests.test_engine_provider_base	dharma_swarm.engine.events
tests.test_engine_provider_runner	dharma_swarm.engine.adapters.base
tests.test_engine_provider_runner	dharma_swarm.engine.events
tests.test_engine_provider_runner	dharma_swarm.engine.provider_runner
tests.test_engine_settings	dharma_swarm.engine.settings
tests.test_env_alias_normalization	dharma_swarm.api_keys
tests.test_episode_ledger	dharma_swarm.episode_ledger
tests.test_epistemic_telemetry	dharma_swarm.epistemic_telemetry
tests.test_eval_harness_extended	dharma_swarm.benchmark_registry
tests.test_eval_harness_extended	dharma_swarm.ecc_eval_harness
tests.test_eval_harness_extended	dharma_swarm.eval_trace
tests.test_eval_trace	dharma_swarm.eval_trace
tests.test_evaluation_registry	dharma_swarm.evaluation_registry
tests.test_evaluation_registry	dharma_swarm.memory_lattice
tests.test_evaluation_registry	dharma_swarm.runtime_state
tests.test_evaluator	dharma_swarm.evaluator
tests.test_evaluator	dharma_swarm.models
tests.test_evaluator_module	dharma_swarm.evaluator
tests.test_evaluator_module	dharma_swarm.models
tests.test_event_log	dharma_swarm.event_log
tests.test_event_log	dharma_swarm.runtime_contract
tests.test_event_memory	dharma_swarm.engine.event_memory
tests.test_event_memory	dharma_swarm.runtime_contract
tests.test_event_memory_integration	dharma_swarm.context
tests.test_event_memory_integration	dharma_swarm.engine.conversation_memory
tests.test_event_memory_integration	dharma_swarm.engine.event_memory
tests.test_event_memory_integration	dharma_swarm.engine.retrieval_feedback
tests.test_event_memory_integration	dharma_swarm.engine.unified_index
tests.test_event_memory_integration	dharma_swarm.models
tests.test_event_memory_integration	dharma_swarm.orchestrator
tests.test_event_memory_integration	dharma_swarm.runtime_contract
tests.test_evolution	dharma_swarm.archive
tests.test_evolution	dharma_swarm.convergence
tests.test_evolution	dharma_swarm.evolution
tests.test_evolution	dharma_swarm.experiment_log
tests.test_evolution	dharma_swarm.forge_v1.forge_v2
tests.test_evolution	dharma_swarm.forge_v1.forge_v2.promote
tests.test_evolution	dharma_swarm.forge_v1.forge_v2.signals
tests.test_evolution	dharma_swarm.forge_v1.forge_v2.verify_promotion
tests.test_evolution	dharma_swarm.landscape
tests.test_evolution	dharma_swarm.meta_evolution
tests.test_evolution	dharma_swarm.models
tests.test_evolution	dharma_swarm.router_retrospective
tests.test_evolution	dharma_swarm.ucb_selector
tests.test_evolution_gate_helpers	dharma_swarm.evolution
tests.test_evolution_gate_helpers	dharma_swarm.models
tests.test_evolution_gate_helpers	tests.evolution_gate_helpers
tests.test_evolution_landscape	dharma_swarm.landscape
tests.test_evolution_roster	dharma_swarm.api_keys
tests.test_evolution_roster	dharma_swarm.evolution_roster
tests.test_evolution_roster	dharma_swarm.models
tests.test_evolution_runtime_fields	dharma_swarm.auto_grade.models
tests.test_evolution_runtime_fields	dharma_swarm.evolution
tests.test_evolution_runtime_fields	dharma_swarm.optimizer_bridge
tests.test_evolution_runtime_fields	dharma_swarm.runtime_fields
tests.test_evolution_safety	dharma_swarm
tests.test_evolution_safety	dharma_swarm.custodians
tests.test_evolution_safety	dharma_swarm.diff_applier
tests.test_evolution_safety	dharma_swarm.evolution_safety
tests.test_evolution_safety	dharma_swarm.self_improve
tests.test_execution_profile	dharma_swarm.execution_profile
tests.test_experiment_log	dharma_swarm.archive
tests.test_experiment_log	dharma_swarm.execution_profile
tests.test_experiment_log	dharma_swarm.experiment_log
tests.test_experiment_memory	dharma_swarm.archive
tests.test_experiment_memory	dharma_swarm.execution_profile
tests.test_experiment_memory	dharma_swarm.experiment_log
tests.test_experiment_memory	dharma_swarm.experiment_memory
tests.test_external_agent_registration	dharma_swarm.external_agent_registration
tests.test_fast_suite_isolation	dharma_swarm.agent_runner
tests.test_fast_suite_isolation	dharma_swarm.models
tests.test_feedback_writer	dharma_swarm.shakti_executive.feedback_writer
tests.test_field_graph	dharma_swarm.field_graph
tests.test_field_graph	dharma_swarm.field_knowledge_base
tests.test_field_graph	dharma_swarm.semantic_gravity
tests.test_field_knowledge_base	dharma_swarm.field_knowledge_base
tests.test_file_lock	dharma_swarm.file_lock
tests.test_fitness_predictor	dharma_swarm.fitness_predictor
tests.test_fleet_control_plane	api.routers
tests.test_fleet_control_plane	api.routers.fleet
tests.test_fleet_control_plane	dharma_swarm.a2a
tests.test_fleet_control_plane	dharma_swarm.a2a.a2a_client
tests.test_fleet_control_plane	dharma_swarm.a2a.a2a_server
tests.test_fleet_control_plane	dharma_swarm.a2a.agent_card
tests.test_fleet_control_plane	dharma_swarm.a2a.node_gateway
tests.test_fleet_control_plane	dharma_swarm.a2a.node_registry
tests.test_fleet_field_registry	scripts.runtime.fleet_field_registry
tests.test_flywheel_exporter	dharma_swarm.artifact_store
tests.test_flywheel_exporter	dharma_swarm.flywheel_exporter
tests.test_flywheel_exporter	dharma_swarm.memory_lattice
tests.test_flywheel_exporter	dharma_swarm.runtime_contract
tests.test_flywheel_exporter	dharma_swarm.runtime_state
tests.test_foreman	dharma_swarm.foreman
tests.test_foreman	dharma_swarm.iteration_depth
tests.test_forge_fresh_task_oracle	dharma_swarm.forge_v1.forge_v2
tests.test_forge_fresh_task_oracle	dharma_swarm.forge_v1.forge_v2.fresh_task_oracle
tests.test_forge_fresh_task_oracle	dharma_swarm.forge_v1.forge_v2.taskbed_ledger
tests.test_forge_lab_chassis	dharma_swarm.archive
tests.test_forge_lab_chassis	dharma_swarm.forge_lab
tests.test_forge_lab_chassis	dharma_swarm.forge_lab.candidate_store
tests.test_forge_lab_chassis	dharma_swarm.forge_lab.freeform_explore
tests.test_forge_lab_chassis	dharma_swarm.forge_lab.genome_spec
tests.test_forge_lab_chassis	dharma_swarm.forge_lab.grade_explore
tests.test_forge_lab_chassis	dharma_swarm.forge_lab.ids
tests.test_forge_lab_chassis	dharma_swarm.forge_lab.mutation
tests.test_forge_lab_chassis	dharma_swarm.forge_lab.selection
tests.test_forge_lab_experiment	dharma_swarm.forge_lab
tests.test_forge_lab_experiment	dharma_swarm.forge_lab.experiment
tests.test_forge_lab_experiment	dharma_swarm.forge_lab.grade_explore
tests.test_forge_lab_freeform_explore	dharma_swarm.forge_lab.freeform_explore
tests.test_forge_pr_suite_grader	dharma_swarm.forge_v1.forge_v2
tests.test_forge_pr_suite_grader	dharma_swarm.forge_v1.forge_v2.fresh_task_oracle
tests.test_forge_pr_suite_grader	dharma_swarm.forge_v1.forge_v2.pr_suite_grader
tests.test_forge_pr_suite_grader	dharma_swarm.forge_v1.forge_v2.taskbed_ledger
tests.test_forge_pr_suite_grader	dharma_swarm.forge_v1.run_real
tests.test_forge_pr_suite_harvest_loop	dharma_swarm.forge_v1.forge_v2
tests.test_forge_pr_suite_harvest_loop	dharma_swarm.forge_v1.forge_v2.pr_suite_harvest_loop
tests.test_forge_pr_suite_harvester	dharma_swarm.forge_v1.forge_v2
tests.test_forge_pr_suite_harvester	dharma_swarm.forge_v1.forge_v2.fresh_task_oracle
tests.test_forge_pr_suite_harvester	dharma_swarm.forge_v1.forge_v2.pr_suite_harvester
tests.test_forge_pr_suite_validator	dharma_swarm.forge_v1.forge_v2
tests.test_forge_pr_suite_validator	dharma_swarm.forge_v1.forge_v2.fresh_task_oracle
tests.test_forge_pr_suite_validator	dharma_swarm.forge_v1.forge_v2.pr_suite_validator
tests.test_forge_prod_contracts	dharma_swarm.forge_prod_contracts.receipts
tests.test_forge_prod_contracts	dharma_swarm.forge_prod_contracts.scoreboard
tests.test_forge_prod_contracts	dharma_swarm.forge_prod_contracts.taskbed
tests.test_forge_run_real_rate_limit	dharma_swarm.forge_v1.run_real
tests.test_forge_swarm_evolution_arena_v0_measurement_runner	scripts.runtime.forge_swarm_evolution_arena_v0_measurement_runner
tests.test_forge_swarm_evolution_arena_v0_preflight	scripts.runtime.forge_swarm_evolution_arena_v0_preflight
tests.test_forge_swarm_evolution_arena_v0_taskpack_builder	scripts.runtime.forge_swarm_evolution_arena_v0_preflight
tests.test_forge_swarm_evolution_arena_v0_taskpack_builder	scripts.runtime.forge_swarm_evolution_arena_v0_taskpack_builder
tests.test_forge_taskbed_ledger	dharma_swarm.forge_v1.forge_v2
tests.test_forge_taskbed_ledger	dharma_swarm.forge_v1.forge_v2.taskbed_ledger
tests.test_forge_v1	dharma_swarm.forge_v1.autoloop_matrix
tests.test_forge_v1	dharma_swarm.forge_v1.fixtures
tests.test_forge_v1	dharma_swarm.forge_v1.harness
tests.test_forge_v1	dharma_swarm.forge_v1.models
tests.test_forge_v1	dharma_swarm.forge_v1.run_real_patch
tests.test_forge_v1_full	dharma_swarm.forge_v1.evolution
tests.test_forge_v1_full	dharma_swarm.forge_v1.harness
tests.test_forge_v1_full	dharma_swarm.forge_v1.providers
tests.test_forge_v1_full	dharma_swarm.forge_v1.swarm
tests.test_forge_v1_full	dharma_swarm.forge_v1.swebench
tests.test_forge_v1_full	dharma_swarm.forge_v1.tracking
tests.test_forge_v1_providers	dharma_swarm.forge_v1.fixtures
tests.test_forge_v1_providers	dharma_swarm.forge_v1.harness
tests.test_forge_v1_providers	dharma_swarm.forge_v1.providers
tests.test_forge_v1_providers	dharma_swarm.models
tests.test_forge_v1_providers	dharma_swarm.runtime_provider
tests.test_forge_v1_swarm_live	dharma_swarm.forge_v1.fixtures
tests.test_forge_v1_swarm_live	dharma_swarm.forge_v1.harness
tests.test_forge_v1_swarm_live	dharma_swarm.forge_v1.providers
tests.test_forge_v1_swarm_live	dharma_swarm.forge_v1.swarm
tests.test_forge_v1_swebench	dharma_swarm.forge_v1
tests.test_forge_v1_swebench	dharma_swarm.forge_v1.swebench_real
tests.test_forge_v2	dharma_swarm.forge_v1.forge_v2
tests.test_forge_v2	dharma_swarm.forge_v1.forge_v2.arms
tests.test_forge_v2	dharma_swarm.forge_v1.forge_v2.budget
tests.test_forge_v2	dharma_swarm.forge_v1.forge_v2.provenance
tests.test_forge_v2	dharma_swarm.forge_v1.forge_v2.receipts
tests.test_forge_v2	dharma_swarm.forge_v1.forge_v2.runner
tests.test_forge_v2	dharma_swarm.forge_v1.forge_v2.stats
tests.test_forge_v2_promotion_door	dharma_swarm.evolution
tests.test_forge_v2_promotion_door	dharma_swarm.forge_v1.forge_v2
tests.test_forge_v2_promotion_door	dharma_swarm.forge_v1.forge_v2.promote
tests.test_forge_v2_promotion_door	dharma_swarm.forge_v1.forge_v2.verify_promotion
tests.test_fourfold_action_warrant	dharma_swarm.fourfold_action_warrant
tests.test_fourfold_action_warrant	dharma_swarm.models
tests.test_fractal_room	dharma_swarm.correlation_context
tests.test_fractal_room	dharma_swarm.fractal.fractal_room
tests.test_fractal_room	dharma_swarm.fractal.room_bridge
tests.test_fractal_room	dharma_swarm.signal_bus
tests.test_free_fleet	dharma_swarm.dgc_cli
tests.test_free_fleet	dharma_swarm.free_fleet
tests.test_free_fleet	dharma_swarm.models
tests.test_free_fleet	dharma_swarm.providers
tests.test_fs_substrate_e2e	dharma_swarm.fs_substrate.okf
tests.test_fs_substrate_e2e	dharma_swarm.fs_substrate.organizer
tests.test_fs_substrate_e2e	dharma_swarm.fs_substrate.semantic_fs
tests.test_fs_substrate_e2e	dharma_swarm.fs_substrate.stage_contracts
tests.test_fs_substrate_e2e	dharma_swarm.fs_substrate.stage_executor
tests.test_fs_substrate_e2e	dharma_swarm.handoff
tests.test_fs_substrate_e2e	dharma_swarm.memory_kernel.facade
tests.test_fs_substrate_e2e	dharma_swarm.spine.receipt
tests.test_fs_substrate_e2e	dharma_swarm.spine.routing
tests.test_full_loop	dharma_swarm.context_compiler
tests.test_full_loop	dharma_swarm.economic_spine
tests.test_full_loop	dharma_swarm.evolution
tests.test_full_loop	dharma_swarm.knowledge_units
tests.test_full_loop	dharma_swarm.memory_lattice
tests.test_full_loop	dharma_swarm.orchestrator
tests.test_full_loop	dharma_swarm.runtime_state
tests.test_full_power_probe	dharma_swarm.full_power_probe
tests.test_gaia	dharma_swarm.archive
tests.test_gaia	dharma_swarm.gaia_fitness
tests.test_gaia	dharma_swarm.gaia_ledger
tests.test_gaia	dharma_swarm.gaia_verification
tests.test_gaia	dharma_swarm.models
tests.test_gaia	dharma_swarm.monad
tests.test_gaia	dharma_swarm.rv
tests.test_gaia	dharma_swarm.sheaf
tests.test_gaia_fitness	dharma_swarm.gaia_fitness
tests.test_gaia_fitness	dharma_swarm.gaia_ledger
tests.test_gaia_fitness	dharma_swarm.telos_gates
tests.test_gaia_ledger	dharma_swarm.gaia_ledger
tests.test_gaia_platform	dharma_swarm.gaia_platform
tests.test_gaia_sis_mint_gate	dharma_swarm.gaia_sis_mint_gate
tests.test_gaia_sis_projection	dharma_swarm.gaia_ledger
tests.test_gaia_sis_projection	dharma_swarm.gaia_sis_projection
tests.test_gaia_verification	dharma_swarm.gaia_ledger
tests.test_gaia_verification	dharma_swarm.gaia_verification
tests.test_gate_ahimsa	dharma_swarm.telos_gates
tests.test_gateway	dharma_swarm.gateway.base
tests.test_gateway	dharma_swarm.gateway.runner
tests.test_genome_inheritance	dharma_swarm.agent_constitution
tests.test_genome_inheritance	dharma_swarm.genome_inheritance
tests.test_genome_inheritance	dharma_swarm.models
tests.test_geometry	dharma_swarm.geometry
tests.test_ginko_agents	dharma_swarm.ginko_agents
tests.test_ginko_attribution	dharma_swarm.ginko_attribution
tests.test_ginko_audit	dharma_swarm.ginko_audit
tests.test_ginko_backtest	dharma_swarm.ginko_backtest
tests.test_ginko_backtest	dharma_swarm.ginko_signals
tests.test_ginko_bridge	dharma_swarm.autonomous_agent
tests.test_ginko_bridge	dharma_swarm.ginko_bridge
tests.test_ginko_brier	dharma_swarm.ginko_brier
tests.test_ginko_cron_loop	dharma_swarm
tests.test_ginko_cron_loop	dharma_swarm.ginko_cron_loop
tests.test_ginko_data	dharma_swarm.ginko_data
tests.test_ginko_data_integration	dharma_swarm.ginko_data
tests.test_ginko_data_integration	dharma_swarm.ginko_regime
tests.test_ginko_data_integration	dharma_swarm.ginko_signals
tests.test_ginko_evolution	dharma_swarm.ginko_evolution
tests.test_ginko_orchestrator	dharma_swarm.ginko_orchestrator
tests.test_ginko_paper_trade	dharma_swarm.ginko_paper_trade
tests.test_ginko_regime	dharma_swarm.ginko_regime
tests.test_ginko_report_gen	dharma_swarm.ginko_report_gen
tests.test_ginko_risk	dharma_swarm.ginko_risk
tests.test_ginko_sec	dharma_swarm.ginko_sec
tests.test_ginko_sentiment	dharma_swarm.ginko_sentiment
tests.test_ginko_signals	dharma_swarm.ginko_signals
tests.test_ginko_swarm_wiring	dharma_swarm.ginko_agents
tests.test_ginko_swarm_wiring	dharma_swarm.swarm
tests.test_github_ingestor_runner	dharma_swarm.world_radar.go_invoke
tests.test_gnani_lodestone	dharma_swarm.gnani_lodestone
tests.test_go_adapter_contracts	dharma_swarm.world_radar
tests.test_go_adapter_contracts	dharma_swarm.world_radar.go_invoke
tests.test_go_evidence_ingestor_bridge	dharma_swarm.operator_core.closure_v0
tests.test_go_evidence_ingestor_bridge	dharma_swarm.operator_core.go_evidence_bridge
tests.test_go_evidence_ingestor_bridge	dharma_swarm.operator_core.operating_facts
tests.test_go_evidence_ingestor_bridge	dharma_swarm.world_radar.go_invoke
tests.test_go_github_ingestor_bridge	dharma_swarm.operator_core.go_github_bridge
tests.test_go_github_ingestor_bridge	dharma_swarm.world_radar.go_invoke
tests.test_go_receipt_identity_verify	dharma_swarm.operator_core.go_evidence_bridge
tests.test_go_receipt_identity_verify	dharma_swarm.operator_core.go_receipt_identity
tests.test_go_receipt_identity_verify	dharma_swarm.world_radar.go_invoke
tests.test_go_world_signal_bridge	dharma_swarm.operator_core.control_surface
tests.test_go_world_signal_bridge	dharma_swarm.operator_core.world_radar.receipt_bridge
tests.test_go_world_signal_bridge	dharma_swarm.world_radar.go_invoke
tests.test_godel_claw_cli	dharma_swarm.archive
tests.test_godel_claw_cli	dharma_swarm.dgc_cli
tests.test_godel_claw_cli	dharma_swarm.models
tests.test_godel_claw_cli	dharma_swarm.monitor
tests.test_godel_claw_cli	dharma_swarm.traces
tests.test_godel_claw_e2e	dharma_swarm.archive
tests.test_godel_claw_e2e	dharma_swarm.canary
tests.test_godel_claw_e2e	dharma_swarm.dharma_corpus
tests.test_godel_claw_e2e	dharma_swarm.dharma_kernel
tests.test_godel_claw_e2e	dharma_swarm.dogma_gate
tests.test_godel_claw_e2e	dharma_swarm.evolution
tests.test_godel_claw_e2e	dharma_swarm.models
tests.test_godel_claw_e2e	dharma_swarm.monitor
tests.test_godel_claw_e2e	dharma_swarm.policy_compiler
tests.test_godel_claw_e2e	dharma_swarm.shakti
tests.test_godel_claw_e2e	dharma_swarm.stigmergy
tests.test_godel_claw_e2e	dharma_swarm.subconscious
tests.test_godel_claw_e2e	dharma_swarm.telos_gates
tests.test_godel_claw_e2e	dharma_swarm.traces
tests.test_governed_work_admission	dharma_swarm.operator_core.governed_work_admission
tests.test_graduation_engine	dharma_swarm.graduation_engine
tests.test_graph_chaos_receipt	dharma_swarm.graph.durable_invoker
tests.test_graph_chaos_receipt	dharma_swarm.graph.effects
tests.test_graph_chaos_receipt	dharma_swarm.graph.reconciler
tests.test_graph_chaos_receipt	dharma_swarm.runtime_state
tests.test_graph_chaos_receipt	dharma_swarm.spine.identity
tests.test_graph_chaos_receipt	dharma_swarm.spine.receipt
tests.test_graph_chaos_receipt	dharma_swarm.spine.routing
tests.test_graph_checkpoint	dharma_swarm.graph.checkpoint
tests.test_graph_checkpoint	dharma_swarm.runtime_state
tests.test_graph_checkpoint	dharma_swarm.spine.identity
tests.test_graph_durable_invoker	dharma_swarm.graph.durable_invoker
tests.test_graph_durable_invoker	dharma_swarm.runtime_state
tests.test_graph_durable_invoker	dharma_swarm.spine.identity
tests.test_graph_durable_invoker	dharma_swarm.spine.receipt
tests.test_graph_durable_invoker	dharma_swarm.spine.routing
tests.test_graph_effects	dharma_swarm.graph.durable_invoker
tests.test_graph_effects	dharma_swarm.graph.effects
tests.test_graph_effects	dharma_swarm.runtime_state
tests.test_graph_effects	dharma_swarm.spine.identity
tests.test_graph_effects	dharma_swarm.spine.receipt
tests.test_graph_effects	dharma_swarm.spine.routing
tests.test_graph_neutral_core	dharma_swarm.graph
tests.test_graph_neutral_core	dharma_swarm.graph.channels
tests.test_graph_neutral_core	dharma_swarm.graph.checkpoint
tests.test_graph_neutral_core	dharma_swarm.graph.compiler
tests.test_graph_neutral_core	dharma_swarm.graph.effects
tests.test_graph_neutral_core	dharma_swarm.graph.scheduler
tests.test_graph_neutral_core	dharma_swarm.graph.state
tests.test_graph_neutral_core	dharma_swarm.graph.types
tests.test_graph_neutral_cycles_resume	dharma_swarm.graph.channels
tests.test_graph_neutral_cycles_resume	dharma_swarm.graph.compiler
tests.test_graph_neutral_cycles_resume	dharma_swarm.graph.effects
tests.test_graph_neutral_cycles_resume	dharma_swarm.graph.routing
tests.test_graph_neutral_cycles_resume	dharma_swarm.graph.scheduler
tests.test_graph_neutral_cycles_resume	dharma_swarm.graph.types
tests.test_graph_neutral_langgraph_oracle	dharma_swarm.graph.channels
tests.test_graph_neutral_langgraph_oracle	dharma_swarm.graph.compiler
tests.test_graph_neutral_langgraph_oracle	dharma_swarm.graph.effects
tests.test_graph_neutral_langgraph_oracle	dharma_swarm.graph.interrupts
tests.test_graph_neutral_langgraph_oracle	dharma_swarm.graph.persistence
tests.test_graph_neutral_langgraph_oracle	dharma_swarm.graph.routing
tests.test_graph_neutral_langgraph_oracle	dharma_swarm.graph.scheduler
tests.test_graph_neutral_langgraph_oracle	dharma_swarm.graph.schema
tests.test_graph_neutral_langgraph_oracle	dharma_swarm.graph.types
tests.test_graph_neutral_routing	dharma_swarm.graph.channels
tests.test_graph_neutral_routing	dharma_swarm.graph.compiler
tests.test_graph_neutral_routing	dharma_swarm.graph.effects
tests.test_graph_neutral_routing	dharma_swarm.graph.routing
tests.test_graph_neutral_routing	dharma_swarm.graph.scheduler
tests.test_graph_neutral_routing	dharma_swarm.graph.types
tests.test_graph_nexus	dharma_swarm.graph_nexus
tests.test_graph_persistence_kernel	dharma_swarm.graph
tests.test_graph_persistence_kernel	dharma_swarm.graph.types
tests.test_graph_pregel_properties	dharma_swarm.graph.channels
tests.test_graph_pregel_properties	dharma_swarm.graph.compiler
tests.test_graph_pregel_properties	dharma_swarm.graph.effects
tests.test_graph_pregel_properties	dharma_swarm.graph.errors
tests.test_graph_pregel_properties	dharma_swarm.graph.persistence
tests.test_graph_pregel_properties	dharma_swarm.graph.routing
tests.test_graph_pregel_properties	dharma_swarm.graph.schema
tests.test_graph_pregel_properties	dharma_swarm.graph.state
tests.test_graph_pregel_properties	dharma_swarm.graph.types
tests.test_graph_receipt_chain	dharma_swarm.graph.receipt_chain
tests.test_graph_receipt_chain	dharma_swarm.spine.receipt
tests.test_graph_reconciler	dharma_swarm.graph.receipt_authority
tests.test_graph_reconciler	dharma_swarm.graph.reconciler
tests.test_graph_reconciler	dharma_swarm.models
tests.test_graph_reconciler	dharma_swarm.runtime_state
tests.test_graph_reconciler	dharma_swarm.swarm
tests.test_graph_reconciler	dharma_swarm.task_board
tests.test_graph_seam_ledger	tests.antithesis_support.effect_scan
tests.test_graph_seam_ledger	tests.antithesis_support.seam_ledger
tests.test_graph_store	dharma_swarm.graph_store
tests.test_graph_telos_bridge	dharma_swarm.graph.telos_bridge
tests.test_graph_telos_bridge	dharma_swarm.merkle_log
tests.test_graph_telos_bridge	dharma_swarm.spine.receipt
tests.test_graph_world	dharma_swarm.graph.world
tests.test_graphql_router	api.routers
tests.test_graphql_router	api.routers.graphql_router
tests.test_graphql_router	dharma_swarm.models
tests.test_graphql_router	dharma_swarm.ontology_agents
tests.test_graphql_router	dharma_swarm.ontology_runtime
tests.test_group_chat	dharma_swarm.group_chat
tests.test_guardian_crew	dharma_swarm
tests.test_guardian_crew	dharma_swarm.fractal
tests.test_guardian_crew	dharma_swarm.fractal.room_health
tests.test_guardian_crew	dharma_swarm.guardian_crew
tests.test_guardian_crew	dharma_swarm.runtime_state
tests.test_guardian_runtime_checks	dharma_swarm.guardian_runtime_checks
tests.test_guardrails	dharma_swarm.guardrails
tests.test_handoff	dharma_swarm.handoff
tests.test_harness_audit	dharma_swarm.harness_audit
tests.test_hibernation	dharma_swarm.hibernation
tests.test_holon_bridge	dharma_swarm
tests.test_holon_bridge	dharma_swarm.holon_bridge
tests.test_holon_bridge	dharma_swarm.models
tests.test_holon_bridge	dharma_swarm.providers
tests.test_holon_bridge	dharma_swarm.runtime_provider
tests.test_holon_bridge	scripts.holon_talk
tests.test_holon_budget_guard	dharma_swarm.holon_budget_guard
tests.test_holon_compass	dharma_swarm
tests.test_holon_compass	dharma_swarm.holon_compass
tests.test_holon_health	dharma_swarm
tests.test_holon_health	dharma_swarm.holon_health
tests.test_holon_health	dharma_swarm.holon_killswitch
tests.test_holon_killswitch	dharma_swarm
tests.test_holon_killswitch	dharma_swarm.holon_killswitch
tests.test_holon_persistence	dharma_swarm
tests.test_holon_persistence	dharma_swarm.holon_persistence
tests.test_holon_route	api.routers
tests.test_holon_route	api.routers.chat
tests.test_holon_route	api.routers.holon
tests.test_holon_route	dharma_swarm
tests.test_holon_route	dharma_swarm.holon_bridge
tests.test_holon_runtime	dharma_swarm
tests.test_holon_runtime	dharma_swarm.holon_killswitch
tests.test_holon_runtime	dharma_swarm.holon_runtime
tests.test_holon_runtime_integration	dharma_swarm
tests.test_holon_runtime_integration	dharma_swarm.holon_persistence
tests.test_holon_runtime_integration	dharma_swarm.holon_runtime
tests.test_holon_smoke	scripts.holon_smoke
tests.test_holon_system_imports	dharma_swarm
tests.test_holon_system_imports	dharma_swarm.holon_bridge
tests.test_holon_system_imports	dharma_swarm.holon_runtime
tests.test_holon_system_imports	dharma_swarm.holon_system.runtime
tests.test_holon_system_imports	dharma_swarm.holon_system.runtime.bridge
tests.test_holon_system_imports	dharma_swarm.holon_system.runtime.wake_cycle
tests.test_holon_system_imports	dharma_swarm.holon_system.sarathi.gateway
tests.test_human_yds_ledger	dharma_swarm.daily_operating_brief
tests.test_human_yds_ledger	dharma_swarm.human_yds_ledger
tests.test_hybrid_retriever	dharma_swarm.engine.event_memory
tests.test_hybrid_retriever	dharma_swarm.engine.hybrid_retriever
tests.test_hybrid_retriever	dharma_swarm.engine.retrieval_feedback
tests.test_hybrid_retriever	dharma_swarm.engine.unified_index
tests.test_hybrid_retriever	dharma_swarm.runtime_contract
tests.test_hypnagogic	dharma_swarm.hypnagogic
tests.test_hypnagogic	dharma_swarm.models
tests.test_identity	dharma_swarm.identity
tests.test_identity_v2	dharma_swarm.identity
tests.test_import_legacy_archive	scripts.import_legacy_archive
tests.test_info_geometry	dharma_swarm.info_geometry
tests.test_ingest_nats	dharma_swarm.operator_core.ingest_nats
tests.test_injection_scanner	dharma_swarm.injection_scanner
tests.test_instinct_bridge	dharma_swarm.instinct_bridge
tests.test_integration	dharma_swarm.archive
tests.test_integration	dharma_swarm.bridge
tests.test_integration	dharma_swarm.elegance
tests.test_integration	dharma_swarm.evolution
tests.test_integration	dharma_swarm.file_lock
tests.test_integration	dharma_swarm.fitness_predictor
tests.test_integration	dharma_swarm.metrics
tests.test_integration	dharma_swarm.models
tests.test_integration	dharma_swarm.monitor
tests.test_integration	dharma_swarm.rv
tests.test_integration	dharma_swarm.selector
tests.test_integration	dharma_swarm.telos_gates
tests.test_integration	dharma_swarm.traces
tests.test_integration	tests.evolution_gate_helpers
tests.test_integration_smoke	dharma_swarm.archive
tests.test_integration_smoke	dharma_swarm.context
tests.test_integration_smoke	dharma_swarm.dharma_kernel
tests.test_integration_smoke	dharma_swarm.evolution
tests.test_integration_smoke	dharma_swarm.models
tests.test_integration_smoke	dharma_swarm.monitor
tests.test_integration_smoke	dharma_swarm.telos_gates
tests.test_integration_smoke	dharma_swarm.traces
tests.test_integrations_data_flywheel	dharma_swarm.integrations
tests.test_integrations_kaizen_ops	dharma_swarm.integrations
tests.test_integrations_nvidia_rag	dharma_swarm.integrations
tests.test_integrations_reciprocity_commons	dharma_swarm.integrations
tests.test_intelligence_adapters	dharma_swarm.contracts
tests.test_intelligence_adapters	dharma_swarm.contracts.common
tests.test_intelligence_adapters	dharma_swarm.contracts.intelligence_adapters
tests.test_intelligence_adapters	dharma_swarm.engine.event_memory
tests.test_intelligence_adapters	dharma_swarm.runtime_state
tests.test_intelligence_agents	dharma_swarm.contracts.intelligence_agents
tests.test_intelligence_agents	dharma_swarm.integrations
tests.test_intelligence_agents	dharma_swarm.message_bus
tests.test_intelligence_agents	dharma_swarm.models
tests.test_intelligence_agents	dharma_swarm.telemetry_plane
tests.test_intelligence_kaizenops	dharma_swarm.contracts.intelligence_kaizenops
tests.test_intelligence_kaizenops	dharma_swarm.contracts.intelligence_stack
tests.test_intelligence_kaizenops	dharma_swarm.integrations
tests.test_intelligence_kaizenops	dharma_swarm.runtime_state
tests.test_intelligence_stack	dharma_swarm.contracts
tests.test_intelligence_stack	dharma_swarm.contracts.common
tests.test_intelligence_stack	dharma_swarm.contracts.intelligence_stack
tests.test_intelligence_stack	dharma_swarm.engine.event_memory
tests.test_intelligence_stack	dharma_swarm.runtime_state
tests.test_intelligence_telemetry	dharma_swarm.contracts.intelligence_stack
tests.test_intelligence_telemetry	dharma_swarm.runtime_state
tests.test_intelligence_telemetry	dharma_swarm.telemetry_plane
tests.test_intelligence_telemetry	dharma_swarm.telemetry_views
tests.test_intent_payloads	dharma_swarm.operator_core.intent_payloads
tests.test_intent_router	dharma_swarm.intent_router
tests.test_intent_router	dharma_swarm.skills
tests.test_intent_router_semantic	dharma_swarm.intent_router
tests.test_invariants	dharma_swarm.invariants
tests.test_island_evolution	dharma_swarm.island_evolution
tests.test_iteration_depth	dharma_swarm
tests.test_iteration_depth	dharma_swarm.iteration_depth
tests.test_jagat_kalyan	dharma_swarm.jagat_kalyan
tests.test_jikoku_economic_integration	dharma_swarm.jikoku_fitness
tests.test_jikoku_economic_integration	dharma_swarm.jikoku_samaya
tests.test_jikoku_fitness	dharma_swarm.jikoku_fitness
tests.test_jikoku_instrumentation	dharma_swarm.jikoku_instrumentation
tests.test_jikoku_samaya	dharma_swarm.jikoku_samaya
tests.test_jk_credibility_gates	dharma_swarm.jk_credibility_gates
tests.test_jk_credibility_seed	dharma_swarm.jk_credibility_seed
tests.test_jk_stigmergy_seeds	dharma_swarm.jk_stigmergy_seeds
tests.test_jk_subteams	dharma_swarm.jk_subteams
tests.test_job_capabilities	dharma_swarm.job_capabilities
tests.test_job_capabilities	dharma_swarm.models
tests.test_job_capabilities	dharma_swarm.runtime_provider
tests.test_kaizen_ops_local	dharma_swarm.kaizen_ops_local
tests.test_kaizen_review	dharma_swarm.fractal.kaizen_review
tests.test_kaizen_stats	dharma_swarm.kaizen_stats
tests.test_key_oracle_keyless	dharma_swarm
tests.test_key_oracle_keyless	dharma_swarm.key_oracle
tests.test_key_oracle_live_filter	dharma_swarm
tests.test_key_oracle_live_filter	dharma_swarm.key_oracle
tests.test_key_oracle_live_filter	dharma_swarm.models
tests.test_key_oracle_live_filter	dharma_swarm.provider_policy
tests.test_key_oracle_live_filter	dharma_swarm.providers
tests.test_knowledge_extractor	dharma_swarm.knowledge_extractor
tests.test_knowledge_extractor	dharma_swarm.knowledge_units
tests.test_knowledge_ops_memory_intake	dharma_swarm.knowledge_ops.cli
tests.test_knowledge_ops_memory_intake	dharma_swarm.knowledge_ops.memory_conflict_review
tests.test_knowledge_ops_memory_intake	dharma_swarm.knowledge_ops.memory_decision_ledger
tests.test_knowledge_ops_memory_intake	dharma_swarm.knowledge_ops.memory_intake
tests.test_knowledge_ops_memory_intake	dharma_swarm.knowledge_ops.memory_promotion_queue
tests.test_knowledge_ops_memory_intake	dharma_swarm.memory_kernel
tests.test_knowledge_ops_memory_promotion	dharma_swarm.knowledge_ops.cli
tests.test_knowledge_ops_memory_promotion	dharma_swarm.knowledge_ops.memory_conflict_review
tests.test_knowledge_ops_memory_promotion	dharma_swarm.knowledge_ops.memory_decision_ledger
tests.test_knowledge_ops_memory_promotion	dharma_swarm.knowledge_ops.memory_intake
tests.test_knowledge_ops_memory_promotion	dharma_swarm.knowledge_ops.memory_kernel_promotion_bridge
tests.test_knowledge_ops_memory_promotion	dharma_swarm.knowledge_ops.memory_promotion_executor
tests.test_knowledge_ops_memory_promotion	dharma_swarm.knowledge_ops.memory_promotion_queue
tests.test_knowledge_ops_memory_promotion	dharma_swarm.memory_kernel
tests.test_knowledge_units	dharma_swarm.knowledge_units
tests.test_l4_rv_correlator	dharma_swarm.bridge
tests.test_l4_rv_correlator	dharma_swarm.l4_rv_correlator
tests.test_l4_rv_correlator	dharma_swarm.rv
tests.test_landscape	dharma_swarm.archive
tests.test_landscape	dharma_swarm.evolution
tests.test_landscape	dharma_swarm.landscape
tests.test_langgraph_differential_oracle	tests.oracle_support.langgraph_arm
tests.test_langgraph_differential_oracle	tests.oracle_support.outcomes
tests.test_langgraph_differential_oracle	tests.oracle_support.scenarios
tests.test_langgraph_parity_isolation_benchmark	dharma_swarm.langgraph_parity.benchmark
tests.test_langgraph_parity_isolation_benchmark	dharma_swarm.langgraph_parity.isolation
tests.test_langgraph_parity_readiness	dharma_swarm.langgraph_parity.readiness
tests.test_langgraph_parity_supervisor	dharma_swarm.langgraph_parity.state
tests.test_langgraph_parity_supervisor	dharma_swarm.langgraph_parity.supervisor_runtime
tests.test_langgraph_parity_swarm	dharma_swarm.langgraph_parity.swarm_runtime
tests.test_langgraph_parity_swarm	dharma_swarm.langgraph_parity.tools
tests.test_launchd_job_runner	dharma_swarm.cron_job_runtime
tests.test_launchd_job_runner	dharma_swarm.launchd_job_runner
tests.test_lineage	dharma_swarm.lineage
tests.test_lineage	dharma_swarm.ontology_hub
tests.test_lineage	dharma_swarm.ontology_runtime
tests.test_live_ops_census	dharma_swarm.operator_core.control_surface
tests.test_live_ops_census	dharma_swarm.operator_core.control_surface_models
tests.test_live_ops_census	scripts.runtime.live_ops_census
tests.test_liveness_ledger_check	dharma_swarm.spine.receipt
tests.test_living_agent_kernel	dharma_swarm.operator_core.a2a_task_lifecycle
tests.test_living_agent_kernel	dharma_swarm.operator_core.governed_work_admission
tests.test_living_agent_kernel	dharma_swarm.operator_core.living_agent_kernel
tests.test_living_agent_kernel_activation	dharma_swarm.operator_core.living_agent_kernel
tests.test_living_agent_kernel_activation	dharma_swarm.operator_core.living_agent_kernel_activation
tests.test_living_agent_kernel_activation	dharma_swarm.operator_core.living_agent_kernel_supervisor
tests.test_living_agent_kernel_activation	dharma_swarm.operator_core.living_agent_kernel_workers
tests.test_living_agent_kernel_promotion_provider	dharma_swarm.models
tests.test_living_agent_kernel_promotion_provider	dharma_swarm.operator_core.living_agent_kernel
tests.test_living_agent_kernel_promotion_provider	dharma_swarm.operator_core.living_agent_kernel_promotion
tests.test_living_agent_kernel_promotion_provider	dharma_swarm.operator_core.living_agent_kernel_provider_worker
tests.test_living_agent_kernel_promotion_provider	dharma_swarm.operator_core.living_agent_kernel_status
tests.test_living_agent_kernel_promotion_provider	dharma_swarm.operator_core.living_agent_kernel_workers
tests.test_living_agent_kernel_recovery	dharma_swarm.operator_core.living_agent_kernel
tests.test_living_agent_kernel_recovery	dharma_swarm.operator_core.living_agent_kernel_activation
tests.test_living_agent_kernel_recovery	dharma_swarm.operator_core.living_agent_kernel_recovery
tests.test_living_agent_kernel_recovery	dharma_swarm.operator_core.living_agent_kernel_supervisor
tests.test_living_agent_kernel_recovery	dharma_swarm.operator_core.living_agent_kernel_workers
tests.test_living_agent_kernel_service	dharma_swarm.operator_core.living_agent_kernel
tests.test_living_agent_kernel_service	dharma_swarm.operator_core.living_agent_kernel_service
tests.test_living_agent_kernel_supervisor	dharma_swarm.operator_core.living_agent_kernel_service
tests.test_living_agent_kernel_supervisor	dharma_swarm.operator_core.living_agent_kernel_supervisor
tests.test_living_agent_kernel_workers	dharma_swarm.operator_core.living_agent_kernel
tests.test_living_agent_kernel_workers	dharma_swarm.operator_core.living_agent_kernel_workers
tests.test_living_map	dharma_swarm.living_map
tests.test_llm_burn	dharma_swarm.llm_burn
tests.test_logic_layer	dharma_swarm.logic_layer
tests.test_logic_layer	dharma_swarm.ontology
tests.test_long_context_sidecar_eval	dharma_swarm.long_context_sidecar_eval
tests.test_loop1_closure_run	dharma_swarm.runtime_state
tests.test_loop1_closure_run	scripts.loop1_closure_run
tests.test_loop1_consumption	dharma_swarm.models
tests.test_loop1_consumption	dharma_swarm.provider_policy
tests.test_loop1_consumption	dharma_swarm.providers
tests.test_loop1_consumption	dharma_swarm.receipt_consumption
tests.test_loop1_consumption_check	dharma_swarm
tests.test_loop1_consumption_check	dharma_swarm.receipt_consumption
tests.test_loop1_consumption_check	scripts.governance.loop1_consumption_check
tests.test_loop1_spine_provider_model	dharma_swarm.models
tests.test_loop1_spine_provider_model	dharma_swarm.orchestrator
tests.test_loop1_spine_provider_model	dharma_swarm.spine.receipt
tests.test_loop3_evolution_closure_run	dharma_swarm.evolution
tests.test_loop3_evolution_closure_run	scripts.loop3_evolution_closure_run
tests.test_loop4_10_memory_context_closure_run	dharma_swarm.cybernetics_codex
tests.test_loop4_10_memory_context_closure_run	scripts.loop4_10_memory_context_closure_run
tests.test_loop8_recognition_closure_run	dharma_swarm.cybernetics_codex
tests.test_loop9_11_conductor_replication_closure_run	dharma_swarm.cybernetics_codex
tests.test_loop9_11_conductor_replication_closure_run	scripts.loop9_11_conductor_replication_closure_run
tests.test_loop_closure_cascade_replay	dharma_swarm.cybernetics_codex
tests.test_loop_supervisor	dharma_swarm.loop_supervisor
tests.test_loop_supervisor_tristate	dharma_swarm
tests.test_loop_supervisor_tristate	dharma_swarm.context_agent
tests.test_loop_supervisor_tristate	dharma_swarm.loop_supervisor
tests.test_loop_supervisor_tristate	dharma_swarm.self_improve
tests.test_mailbox_gateway	dharma_swarm.a2a
tests.test_mailbox_gateway	dharma_swarm.a2a.mailbox_gateway
tests.test_manifest_health	api.main
tests.test_manifest_health	dharma_swarm.autocatalytic_contracts
tests.test_manifest_health	dharma_swarm.autocatalytic_portfolio
tests.test_manifest_health	dharma_swarm.manifest_health
tests.test_master_prompt_engineer	dharma_swarm.master_prompt_engineer
tests.test_master_prompt_engineer	dharma_swarm.models
tests.test_mcp_server	dharma_swarm
tests.test_mcp_server	dharma_swarm.holon_system.sarathi
tests.test_mcp_server	dharma_swarm.mcp_server
tests.test_mcp_server	dharma_swarm.models
tests.test_mem_action	dharma_swarm.mem_action
tests.test_memory	dharma_swarm.memory
tests.test_memory	dharma_swarm.models
tests.test_memory_common	dharma_swarm
tests.test_memory_common	dharma_swarm.cron_scheduler
tests.test_memory_common	dharma_swarm.memory_common
tests.test_memory_common	dharma_swarm.vector_store
tests.test_memory_common	dharma_swarm.wiki_vector_ingest
tests.test_memory_common	scripts.memory_retrieval_broad_sweep
tests.test_memory_common	scripts.memory_retrieval_system_gate
tests.test_memory_common	scripts.wiki_vector_live_gate
tests.test_memory_context_eval	dharma_swarm.memory_kernel
tests.test_memory_context_eval	dharma_swarm.memory_kernel.adapters
tests.test_memory_context_eval_cli	scripts.memory_context_eval
tests.test_memory_context_parity	dharma_swarm.memory_kernel
tests.test_memory_context_shadow_sweep	scripts.memory_context_shadow_sweep
tests.test_memory_integration	dharma_swarm.context_compiler
tests.test_memory_integration	dharma_swarm.graph_store
tests.test_memory_integration	dharma_swarm.knowledge_extractor
tests.test_memory_integration	dharma_swarm.knowledge_units
tests.test_memory_integration	dharma_swarm.memory_lattice
tests.test_memory_integration	dharma_swarm.runtime_state
tests.test_memory_integration	dharma_swarm.sleep_time_agent
tests.test_memory_kernel_adapters	dharma_swarm.chetana
tests.test_memory_kernel_adapters	dharma_swarm.chetana.manifest
tests.test_memory_kernel_adapters	dharma_swarm.memory_kernel
tests.test_memory_kernel_adapters	dharma_swarm.memory_kernel.adapters
tests.test_memory_kernel_burn_in	dharma_swarm.memory_kernel.burn_in
tests.test_memory_kernel_generic_adapters	dharma_swarm.memory_kernel
tests.test_memory_kernel_generic_adapters	dharma_swarm.memory_kernel.adapters
tests.test_memory_kernel_generic_adapters	dharma_swarm.memory_kernel.adapters.generic
tests.test_memory_kernel_generic_adapters	dharma_swarm.memory_kernel.facade
tests.test_memory_kernel_generic_adapters	dharma_swarm.vector_store
tests.test_memory_kernel_plan_observer	scripts.memory_kernel_plan_observer
tests.test_memory_kernel_prod_bar	dharma_swarm.memory_kernel
tests.test_memory_kernel_promotion_gate	dharma_swarm.memory_kernel.promotion_gate
tests.test_memory_kernel_promotion_gate	dharma_swarm.memory_kernel.write_receipts
tests.test_memory_kernel_readiness	dharma_swarm.memory_kernel
tests.test_memory_kernel_readiness	dharma_swarm.memory_kernel.adapters
tests.test_memory_kernel_readiness	scripts.memory_kernel_readiness
tests.test_memory_kernel_write_receipts	dharma_swarm.memory_kernel.write_receipts
tests.test_memory_lattice	dharma_swarm.memory_lattice
tests.test_memory_lattice	dharma_swarm.models
tests.test_memory_lattice	dharma_swarm.runtime_contract
tests.test_memory_palace	dharma_swarm.memory_palace
tests.test_memory_retrieval	dharma_swarm.memory_kernel
tests.test_memory_retrieval	dharma_swarm.memory_kernel_retrieval.scoring_terms
tests.test_memory_retrieval	dharma_swarm.memory_retrieval
tests.test_memory_retrieval	dharma_swarm.vector_store
tests.test_memory_retrieval_sync_index	dharma_swarm.memory_retrieval
tests.test_memory_retrieval_sync_index	dharma_swarm.vector_store
tests.test_memory_retrieval_sync_index	scripts.memory_retrieval_sync_index
tests.test_memory_surface_census	dharma_swarm.memory_kernel
tests.test_memory_surface_census	dharma_swarm.memory_kernel.surfaces
tests.test_memory_surface_census	scripts.memory_surface_census
tests.test_memory_writer_sentinel	dharma_swarm.memory_kernel
tests.test_memory_writer_sentinel	scripts.memory_writer_sentinel
tests.test_merge_master_mike_daemon	scripts.runtime.merge_master_mike_daemon
tests.test_merkle_log	dharma_swarm.merkle_log
tests.test_merkle_log_truncation	dharma_swarm.merkle_log
tests.test_message_bus	dharma_swarm.message_bus
tests.test_message_bus	dharma_swarm.models
tests.test_message_bus_artifacts	dharma_swarm.handoff
tests.test_message_bus_artifacts	dharma_swarm.message_bus
tests.test_message_bus_artifacts	dharma_swarm.models
tests.test_message_bus_quality_track	dharma_swarm.message_bus
tests.test_message_bus_quality_track	dharma_swarm.models
tests.test_meta_daemon	dharma_swarm.meta_daemon
tests.test_meta_daemon	dharma_swarm.research_deadlines
tests.test_meta_evolution	dharma_swarm.archive
tests.test_meta_evolution	dharma_swarm.evolution
tests.test_meta_evolution	dharma_swarm.meta_evolution
tests.test_metrics	dharma_swarm.metrics
tests.test_micro_clusters	dharma_swarm.micro_clusters
tests.test_mission_contract	dharma_swarm.mission_contract
tests.test_mission_control	dharma_swarm.mission_control
tests.test_mission_control	dharma_swarm.mission_control_mcp
tests.test_mission_control	dharma_swarm.mission_control_projection
tests.test_mission_control	dharma_swarm.models
tests.test_mission_control	dharma_swarm.operator_views
tests.test_mission_control	dharma_swarm.runtime_state
tests.test_mission_control	dharma_swarm.task_board
tests.test_mission_control_execution	dharma_swarm.agent_memory_manager
tests.test_mission_control_execution	dharma_swarm.agent_runner
tests.test_mission_control_execution	dharma_swarm.mission_control
tests.test_mission_control_execution	dharma_swarm.mission_control_contract
tests.test_mission_control_execution	dharma_swarm.mission_control_execution
tests.test_mission_control_execution	dharma_swarm.models
tests.test_mission_control_execution	dharma_swarm.orchestrator
tests.test_mission_control_execution	dharma_swarm.runtime_state
tests.test_mission_control_execution	dharma_swarm.sleep_time_agent
tests.test_mission_control_execution	dharma_swarm.spine.identity
tests.test_mission_control_execution	dharma_swarm.task_board
tests.test_mission_control_execution	dharma_swarm.telos_tracker
tests.test_mission_control_mcp	dharma_swarm
tests.test_mission_control_mcp	dharma_swarm.mission_control
tests.test_mission_control_mcp	dharma_swarm.mission_control_mcp
tests.test_mission_control_mcp	dharma_swarm.models
tests.test_mission_control_mcp	dharma_swarm.runtime_state
tests.test_mission_control_mcp	dharma_swarm.task_board
tests.test_mission_garden	dharma_swarm
tests.test_mission_garden	dharma_swarm.cron_scheduler
tests.test_mission_garden	dharma_swarm.mission_garden
tests.test_mode_pack	dharma_swarm.mode_pack
tests.test_model_catalog	dharma_swarm.dgc_cli
tests.test_model_catalog	dharma_swarm.model_catalog
tests.test_model_catalog	dharma_swarm.models
tests.test_model_council_e2e	dharma_swarm.model_council_e2e
tests.test_model_council_e2e	dharma_swarm.model_status
tests.test_model_council_e2e	dharma_swarm.models
tests.test_model_council_e2e	dharma_swarm.runtime_provider
tests.test_model_critic_runner	dharma_swarm.operator_core.semantic_receipt
tests.test_model_critic_runner	scripts.runtime.model_critic_runner
tests.test_model_hierarchy	dharma_swarm.model_hierarchy
tests.test_model_hierarchy	dharma_swarm.models
tests.test_model_manager	dharma_swarm.model_manager
tests.test_model_pool	dharma_swarm
tests.test_model_pool	dharma_swarm.evolution_roster
tests.test_model_pool	dharma_swarm.model_pool
tests.test_model_pool	dharma_swarm.models
tests.test_model_pool_api	api.routers.model_pool
tests.test_model_pool_api	dharma_swarm
tests.test_model_pool_api	dharma_swarm.key_oracle
tests.test_model_pool_api	dharma_swarm.model_pool
tests.test_model_registry	dharma_swarm.model_registry
tests.test_model_router_requested_model	dharma_swarm.models
tests.test_model_router_requested_model	dharma_swarm.provider_policy
tests.test_model_router_requested_model	dharma_swarm.providers
tests.test_model_router_retrospective_logging	dharma_swarm.decision_router
tests.test_model_router_retrospective_logging	dharma_swarm.models
tests.test_model_router_retrospective_logging	dharma_swarm.provider_policy
tests.test_model_router_retrospective_logging	dharma_swarm.providers
tests.test_model_router_routing_memory	dharma_swarm.decision_router
tests.test_model_router_routing_memory	dharma_swarm.model_hierarchy
tests.test_model_router_routing_memory	dharma_swarm.models
tests.test_model_router_routing_memory	dharma_swarm.provider_policy
tests.test_model_router_routing_memory	dharma_swarm.providers
tests.test_model_router_routing_memory	dharma_swarm.routing_memory
tests.test_model_router_telemetry	dharma_swarm.models
tests.test_model_router_telemetry	dharma_swarm.provider_policy
tests.test_model_router_telemetry	dharma_swarm.providers
tests.test_model_router_telemetry	dharma_swarm.telemetry_plane
tests.test_model_routing	dharma_swarm.model_routing
tests.test_model_routing_live_probe	dharma_swarm.model_routing_live_probe
tests.test_model_routing_live_probe	dharma_swarm.model_status
tests.test_model_routing_live_probe	dharma_swarm.models
tests.test_model_routing_live_probe	dharma_swarm.runtime_provider
tests.test_model_status_projection	dharma_swarm
tests.test_model_status_projection	dharma_swarm.key_oracle
tests.test_model_status_projection	dharma_swarm.model_pool
tests.test_model_status_projection	dharma_swarm.model_status
tests.test_models	dharma_swarm.models
tests.test_module_coherence_gate	scripts.governance.check_module_coherence
tests.test_monad	dharma_swarm.monad
tests.test_monad	dharma_swarm.rv
tests.test_monad_laws	dharma_swarm.monad
tests.test_monad_laws	dharma_swarm.rv
tests.test_monitor	dharma_swarm.archive
tests.test_monitor	dharma_swarm.bridge
tests.test_monitor	dharma_swarm.models
tests.test_monitor	dharma_swarm.monitor
tests.test_monitor	dharma_swarm.traces
tests.test_nats_live_contact	dharma_swarm.operator_core
tests.test_nats_live_contact	dharma_swarm.operator_core.nats_live_contact
tests.test_nats_live_contact	dharma_swarm.operator_core.nats_substrate_status
tests.test_nats_transport	dharma_swarm.a2a.a2a_server
tests.test_nats_transport	dharma_swarm.a2a.nats_transport
tests.test_nats_transport	dharma_swarm.runtime_state
tests.test_nats_transport	dharma_swarm.spine.identity
tests.test_neural_consolidator	dharma_swarm.neural_consolidator
tests.test_neural_consolidator	dharma_swarm.sleep_cycle
tests.test_normalize_runtime_receipt_history	dharma_swarm.runtime_state
tests.test_observability	dharma_swarm.observability
tests.test_okf_projection	dharma_swarm.fs_substrate.okf
tests.test_ollama_config	dharma_swarm.model_hierarchy
tests.test_ollama_config	dharma_swarm.models
tests.test_ollama_config	dharma_swarm.ollama_config
tests.test_onboarding_broken_register	dharma_swarm.operator_core
tests.test_onboarding_broken_register	dharma_swarm.operator_core.control_surface
tests.test_onboarding_broken_register	dharma_swarm.operator_core.operator_coherence.base
tests.test_onboarding_broken_register	dharma_swarm.operator_core.operator_coherence.git_governance
tests.test_onboarding_broken_register	scripts.governance.agent_onboard
tests.test_onboarding_broken_register	scripts.governance.orientation_graph
tests.test_onboarding_broken_register	scripts.governance.repo_status
tests.test_onboarding_broken_register	scripts.governance.trust_gate_status
tests.test_onboarding_cache	dharma_swarm.operator_core.onboarding
tests.test_onboarding_cache	dharma_swarm.operator_core.onboarding.cli
tests.test_onboarding_cache	dharma_swarm.operator_core.onboarding.evidence
tests.test_onboarding_cache	dharma_swarm.operator_core.onboarding.models
tests.test_onboarding_cache	dharma_swarm.operator_core.onboarding.receipt
tests.test_onboarding_cli	dharma_swarm.operator_core.onboarding
tests.test_onboarding_cli	dharma_swarm.operator_core.onboarding.cli
tests.test_onboarding_cli	dharma_swarm.operator_core.onboarding.evidence
tests.test_onboarding_cli	dharma_swarm.operator_core.onboarding.receipt
tests.test_onboarding_contract	dharma_swarm.memory_kernel.write_receipts
tests.test_onboarding_contract	dharma_swarm.operator_core.onboarding
tests.test_onboarding_contract	dharma_swarm.operator_core.onboarding.contract
tests.test_onboarding_contract	dharma_swarm.operator_core.onboarding.evidence
tests.test_onboarding_contract	dharma_swarm.operator_core.onboarding.models
tests.test_onboarding_contract	dharma_swarm.operator_core.onboarding.receipt
tests.test_onboarding_nats_status	dharma_swarm.operator_core.onboarding
tests.test_onboarding_nats_status	dharma_swarm.operator_core.onboarding.cli
tests.test_onboarding_nats_status	dharma_swarm.operator_core.onboarding.nats_status
tests.test_onboarding_nats_status	dharma_swarm.operator_core.onboarding.render
tests.test_onboarding_readiness	dharma_swarm.operator_core.onboarding
tests.test_onboarding_readiness	dharma_swarm.operator_core.onboarding.cli
tests.test_onboarding_readiness	dharma_swarm.operator_core.onboarding.evidence
tests.test_onboarding_readiness	dharma_swarm.operator_core.onboarding.models
tests.test_onboarding_readiness	dharma_swarm.operator_core.onboarding.readiness
tests.test_onboarding_readiness	dharma_swarm.operator_core.onboarding.repository_identity
tests.test_one_wire_archive_fitness_guard	dharma_swarm.archive
tests.test_ontology	dharma_swarm.ontology
tests.test_ontology_adapters	dharma_swarm.ontology
tests.test_ontology_adapters	dharma_swarm.ontology_adapters
tests.test_ontology_agents	dharma_swarm.models
tests.test_ontology_agents	dharma_swarm.ontology
tests.test_ontology_agents	dharma_swarm.ontology_agents
tests.test_ontology_alignment_gate	scripts.governance.check_ontology_alignment
tests.test_ontology_hub	dharma_swarm.ontology
tests.test_ontology_hub	dharma_swarm.ontology_hub
tests.test_ontology_query	dharma_swarm.ontology
tests.test_ontology_query	dharma_swarm.ontology_query
tests.test_ontology_registry	dharma_swarm.ontology
tests.test_ontology_registry	dharma_swarm.runtime_state
tests.test_ontology_registry	dharma_swarm.spine.identity
tests.test_ontology_router	api.routers
tests.test_ontology_router	api.routers.ontology
tests.test_ontology_router	dharma_swarm.ontology_runtime
tests.test_ontology_runtime	dharma_swarm.ontology_runtime
tests.test_ontology_runtime_singleton	dharma_swarm.ontology_runtime
tests.test_ontology_runtime_sqlite	dharma_swarm.ontology
tests.test_ontology_runtime_sqlite	dharma_swarm.ontology_runtime
tests.test_ontology_telos_hardwire	dharma_swarm
tests.test_ontology_telos_hardwire	dharma_swarm.ontology
tests.test_ontology_telos_hardwire	dharma_swarm.organism
tests.test_ontology_telos_hardwire	dharma_swarm.telos_gates
tests.test_operating_facts	dharma_swarm.operator_core.operating_facts
tests.test_operating_facts_and_daily_brief	dharma_swarm.daily_operating_brief
tests.test_operating_facts_and_daily_brief	dharma_swarm.operator_core.operating_facts
tests.test_operator_bridge	dharma_swarm
tests.test_operator_bridge	dharma_swarm.message_bus
tests.test_operator_bridge	dharma_swarm.operator_bridge
tests.test_operator_bridge_runtime	dharma_swarm.message_bus
tests.test_operator_bridge_runtime	dharma_swarm.operator_bridge
tests.test_operator_bridge_runtime	dharma_swarm.runtime_state
tests.test_operator_bridge_telemetry	dharma_swarm.message_bus
tests.test_operator_bridge_telemetry	dharma_swarm.operator_bridge
tests.test_operator_bridge_telemetry	dharma_swarm.telemetry_plane
tests.test_operator_brief_insight_brief	dharma_swarm.correlation_context
tests.test_operator_brief_insight_brief	dharma_swarm.cron_job_runtime
tests.test_operator_brief_insight_brief	dharma_swarm.cron_runner
tests.test_operator_brief_insight_brief	dharma_swarm.models
tests.test_operator_brief_insight_brief	dharma_swarm.ontology
tests.test_operator_brief_insight_brief	dharma_swarm.operator_brief
tests.test_operator_brief_insight_brief	dharma_swarm.operator_brief.insight_brief
tests.test_operator_brief_insight_brief	dharma_swarm.operator_brief.persistence
tests.test_operator_brief_insight_brief	dharma_swarm.runtime_state
tests.test_operator_brief_insight_brief	dharma_swarm.telos_gates
tests.test_operator_coherence_cockpit	api.routers.operator_coherence
tests.test_operator_coherence_cockpit	dharma_swarm.operator_core.operator_coherence_cockpit
tests.test_operator_core_adapters	dharma_swarm.operator_core.adapters
tests.test_operator_core_adapters	dharma_swarm.operator_core.contracts
tests.test_operator_core_adapters	dharma_swarm.operator_core.permission_payloads
tests.test_operator_core_adapters	dharma_swarm.operator_core.permissions
tests.test_operator_core_adapters	dharma_swarm.operator_core.routing_payloads
tests.test_operator_core_adapters	dharma_swarm.operator_core.runtime_payloads
tests.test_operator_core_adapters	dharma_swarm.operator_core.session_store
tests.test_operator_core_adapters	dharma_swarm.operator_core.workspace_payloads
tests.test_operator_core_adapters	dharma_swarm.tui.engine.events
tests.test_operator_core_contracts	dharma_swarm.operator_core
tests.test_operator_core_permissions	dharma_swarm.operator_core.permissions
tests.test_operator_core_permissions	dharma_swarm.tui.engine.events
tests.test_operator_core_session_views	dharma_swarm.operator_core.permission_payloads
tests.test_operator_core_session_views	dharma_swarm.operator_core.session_store
tests.test_operator_core_session_views	dharma_swarm.operator_core.session_views
tests.test_operator_core_session_views	dharma_swarm.tui.engine.events
tests.test_operator_prod_smoke	scripts.operator_prod_smoke
tests.test_operator_views	dharma_swarm.message_bus
tests.test_operator_views	dharma_swarm.operator_bridge
tests.test_operator_views	dharma_swarm.operator_views
tests.test_operator_views	dharma_swarm.runtime_state
tests.test_optimizer_bridge	dharma_swarm.optimizer_bridge
tests.test_optimizer_bridge	dharma_swarm.optimizers
tests.test_optimizer_bridge	dharma_swarm.runtime_fields
tests.test_orchestrate	dharma_swarm.orchestrate
tests.test_orchestrate_live	dharma_swarm
tests.test_orchestrate_live	dharma_swarm.loop_supervisor
tests.test_orchestrate_live	dharma_swarm.orchestrate_live
tests.test_orchestrate_live	dharma_swarm.spine.identity
tests.test_orchestrate_live	dharma_swarm.spine.receipt
tests.test_orchestrate_live	dharma_swarm.telos_gates
tests.test_orchestration_genome	dharma_swarm.coordination.genome
tests.test_orchestrator	dharma_swarm.fractal.room_configs
tests.test_orchestrator	dharma_swarm.models
tests.test_orchestrator	dharma_swarm.orchestrator
tests.test_orchestrator	dharma_swarm.runtime_state
tests.test_orchestrator	dharma_swarm.telos_gates
tests.test_orchestrator_spine_dispatch	dharma_swarm.decision_router
tests.test_orchestrator_spine_dispatch	dharma_swarm.models
tests.test_orchestrator_spine_dispatch	dharma_swarm.orchestrator
tests.test_orchestrator_spine_dispatch	dharma_swarm.provider_policy
tests.test_orchestrator_spine_dispatch	dharma_swarm.spine.persistence
tests.test_orchestrator_spine_dispatch	dharma_swarm.spine.receipt
tests.test_orchestrator_v1	dharma_swarm.coordination.genome
tests.test_orchestrator_v1	dharma_swarm.coordination.orchestrator_v1
tests.test_organism	dharma_swarm.organism
tests.test_organism	dharma_swarm.samvara
tests.test_organism_boot	dharma_swarm.amiros
tests.test_organism_boot	dharma_swarm.context_compiler
tests.test_organism_boot	dharma_swarm.model_routing
tests.test_organism_boot	dharma_swarm.organism
tests.test_organism_boot_packet	dharma_swarm.agent_runner
tests.test_organism_boot_packet	dharma_swarm.models
tests.test_organism_boot_packet	dharma_swarm.orientation_packet
tests.test_organism_closure_v0	dharma_swarm.operator_core.closure_v0
tests.test_organism_closure_v0	dharma_swarm.operator_core.operating_facts
tests.test_organism_graph_integration	dharma_swarm.organism
tests.test_organism_lifecycle	dharma_swarm.memory_palace
tests.test_organism_lifecycle	dharma_swarm.models
tests.test_organism_lifecycle	dharma_swarm.organism
tests.test_organism_liveness_sentinel	dharma_swarm
tests.test_organism_liveness_sentinel	dharma_swarm.doctor
tests.test_organism_liveness_sentinel	scripts.runtime.organism_liveness_sentinel
tests.test_organism_memory	dharma_swarm.organism_memory
tests.test_organism_memory_phase6	dharma_swarm.organism_memory
tests.test_organism_pulse	dharma_swarm.models
tests.test_organism_pulse	dharma_swarm.organism_pulse
tests.test_organism_pulse	dharma_swarm.signal_bus
tests.test_organism_pulse	dharma_swarm.transcendence
tests.test_organizer	dharma_swarm.fs_substrate.organizer
tests.test_orientation_packet	dharma_swarm.claim_graph
tests.test_orientation_packet	dharma_swarm.context
tests.test_orientation_packet	dharma_swarm.dharma_corpus
tests.test_orientation_packet	dharma_swarm.dharma_kernel
tests.test_orientation_packet	dharma_swarm.models
tests.test_orientation_packet	dharma_swarm.orientation_packet
tests.test_orientation_repo_context_artifacts	scripts.governance.orientation_graph
tests.test_orphan_reaper	dharma_swarm.models
tests.test_orphan_reaper	dharma_swarm.swarm
tests.test_orphan_reaper	dharma_swarm.task_board
tests.test_ouroboros	dharma_swarm.archive
tests.test_ouroboros	dharma_swarm.metrics
tests.test_ouroboros	dharma_swarm.ouroboros
tests.test_ouroboros	dharma_swarm.rv
tests.test_overnight_director	dharma_swarm.overnight_director
tests.test_overnight_director	dharma_swarm.overnight_task_stager
tests.test_overnight_evaluator	dharma_swarm.overnight_evaluator
tests.test_overnight_task_stager	dharma_swarm.overnight_task_stager
tests.test_overseeing_i	dharma_swarm.overseeing_i
tests.test_palace_nexus_bridge	dharma_swarm.memory_palace
tests.test_palantir_pilot	dharma_swarm.palantir_pilot
tests.test_palantir_pilot	scripts.research.palantir_contribution_packets
tests.test_palantir_pilot	scripts.research.palantir_learning_backlog
tests.test_palantir_pilot	scripts.research.palantir_pilot_curriculum
tests.test_palantir_pilot	scripts.research.palantir_pilot_orientation
tests.test_palantir_pilot	scripts.research.palantir_playbook_evals
tests.test_palantir_pilot	scripts.research.palantir_public_source_cards
tests.test_palantir_pilot	scripts.research.palantir_query_cookbook
tests.test_palantir_pilot	scripts.research.palantir_source_card_balanced_expand
tests.test_palantir_pilot	scripts.research.palantir_source_card_cleanup
tests.test_palantir_pilot	scripts.research.palantir_source_card_playbooks
tests.test_palantir_pilot	scripts.research.palantir_source_card_quality
tests.test_palantir_pilot_a2a_worker	scripts.runtime.palantir_pilot_a2a_worker
tests.test_panel_diversity	dharma_swarm.coordination.panel_diversity
tests.test_panel_diversity	dharma_swarm.models
tests.test_pending_proposals	dharma_swarm.pending_proposals
tests.test_persistent_agent	dharma_swarm.autonomous_agent
tests.test_persistent_agent	dharma_swarm.memory_kernel
tests.test_persistent_agent	dharma_swarm.message_bus
tests.test_persistent_agent	dharma_swarm.models
tests.test_persistent_agent	dharma_swarm.persistent_agent
tests.test_phase3_integration	dharma_swarm.memory_palace
tests.test_phase3_integration	dharma_swarm.model_routing
tests.test_phase3_integration	dharma_swarm.orchestrator
tests.test_phase3_integration	dharma_swarm.organism
tests.test_phase4_gnani_field	dharma_swarm.algedonic_activation
tests.test_phase4_gnani_field	dharma_swarm.dharma_attractor
tests.test_phase4_gnani_field	dharma_swarm.organism
tests.test_phase4_gnani_field	dharma_swarm.organism_memory
tests.test_phase5_audit_fixes	dharma_swarm.agent_runner
tests.test_phase5_audit_fixes	dharma_swarm.algedonic_activation
tests.test_phase5_audit_fixes	dharma_swarm.model_routing
tests.test_phase5_audit_fixes	dharma_swarm.organism
tests.test_phase5_strange_loop	dharma_swarm.organism
tests.test_phase5_strange_loop	dharma_swarm.strange_loop
tests.test_plan_compiler	dharma_swarm.plan_compiler
tests.test_planner	dharma_swarm.agent_runner
tests.test_planner	dharma_swarm.context
tests.test_planner	dharma_swarm.models
tests.test_planner	dharma_swarm.planner
tests.test_policy_compiler	dharma_swarm.policy_compiler
tests.test_policy_compiler_fourfold_warrant	dharma_swarm.fourfold_action_warrant
tests.test_policy_compiler_fourfold_warrant	dharma_swarm.models
tests.test_policy_compiler_fourfold_warrant	dharma_swarm.policy_compiler
tests.test_policy_compiler_v2	dharma_swarm.dharma_kernel
tests.test_policy_compiler_v2	dharma_swarm.policy_compiler
tests.test_policy_compiler_v2	dharma_swarm.structured_predicate
tests.test_population_control	dharma_swarm.population_control
tests.test_postmortem_reader	dharma_swarm.claim_graph
tests.test_postmortem_reader	dharma_swarm.dharma_corpus
tests.test_postmortem_reader	dharma_swarm.postmortem_reader
tests.test_pr_coherence_delta	scripts.governance.check_pr_coherence_delta
tests.test_pr_convergence_policy	scripts.runtime.pr_convergence_policy
tests.test_pr_merge_control	scripts.runtime.pr_merge_control
tests.test_pr_merge_control_github_reviews	scripts.runtime.pr_merge_control
tests.test_pr_merge_control_stdlib	scripts.runtime.pr_merge_control
tests.test_pramana	dharma_swarm.pramana
tests.test_probe_targets	dharma_swarm.probe_targets
tests.test_profiles	dharma_swarm.profiles
tests.test_profiles	dharma_swarm.skills
tests.test_prompt_builder	dharma_swarm.prompt_builder
tests.test_provider_env_parity	dharma_swarm.api_keys
tests.test_provider_failure_classes	dharma_swarm.models
tests.test_provider_failure_classes	dharma_swarm.provider_policy
tests.test_provider_failure_classes	dharma_swarm.provider_smoke
tests.test_provider_failure_classes	dharma_swarm.providers
tests.test_provider_failure_classes	dharma_swarm.resilience
tests.test_provider_matrix	dharma_swarm.model_hierarchy
tests.test_provider_matrix	dharma_swarm.models
tests.test_provider_matrix	dharma_swarm.provider_matrix
tests.test_provider_policy	dharma_swarm.decision_router
tests.test_provider_policy	dharma_swarm.model_hierarchy
tests.test_provider_policy	dharma_swarm.models
tests.test_provider_policy	dharma_swarm.provider_policy
tests.test_provider_policy	dharma_swarm.providers
tests.test_provider_policy	dharma_swarm.resilience
tests.test_provider_policy	dharma_swarm.swarm_router
tests.test_provider_policy	dharma_swarm.telemetry_plane
tests.test_provider_registry	dharma_swarm.provider_registry
tests.test_provider_routing_explicit	dharma_swarm.models
tests.test_provider_routing_explicit	dharma_swarm.provider_policy
tests.test_provider_smoke	dharma_swarm.models
tests.test_provider_smoke	dharma_swarm.provider_smoke
tests.test_provider_smoke	dharma_swarm.telemetry_plane
tests.test_provider_starvation_alert	scripts.runtime.provider_starvation_alert
tests.test_providers	dharma_swarm.model_hierarchy
tests.test_providers	dharma_swarm.models
tests.test_providers	dharma_swarm.providers
tests.test_providers_extended	dharma_swarm.model_hierarchy
tests.test_providers_extended	dharma_swarm.models
tests.test_providers_extended	dharma_swarm.providers_extended
tests.test_providers_quality_track	dharma_swarm
tests.test_providers_quality_track	dharma_swarm.models
tests.test_providers_quality_track	dharma_swarm.providers
tests.test_providers_quality_track	dharma_swarm.providers_extended
tests.test_pruner	dharma_swarm.pruner
tests.test_pulse	dharma_swarm.pulse
tests.test_pulse_adaptive	dharma_swarm.daemon_config
tests.test_quality_forge	dharma_swarm.archive
tests.test_quality_forge	dharma_swarm.models
tests.test_quality_forge	dharma_swarm.quality_forge
tests.test_quality_gates	dharma_swarm.evolution
tests.test_quality_gates	dharma_swarm.model_hierarchy
tests.test_quality_gates	dharma_swarm.models
tests.test_quality_gates	dharma_swarm.quality_gates
tests.test_rea_runtime	dharma_swarm.rea_runtime
tests.test_receipt_append_concurrency	dharma_swarm.spine.receipt
tests.test_recursive_discovery	dharma_swarm.evaluation_registry
tests.test_recursive_discovery	dharma_swarm.event_log
tests.test_recursive_discovery	dharma_swarm.memory_lattice
tests.test_recursive_discovery	dharma_swarm.operator_core.control_surface
tests.test_recursive_discovery	dharma_swarm.recursive_discovery
tests.test_recursive_discovery	dharma_swarm.runtime_state
tests.test_reflexion	dharma_swarm.reflexion
tests.test_refresh_agni_watcher	scripts.runtime.refresh_agni_watcher
tests.test_registry_hydrator	dharma_swarm.a2a.node_registry
tests.test_registry_hydrator	dharma_swarm.a2a.registry_hydrator
tests.test_registry_hydrator	dharma_swarm.roaming_onboarding
tests.test_replication_protocol	dharma_swarm.agent_constitution
tests.test_replication_protocol	dharma_swarm.genome_inheritance
tests.test_replication_protocol	dharma_swarm.models
tests.test_replication_protocol	dharma_swarm.population_control
tests.test_replication_protocol	dharma_swarm.replication_protocol
tests.test_repository_identity	dharma_swarm.operator_core.onboarding.repository_identity
tests.test_research_deadlines	dharma_swarm.research_deadlines
tests.test_research_eval_registry	dharma_swarm.archive
tests.test_research_eval_registry	dharma_swarm.auto_research.models
tests.test_research_eval_registry	dharma_swarm.evaluation_registry
tests.test_research_eval_registry	dharma_swarm.evaluator
tests.test_research_eval_registry	dharma_swarm.memory_lattice
tests.test_research_eval_registry	dharma_swarm.runtime_state
tests.test_resident_operator	dharma_swarm
tests.test_resident_operator	dharma_swarm.resident_operator
tests.test_resident_operator_runtime_adoption	dharma_swarm.contracts
tests.test_resident_operator_runtime_adoption	dharma_swarm.contracts.common
tests.test_resident_operator_runtime_adoption	dharma_swarm.conversation_store
tests.test_resident_operator_runtime_adoption	dharma_swarm.graduation_engine
tests.test_resident_operator_runtime_adoption	dharma_swarm.resident_operator
tests.test_resilience	dharma_swarm.resilience
tests.test_resource_scout	dharma_swarm.resource_scout
tests.test_retrieval_feedback	dharma_swarm.engine.hybrid_retriever
tests.test_retrieval_feedback	dharma_swarm.engine.knowledge_store
tests.test_retrieval_feedback	dharma_swarm.engine.retrieval_feedback
tests.test_revenue_intelligence	dharma_swarm.revenue.intel_parser
tests.test_revenue_intelligence	dharma_swarm.revenue.intelligence
tests.test_revenue_intelligence	dharma_swarm.revenue.spine
tests.test_revenue_scout_daemon	dharma_swarm.revenue.intelligence
tests.test_revenue_scout_daemon	dharma_swarm.revenue.scout_daemon
tests.test_revenue_scout_daemon	dharma_swarm.revenue.spine
tests.test_revenue_spine	dharma_swarm.revenue.spine
tests.test_revenue_spine	dharma_swarm.revenue.spine_models
tests.test_revenue_spine_integration	dharma_swarm.revenue.spine
tests.test_revenue_spine_integration	dharma_swarm.revenue.spine_models
tests.test_revenue_wedge_pipeline	dharma_swarm.ginko_data
tests.test_revenue_wedge_pipeline	dharma_swarm.ginko_report_gen
tests.test_revenue_wedge_pipeline	dharma_swarm.ontology_runtime
tests.test_revenue_wedge_pipeline	dharma_swarm.revenue.wedge_pipeline
tests.test_reversibility_gate	dharma_swarm.adaptive_autonomy
tests.test_reversibility_gate	dharma_swarm.operator_core.reversibility_gate
tests.test_review_bridge	dharma_swarm.review_bridge
tests.test_review_cycle	dharma_swarm
tests.test_review_cycle	dharma_swarm.cron_scheduler
tests.test_review_cycle	dharma_swarm.iteration_depth
tests.test_review_cycle	dharma_swarm.review_cycle
tests.test_reviewer_quorum_repair	scripts.runtime.reviewer_quorum_repair
tests.test_roaming_dispatch_daemon	dharma_swarm.message_bus
tests.test_roaming_dispatch_daemon	dharma_swarm.operator_bridge
tests.test_roaming_dispatch_daemon	dharma_swarm.roaming_dispatch_daemon
tests.test_roaming_dispatch_daemon	dharma_swarm.roaming_mailbox
tests.test_roaming_dispatch_daemon	dharma_swarm.roaming_operator_bridge
tests.test_roaming_mailbox	dharma_swarm.roaming_mailbox
tests.test_roaming_onboarding	dharma_swarm.roaming_onboarding
tests.test_roaming_onboarding	dharma_swarm.telemetry_plane
tests.test_roaming_operator_bridge	dharma_swarm.message_bus
tests.test_roaming_operator_bridge	dharma_swarm.operator_bridge
tests.test_roaming_operator_bridge	dharma_swarm.roaming_mailbox
tests.test_roaming_operator_bridge	dharma_swarm.roaming_operator_bridge
tests.test_roaming_poller	dharma_swarm.roaming_mailbox
tests.test_roaming_poller	dharma_swarm.roaming_poller
tests.test_room_configs	dharma_swarm.fractal.fractal_room
tests.test_room_configs	dharma_swarm.fractal.room_brief
tests.test_room_configs	dharma_swarm.fractal.room_configs
tests.test_room_configs	dharma_swarm.fractal.room_health
tests.test_router_retrospective	dharma_swarm.router_retrospective
tests.test_router_v1	dharma_swarm.models
tests.test_router_v1	dharma_swarm.provider_policy
tests.test_router_v1	dharma_swarm.router_v1
tests.test_routing_decision_matrix	dharma_swarm.routing_decision_matrix
tests.test_routing_memory	dharma_swarm.models
tests.test_routing_memory	dharma_swarm.routing_memory
tests.test_routing_surface_inventory	dharma_swarm
tests.test_routing_surface_inventory	dharma_swarm.orchestrate_live
tests.test_runtime_admission	dharma_swarm
tests.test_runtime_admission	dharma_swarm.runtime_admission
tests.test_runtime_artifacts	dharma_swarm.runtime_artifacts
tests.test_runtime_command_forms	dharma_swarm.doctor
tests.test_runtime_command_forms	dharma_swarm.runtime_process_identity
tests.test_runtime_command_forms	scripts.runtime.live_ops_census
tests.test_runtime_command_forms	scripts.runtime.organism_liveness_sentinel
tests.test_runtime_contract	dharma_swarm.runtime_contract
tests.test_runtime_contract_adapters	dharma_swarm.checkpoint
tests.test_runtime_contract_adapters	dharma_swarm.contracts
tests.test_runtime_contract_adapters	dharma_swarm.contracts.common
tests.test_runtime_contract_adapters	dharma_swarm.contracts.runtime
tests.test_runtime_contract_adapters	dharma_swarm.contracts.runtime_adapters
tests.test_runtime_contract_adapters	dharma_swarm.message_bus
tests.test_runtime_contract_adapters	dharma_swarm.operator_bridge
tests.test_runtime_contract_adapters	dharma_swarm.runtime_state
tests.test_runtime_env_loader	dharma_swarm
tests.test_runtime_env_loader	dharma_swarm.runtime_env_loader
tests.test_runtime_fields	dharma_swarm.runtime_fields
tests.test_runtime_graph_api	api.main
tests.test_runtime_graph_api	api.routers.runtime
tests.test_runtime_graph_api	dharma_swarm
tests.test_runtime_graph_api	dharma_swarm.cron_scheduler
tests.test_runtime_graph_api	dharma_swarm.operator_views
tests.test_runtime_graph_api	dharma_swarm.runtime_state
tests.test_runtime_lifecycle	dharma_swarm.models
tests.test_runtime_lifecycle	dharma_swarm.operator_core.runtime_truth
tests.test_runtime_lifecycle	dharma_swarm.runtime_lifecycle
tests.test_runtime_lifecycle	dharma_swarm.runtime_state
tests.test_runtime_lifecycle	dharma_swarm.session_ledger
tests.test_runtime_live_cockpit_probe	scripts.verify.runtime_live_cockpit_probe
tests.test_runtime_provider	dharma_swarm.model_hierarchy
tests.test_runtime_provider	dharma_swarm.models
tests.test_runtime_provider	dharma_swarm.runtime_provider
tests.test_runtime_state	dharma_swarm.episode_ledger
tests.test_runtime_state	dharma_swarm.runtime_state
tests.test_runtime_state	dharma_swarm.spine.identity
tests.test_runtime_state_invariants	dharma_swarm.opportunity_dispatcher
tests.test_runtime_state_invariants	dharma_swarm.runtime_state
tests.test_runtime_state_invariants	dharma_swarm.spine.identity
tests.test_runtime_state_recovery	dharma_swarm.message_bus
tests.test_runtime_state_recovery	dharma_swarm.models
tests.test_runtime_state_recovery	dharma_swarm.runtime_state
tests.test_runtime_state_recovery	dharma_swarm.spine.adapters
tests.test_runtime_state_recovery	dharma_swarm.spine.identity
tests.test_runtime_telemetry_projector	dharma_swarm.runtime_state
tests.test_runtime_telemetry_projector	dharma_swarm.runtime_telemetry_projector
tests.test_runtime_telemetry_projector	dharma_swarm.telemetry_plane
tests.test_runtime_transport_dedup	dharma_swarm.models
tests.test_runtime_transport_dedup	dharma_swarm.provider_policy
tests.test_runtime_transport_dedup	dharma_swarm.providers
tests.test_runtime_transport_dedup	dharma_swarm.resilience
tests.test_runtime_transport_dedup	dharma_swarm.runtime_provider
tests.test_runtime_truth_projection_fields	dharma_swarm.operator_core.runtime_truth
tests.test_runtime_truth_projection_fields	dharma_swarm.runtime_state
tests.test_runtime_truth_spine_adoption	dharma_swarm.artifact_store
tests.test_runtime_truth_spine_adoption	dharma_swarm.message_bus
tests.test_runtime_truth_spine_adoption	dharma_swarm.models
tests.test_runtime_truth_spine_adoption	dharma_swarm.runtime_state
tests.test_runtime_truth_spine_adoption	dharma_swarm.spine.adapters
tests.test_runtime_truth_spine_adoption	dharma_swarm.spine.identity
tests.test_runtime_truth_spine_adoption	dharma_swarm.task_board
tests.test_runtime_truth_spine_adoption	dharma_swarm.tool_registry
tests.test_runtime_truth_spine_recovery	dharma_swarm.graph.checkpoint
tests.test_runtime_truth_spine_recovery	dharma_swarm.opportunity_refill
tests.test_runtime_truth_spine_recovery	dharma_swarm.runtime_state
tests.test_runtime_truth_spine_recovery	dharma_swarm.spine.identity
tests.test_runtime_truth_spine_v1	dharma_swarm.a2a.a2a_server
tests.test_runtime_truth_spine_v1	dharma_swarm.message_bus
tests.test_runtime_truth_spine_v1	dharma_swarm.models
tests.test_runtime_truth_spine_v1	dharma_swarm.runtime_lifecycle
tests.test_runtime_truth_spine_v1	dharma_swarm.runtime_state
tests.test_runtime_truth_spine_v1	dharma_swarm.session_ledger
tests.test_runtime_truth_spine_v1	dharma_swarm.spine.identity
tests.test_runtime_truth_spine_v2_adapters	dharma_swarm.a2a.a2a_server
tests.test_runtime_truth_spine_v2_adapters	dharma_swarm.evolution
tests.test_runtime_truth_spine_v2_adapters	dharma_swarm.models
tests.test_runtime_truth_spine_v2_adapters	dharma_swarm.runtime_state
tests.test_runtime_truth_spine_v2_adapters	dharma_swarm.spine.adapters
tests.test_runtime_truth_spine_v2_adapters	dharma_swarm.spine.identity
tests.test_runtime_truth_spine_v2_evidence	dharma_swarm.a2a.a2a_server
tests.test_runtime_truth_spine_v2_evidence	dharma_swarm.message_bus
tests.test_runtime_truth_spine_v2_evidence	dharma_swarm.models
tests.test_runtime_truth_spine_v2_evidence	dharma_swarm.runtime_lifecycle
tests.test_runtime_truth_spine_v2_evidence	dharma_swarm.runtime_state
tests.test_runtime_truth_spine_v2_evidence	dharma_swarm.session_ledger
tests.test_runtime_truth_spine_v2_evidence	dharma_swarm.spine.identity
tests.test_runtime_warrant	dharma_swarm.runtime_state
tests.test_runtime_warrant	dharma_swarm.spine.identity
tests.test_runtime_warrant	dharma_swarm.spine.warrant
tests.test_rv	dharma_swarm.rv
tests.test_sab_client	dharma_swarm.connectors.sab_client
tests.test_sakshi_provenance	dharma_swarm.correlation_context
tests.test_sakshi_provenance	dharma_swarm.sakshi.provenance_log
tests.test_samvara	dharma_swarm.samvara
tests.test_sandbox	dharma_swarm.sandbox
tests.test_sandbox_monitor	dharma_swarm.sandbox_monitor
tests.test_sarathi_delegate	dharma_swarm.holon_system.sarathi.delegate
tests.test_sarathi_delegate	dharma_swarm.holon_system.sarathi.plan
tests.test_sarathi_delegate	dharma_swarm.operator_core.autonomy_dial
tests.test_sarathi_delegate	dharma_swarm.roaming_mailbox
tests.test_sarathi_delegate	dharma_swarm.spine.receipt
tests.test_sarathi_import_boundaries	dharma_swarm.holon_system.sarathi
tests.test_sarathi_import_boundaries	dharma_swarm.sarathi
tests.test_sarathi_memory	dharma_swarm.holon_system.sarathi
tests.test_sarathi_memory	dharma_swarm.holon_system.sarathi.brief
tests.test_sarathi_memory	dharma_swarm.holon_system.sarathi.memory
tests.test_sarathi_memory	dharma_swarm.holon_system.sarathi.plan
tests.test_sarathi_memory	dharma_swarm.holon_system.sarathi.wake
tests.test_sarathi_memory	dharma_swarm.memory_kernel
tests.test_sarathi_plan	dharma_swarm.holon_system.sarathi.plan
tests.test_sarathi_proof	dharma_swarm.holon_system.sarathi.proof
tests.test_sarathi_proof_window	dharma_swarm.holon_system.sarathi.plan
tests.test_sarathi_proof_window	dharma_swarm.holon_system.sarathi.roster
tests.test_sarathi_proof_window	dharma_swarm.roaming_mailbox
tests.test_sarathi_public_api	dharma_swarm.sarathi
tests.test_sarathi_shell	dharma_swarm
tests.test_sarathi_shell	dharma_swarm.models
tests.test_sarathi_shell	dharma_swarm.runtime_provider
tests.test_sarathi_shell	dharma_swarm.runtime_state
tests.test_sarathi_shell	dharma_swarm.sarathi
tests.test_sarathi_shell	dharma_swarm.sarathi.adapters.runtime_provider
tests.test_sarathi_shell	dharma_swarm.spine.identity
tests.test_sarathi_wake	dharma_swarm.holon_runtime
tests.test_sarathi_wake	dharma_swarm.holon_system.sarathi.brief
tests.test_sarathi_wake	dharma_swarm.holon_system.sarathi.plan
tests.test_sarathi_wake	dharma_swarm.holon_system.sarathi.wake
tests.test_sarathi_wake	dharma_swarm.operator_core.autonomy_dial
tests.test_sarathi_wake	dharma_swarm.roaming_mailbox
tests.test_sarathi_wake_daemon	dharma_swarm
tests.test_sarathi_wake_daemon	dharma_swarm.holon_killswitch
tests.test_sarathi_wake_daemon	dharma_swarm.roaming_mailbox
tests.test_scout_audit	dharma_swarm.scout_audit
tests.test_scout_framework	dharma_swarm.scout_framework
tests.test_scout_health	dharma_swarm.scout_health
tests.test_scout_report	dharma_swarm.scout_report
tests.test_seal_packet	dharma_swarm.runtime_contract
tests.test_seed_harvester	dharma_swarm.seed_harvester
tests.test_selector	dharma_swarm.archive
tests.test_selector	dharma_swarm.selector
tests.test_self_improve	dharma_swarm
tests.test_self_improve	dharma_swarm.evolution_safety
tests.test_self_improve	dharma_swarm.self_improve
tests.test_self_improve_overnight	dharma_swarm.self_improve
tests.test_self_prediction	dharma_swarm.self_prediction
tests.test_self_research	dharma_swarm.evaluator
tests.test_self_research	dharma_swarm.models
tests.test_self_research	dharma_swarm.self_research
tests.test_semantic_briefs	dharma_swarm.models
tests.test_semantic_briefs	dharma_swarm.semantic_briefs
tests.test_semantic_briefs	dharma_swarm.semantic_gravity
tests.test_semantic_digester	dharma_swarm.metrics
tests.test_semantic_digester	dharma_swarm.semantic_digester
tests.test_semantic_digester	dharma_swarm.semantic_gravity
tests.test_semantic_evolution	dharma_swarm.models
tests.test_semantic_evolution	dharma_swarm.semantic_digester
tests.test_semantic_evolution	dharma_swarm.semantic_gravity
tests.test_semantic_evolution	dharma_swarm.semantic_hardener
tests.test_semantic_evolution	dharma_swarm.semantic_researcher
tests.test_semantic_evolution	dharma_swarm.semantic_synthesizer
tests.test_semantic_fs	dharma_swarm.fs_substrate.semantic_fs
tests.test_semantic_governance	dharma_swarm.dharma_corpus
tests.test_semantic_governance	dharma_swarm.semantic_governance
tests.test_semantic_gravity	dharma_swarm.models
tests.test_semantic_gravity	dharma_swarm.semantic_gravity
tests.test_semantic_hardener	dharma_swarm.models
tests.test_semantic_hardener	dharma_swarm.semantic_gravity
tests.test_semantic_hardener	dharma_swarm.semantic_hardener
tests.test_semantic_memory_bridge	dharma_swarm.engine.event_memory
tests.test_semantic_memory_bridge	dharma_swarm.engine.hybrid_retriever
tests.test_semantic_memory_bridge	dharma_swarm.engine.unified_index
tests.test_semantic_memory_bridge	dharma_swarm.semantic_digester
tests.test_semantic_memory_bridge	dharma_swarm.semantic_gravity
tests.test_semantic_memory_bridge	dharma_swarm.semantic_memory_bridge
tests.test_semantic_receipt	dharma_swarm.operator_core.semantic_receipt
tests.test_semantic_receipt_board_adapter	dharma_swarm.board.adapters.semantic_receipt_adapter
tests.test_semantic_receipt_board_adapter	dharma_swarm.operator_core.semantic_receipt
tests.test_semantic_researcher	dharma_swarm.semantic_gravity
tests.test_semantic_researcher	dharma_swarm.semantic_researcher
tests.test_semantic_synthesizer	dharma_swarm.semantic_gravity
tests.test_semantic_synthesizer	dharma_swarm.semantic_synthesizer
tests.test_session_event_bridge	dharma_swarm.runtime_contract
tests.test_session_event_bridge	dharma_swarm.session_event_bridge
tests.test_session_event_bridge	dharma_swarm.tui.engine.events
tests.test_session_ledger	dharma_swarm.episode_ledger
tests.test_session_ledger	dharma_swarm.runtime_state
tests.test_session_ledger	dharma_swarm.session_ledger
tests.test_session_lifecycle	dharma_swarm.operator_core
tests.test_session_lifecycle	dharma_swarm.operator_core.session_lifecycle
tests.test_session_lifecycle	dharma_swarm.operator_core.session_store
tests.test_session_lifecycle	dharma_swarm.tui.engine.events
tests.test_shakti	dharma_swarm.shakti
tests.test_shakti	dharma_swarm.stigmergy
tests.test_shakti_darwin_integration	dharma_swarm.agent_runner
tests.test_shakti_darwin_integration	dharma_swarm.evolution
tests.test_shakti_darwin_integration	dharma_swarm.models
tests.test_shakti_darwin_integration	dharma_swarm.shakti
tests.test_shakti_executive	dharma_swarm.shakti_executive
tests.test_shakti_executive	dharma_swarm.shakti_executive.inputs
tests.test_shakti_warrant	dharma_swarm.dharma_corpus
tests.test_shakti_warrant	dharma_swarm.shakti_warrant
tests.test_shakti_zeitgeist_executive	dharma_swarm.fourfold_action_warrant
tests.test_shakti_zeitgeist_executive	dharma_swarm.models
tests.test_shakti_zeitgeist_executive	dharma_swarm.shakti_zeitgeist_executive
tests.test_sheaf	dharma_swarm.models
tests.test_sheaf	dharma_swarm.sheaf
tests.test_signal_bus	dharma_swarm.signal_bus
tests.test_signal_map	dharma_swarm.signal_map
tests.test_skill_bridge	dharma_swarm.skill_bridge
tests.test_skill_composer	dharma_swarm.intent_router
tests.test_skill_composer	dharma_swarm.skill_composer
tests.test_skills	dharma_swarm.skills
tests.test_sleep_cycle	dharma_swarm.daemon_config
tests.test_sleep_cycle	dharma_swarm.sleep_cycle
tests.test_sleep_time_agent	dharma_swarm.memory_palace
tests.test_sleep_time_agent	dharma_swarm.organism_memory
tests.test_sleep_time_agent	dharma_swarm.sleep_time_agent
tests.test_smart_router	dharma_swarm.models
tests.test_smart_router	dharma_swarm.router_v1
tests.test_smart_router	dharma_swarm.smart_router
tests.test_smart_seed_selector	dharma_swarm.smart_seed_selector
tests.test_spine_adoption_dispatch	dharma_swarm.a2a
tests.test_spine_adoption_dispatch	dharma_swarm.a2a.a2a_bridge
tests.test_spine_adoption_dispatch	dharma_swarm.a2a.a2a_server
tests.test_spine_adoption_dispatch	dharma_swarm.a2a.agent_card
tests.test_spine_adoption_dispatch	dharma_swarm.a2a.spine_adapter
tests.test_spine_adoption_dispatch	dharma_swarm.spine.receipt
tests.test_spine_allowlist_drain	dharma_swarm.a2a
tests.test_spine_allowlist_drain	dharma_swarm.a2a.a2a_client
tests.test_spine_allowlist_drain	dharma_swarm.a2a.a2a_server
tests.test_spine_allowlist_drain	dharma_swarm.a2a.agent_card
tests.test_spine_allowlist_drain	dharma_swarm.a2a.nats_transport
tests.test_spine_allowlist_drain	dharma_swarm.a2a.node_gateway
tests.test_spine_allowlist_drain	dharma_swarm.a2a.spine_adapter
tests.test_spine_allowlist_drain	dharma_swarm.runtime_state
tests.test_spine_allowlist_drain	dharma_swarm.spine.identity
tests.test_spine_allowlist_drain	dharma_swarm.spine.receipt
tests.test_spine_allowlist_drain	scripts.uplift_guards.check_spine_ownership
tests.test_spine_mapping_receipts	dharma_swarm.runtime_state
tests.test_spine_mapping_receipts	dharma_swarm.spine.identity
tests.test_spine_persistence_invariant	dharma_swarm.a2a.a2a_bridge
tests.test_spine_persistence_invariant	dharma_swarm.a2a.a2a_server
tests.test_spine_persistence_invariant	dharma_swarm.a2a.agent_card
tests.test_spine_persistence_invariant	dharma_swarm.runtime_state
tests.test_spine_persistence_invariant	dharma_swarm.spine.receipt
tests.test_splash	dharma_swarm.splash
tests.test_sprint3_integration	dharma_swarm.dharma_attractor
tests.test_sprint3_integration	dharma_swarm.dynamic_correction
tests.test_sprint3_integration	dharma_swarm.economic_spine
tests.test_stage_contracts	dharma_swarm.fs_substrate
tests.test_stage_contracts	dharma_swarm.fs_substrate.stage_contracts
tests.test_stage_contracts	dharma_swarm.fs_substrate.stage_executor
tests.test_stage_contracts	dharma_swarm.handoff
tests.test_stage_contracts	dharma_swarm.spine.receipt
tests.test_stage_contracts	dharma_swarm.spine.routing
tests.test_startup_crew	dharma_swarm.models
tests.test_startup_crew	dharma_swarm.startup_crew
tests.test_status_liveness	dharma_swarm.runtime_artifacts
tests.test_status_liveness	dharma_swarm.terminal_commands
tests.test_status_liveness	dharma_swarm.terminal_commands._status_helpers
tests.test_status_liveness	dharma_swarm.terminal_commands.status
tests.test_steelman_gate	dharma_swarm.models
tests.test_steelman_gate	dharma_swarm.steelman_gate
tests.test_stigmergy	dharma_swarm.stigmergy
tests.test_stigmergy_router	api.routers
tests.test_stigmergy_router	api.routers.stigmergy
tests.test_storage_schema_registry	dharma_swarm.storage_schema_registry
tests.test_store_inventory_census	scripts.store_inventory_census
tests.test_strange_loop	dharma_swarm.archive
tests.test_strange_loop	dharma_swarm.engine.events
tests.test_strange_loop	dharma_swarm.fitness_predictor
tests.test_strange_loop	dharma_swarm.models
tests.test_strange_loop	dharma_swarm.monitor
tests.test_strange_loop	dharma_swarm.orchestrate_live
tests.test_strange_loop	dharma_swarm.signal_bus
tests.test_strange_loop	dharma_swarm.stigmergy
tests.test_strange_loop	dharma_swarm.swarm
tests.test_strange_loop	dharma_swarm.telos_gates
tests.test_strange_loop	dharma_swarm.traces
tests.test_strange_loop_integration	dharma_swarm.archive
tests.test_strange_loop_integration	dharma_swarm.auditor
tests.test_strange_loop_integration	dharma_swarm.cascade
tests.test_strange_loop_integration	dharma_swarm.catalytic_graph
tests.test_strange_loop_integration	dharma_swarm.damper
tests.test_strange_loop_integration	dharma_swarm.evolution
tests.test_strange_loop_integration	dharma_swarm.identity
tests.test_strange_loop_integration	dharma_swarm.meta_daemon
tests.test_strange_loop_integration	dharma_swarm.models
tests.test_strange_loop_integration	dharma_swarm.pramana
tests.test_strange_loop_integration	dharma_swarm.quality_forge
tests.test_strange_loop_integration	dharma_swarm.system_rv
tests.test_strange_loop_integration	dharma_swarm.thermodynamic
tests.test_strategy_reinforcer	dharma_swarm.strategy_reinforcer
tests.test_strategy_reinforcer	dharma_swarm.trajectory_collector
tests.test_structured_predicate	dharma_swarm.structured_predicate
tests.test_subconscious	dharma_swarm.stigmergy
tests.test_subconscious	dharma_swarm.subconscious
tests.test_subconscious_hum	dharma_swarm.subconscious_hum
tests.test_subconscious_v2	dharma_swarm.models
tests.test_subconscious_v2	dharma_swarm.subconscious_v2
tests.test_subprocess_cancellation	dharma_swarm.diff_applier
tests.test_subprocess_cancellation	dharma_swarm.sandbox
tests.test_subprocess_provider_nullbyte	dharma_swarm.models
tests.test_subprocess_provider_nullbyte	dharma_swarm.providers
tests.test_swarm	dharma_swarm.agent_constitution
tests.test_swarm	dharma_swarm.ecosystem_bridge
tests.test_swarm	dharma_swarm.engine.conversation_memory
tests.test_swarm	dharma_swarm.gnani_lodestone
tests.test_swarm	dharma_swarm.message_bus
tests.test_swarm	dharma_swarm.models
tests.test_swarm	dharma_swarm.runtime_artifacts
tests.test_swarm	dharma_swarm.startup_crew
tests.test_swarm	dharma_swarm.swarm
tests.test_swarm	dharma_swarm.telemetry_plane
tests.test_swarm_health_api	dharma_swarm.swarm_health_api
tests.test_swarm_routed_execution	dharma_swarm.models
tests.test_swarm_routed_execution	dharma_swarm.providers
tests.test_swarm_routed_execution	dharma_swarm.swarm
tests.test_swarm_router	dharma_swarm.decision_router
tests.test_swarm_router	dharma_swarm.models
tests.test_swarm_router	dharma_swarm.provider_policy
tests.test_swarm_router	dharma_swarm.swarm_router
tests.test_swarm_rv	dharma_swarm.swarm_rv
tests.test_synthesis_agent	dharma_swarm.scout_report
tests.test_synthesis_agent	dharma_swarm.synthesis_agent
tests.test_system_rv	dharma_swarm.models
tests.test_system_rv	dharma_swarm.system_rv
tests.test_tam_ledger	dharma_swarm.memory_kernel.write_receipts
tests.test_task_board	dharma_swarm.models
tests.test_task_board	dharma_swarm.task_board
tests.test_taskboard_adapter	dharma_swarm.board.adapters.taskboard_adapter
tests.test_taskboard_adapter	dharma_swarm.board.event_log
tests.test_taskboard_adapter	dharma_swarm.models
tests.test_taskboard_adapter	dharma_swarm.task_board
tests.test_tcs_history_writer	scripts.tcs_history_writer
tests.test_telemetry_optimizer	dharma_swarm.telemetry_optimizer
tests.test_telemetry_optimizer	dharma_swarm.telemetry_plane
tests.test_telemetry_plane	dharma_swarm.telemetry_plane
tests.test_telemetry_router	api.routers
tests.test_telemetry_router	api.routers.telemetry
tests.test_telemetry_router	dharma_swarm.telemetry_plane
tests.test_telemetry_router	dharma_swarm.telemetry_views
tests.test_telemetry_views	dharma_swarm.telemetry_plane
tests.test_telemetry_views	dharma_swarm.telemetry_views
tests.test_telic_seam	dharma_swarm.lineage
tests.test_telic_seam	dharma_swarm.models
tests.test_telic_seam	dharma_swarm.ontology
tests.test_telic_seam	dharma_swarm.ontology_runtime
tests.test_telic_seam	dharma_swarm.orchestrator
tests.test_telic_seam	dharma_swarm.telic_seam
tests.test_telos_formal	dharma_swarm.models
tests.test_telos_formal	dharma_swarm.telos_formal
tests.test_telos_formal	dharma_swarm.telos_formal_math
tests.test_telos_formal_properties	dharma_swarm.models
tests.test_telos_formal_properties	dharma_swarm.telos_formal
tests.test_telos_formal_properties	dharma_swarm.telos_formal_graph
tests.test_telos_formal_properties	dharma_swarm.telos_formal_math
tests.test_telos_formal_properties	dharma_swarm.telos_formal_models
tests.test_telos_gates	dharma_swarm
tests.test_telos_gates	dharma_swarm.models
tests.test_telos_gates	dharma_swarm.telos_gates
tests.test_telos_gates_witness_enhancement	dharma_swarm.models
tests.test_telos_gates_witness_enhancement	dharma_swarm.telos_gates_witness_enhancement
tests.test_telos_graph	dharma_swarm.telos_graph
tests.test_telos_self_mod_enforcement	dharma_swarm.evolution
tests.test_telos_self_mod_enforcement	dharma_swarm.models
tests.test_telos_self_mod_enforcement	dharma_swarm.telos_gates
tests.test_telos_substrate	dharma_swarm.telos_substrate
tests.test_telos_tracker	dharma_swarm.models
tests.test_telos_tracker	dharma_swarm.telos_graph
tests.test_telos_tracker	dharma_swarm.telos_tracker
tests.test_temporal_graph	dharma_swarm.temporal_graph
tests.test_terminal_bridge	dharma_swarm.model_status
tests.test_terminal_bridge	dharma_swarm.operator_core
tests.test_terminal_bridge	dharma_swarm.operator_core.session_store
tests.test_terminal_bridge	dharma_swarm.terminal_bridge
tests.test_terminal_bridge	dharma_swarm.terminal_bridge_text
tests.test_terminal_bridge	dharma_swarm.tui
tests.test_terminal_bridge	dharma_swarm.tui.engine.events
tests.test_terminal_bridge	dharma_swarm.tui.model_routing
tests.test_terminal_control	dharma_swarm
tests.test_terminal_control	dharma_swarm.terminal_control
tests.test_terminal_overnight_supervisor	dharma_swarm.terminal_overnight_supervisor
tests.test_terminal_surfaces	dharma_swarm.terminal_commands
tests.test_terminal_surfaces	dharma_swarm.terminal_commands.surfaces
tests.test_terminal_surfaces	dharma_swarm.tui
tests.test_theme_window	dharma_swarm.world_radar.theme_window
tests.test_thermodynamic	dharma_swarm.thermodynamic
tests.test_thinkodynamic_canary	dharma_swarm.thinkodynamic_canary
tests.test_thinkodynamic_director	dharma_swarm.engine.conversation_memory
tests.test_thinkodynamic_director	dharma_swarm.model_hierarchy
tests.test_thinkodynamic_director	dharma_swarm.models
tests.test_thinkodynamic_director	dharma_swarm.thinkodynamic_director
tests.test_thinkodynamic_director_provider_fallback	dharma_swarm.models
tests.test_thinkodynamic_director_provider_fallback	dharma_swarm.thinkodynamic_director
tests.test_thinkodynamic_scorer	dharma_swarm.thinkodynamic_scorer
tests.test_thread_manager	dharma_swarm.daemon_config
tests.test_thread_manager	dharma_swarm.thread_manager
tests.test_tiny_router_shadow	dharma_swarm.tiny_router_shadow
tests.test_tool_registry	dharma_swarm.runtime_state
tests.test_tool_registry	dharma_swarm.spine.identity
tests.test_tool_registry	dharma_swarm.tool_registry
tests.test_topology_execution	dharma_swarm.lineage
tests.test_topology_execution	dharma_swarm.models
tests.test_topology_execution	dharma_swarm.orchestrator
tests.test_topology_execution	dharma_swarm.topology_genome
tests.test_topology_execution	dharma_swarm.traces
tests.test_topology_execution	dharma_swarm.workflow
tests.test_topology_genome	dharma_swarm.topology_genome
tests.test_trace_attractor_lifecycle_findings	dharma_swarm.trace_attractor.models
tests.test_trace_attractor_lifecycle_findings	dharma_swarm.trace_attractor.projector
tests.test_trace_attractor_projection	dharma_swarm.trace_attractor
tests.test_trace_attractor_readers	dharma_swarm.board.event_log
tests.test_trace_attractor_readers	dharma_swarm.board.models
tests.test_trace_attractor_readers	dharma_swarm.correlation_context
tests.test_trace_attractor_readers	dharma_swarm.ontology
tests.test_trace_attractor_readers	dharma_swarm.runtime_state
tests.test_trace_attractor_readers	dharma_swarm.sakshi.provenance_log
tests.test_trace_attractor_readers	dharma_swarm.telemetry_plane
tests.test_trace_attractor_readers	dharma_swarm.trace_attractor
tests.test_trace_attractor_signal_fanout	dharma_swarm.signal_bus
tests.test_traces	dharma_swarm.archive
tests.test_traces	dharma_swarm.traces
tests.test_training_flywheel	dharma_swarm.docker_sandbox
tests.test_training_flywheel	dharma_swarm.training_flywheel
tests.test_trajectory_collector	dharma_swarm.thinkodynamic_scorer
tests.test_trajectory_collector	dharma_swarm.trajectory_collector
tests.test_transcendence	dharma_swarm.models
tests.test_transcendence	dharma_swarm.transcendence
tests.test_transcendence_aggregation	dharma_swarm.transcendence_aggregation
tests.test_transcendence_ledger	dharma_swarm.chamber.traces
tests.test_transcendence_metrics	dharma_swarm.transcendence_metrics
tests.test_trishula_bridge	dharma_swarm.models
tests.test_trishula_bridge	dharma_swarm.trishula_bridge
tests.test_tui	dharma_swarm.splash
tests.test_tui	dharma_swarm.tui
tests.test_tui	dharma_swarm.tui.screens
tests.test_tui	dharma_swarm.tui_legacy
tests.test_tui_helpers	dharma_swarm.runtime_state
tests.test_tui_helpers	dharma_swarm.tui_helpers
tests.test_tui_launcher	dharma_swarm.tui
tests.test_tui_launcher	dharma_swarm.tui.tui_launcher
tests.test_tui_session_store	dharma_swarm.runtime_contract
tests.test_tui_session_store	dharma_swarm.tui.engine.events
tests.test_tui_session_store	dharma_swarm.tui.engine.session_store
tests.test_ucb_selector	dharma_swarm.archive
tests.test_ucb_selector	dharma_swarm.ucb_selector
tests.test_unified_index	dharma_swarm.engine.chunker
tests.test_unified_index	dharma_swarm.engine.unified_index
tests.test_uplift_guard_subprocess	scripts.governance.check_shakti_warrant
tests.test_uplift_guard_subprocess	scripts.uplift_guards
tests.test_uplift_guard_subprocess	scripts.uplift_guards.shakti_warrant_guard
tests.test_value_events_cli	dharma_swarm
tests.test_value_events_cli	dharma_swarm.ontology
tests.test_value_events_cli	dharma_swarm.ontology_runtime
tests.test_value_events_cli	dharma_swarm.operator_brief.value_events
tests.test_vault_bridge	dharma_swarm.semantic_gravity
tests.test_vault_bridge	dharma_swarm.vault_bridge
tests.test_vector_store	dharma_swarm.vector_store
tests.test_vector_store_backfill_memory_sources	dharma_swarm.vector_store
tests.test_vector_store_backfill_memory_sources	scripts.vector_store_backfill_memory_sources
tests.test_vector_store_reembed_vec0	dharma_swarm.vector_store
tests.test_vector_store_reembed_vec0	scripts.vector_store_reembed_vec0
tests.test_verifier_ranker_v0	dharma_swarm.verifier_ranker_v0.package
tests.test_verifier_ranker_v0	dharma_swarm.verifier_ranker_v0.redaction
tests.test_verifier_ranker_v0	dharma_swarm.verifier_ranker_v0.schemas
tests.test_verify_api	api.main
tests.test_verify_api	api.routers.verify
tests.test_verify_api	dharma_swarm.verify.github_app
tests.test_verify_api	dharma_swarm.verify.reviewer
tests.test_verify_api	dharma_swarm.verify.scorer
tests.test_verify_reporter	dharma_swarm.verify.reporter
tests.test_verify_reporter	dharma_swarm.verify.reviewer
tests.test_verify_reporter	dharma_swarm.verify.scorer
tests.test_verify_reviewer	dharma_swarm.verify.comprehension
tests.test_verify_reviewer	dharma_swarm.verify.reviewer
tests.test_verify_scorer	dharma_swarm.verify.scorer
tests.test_vibegate_audit	scripts.vibegate_audit
tests.test_viz_projection	dharma_swarm.viz_projection
tests.test_vsm_channels	dharma_swarm.models
tests.test_vsm_channels	dharma_swarm.vsm_channels
tests.test_wiki_trust_manifest	dharma_swarm.chetana
tests.test_wiki_trust_manifest	dharma_swarm.chetana.manifest
tests.test_wiki_trust_manifest	dharma_swarm.chetana.staging
tests.test_wiki_trust_manifest	dharma_swarm.memory_kernel
tests.test_wiki_trust_manifest	dharma_swarm.memory_kernel.adapters
tests.test_wiki_trust_manifest	dharma_swarm.wiki_vector_ingest
tests.test_wiki_trust_manifest	scripts.wiki_vector_live_gate
tests.test_wiki_vector_live_gate	dharma_swarm.chetana
tests.test_wiki_vector_live_gate	dharma_swarm.chetana.manifest
tests.test_wiki_vector_live_gate	dharma_swarm.wiki_vector_ingest
tests.test_wiki_vector_live_gate	scripts.wiki_vector_live_gate
tests.test_witness	dharma_swarm.witness
tests.test_worker_spawn	dharma_swarm.agent_runner
tests.test_worker_spawn	dharma_swarm.decision_router
tests.test_worker_spawn	dharma_swarm.models
tests.test_worker_spawn	dharma_swarm.provider_policy
tests.test_worker_spawn	dharma_swarm.worker_spawn
tests.test_workflow	dharma_swarm.workflow
tests.test_workspace_topology	dharma_swarm
tests.test_workspace_topology	dharma_swarm.dgc_cli
tests.test_workspace_topology	dharma_swarm.workspace_topology
tests.test_world_actions	dharma_swarm.world_actions
tests.test_world_model	dharma_swarm.world_model
tests.test_world_radar_bronze	dharma_swarm.world_radar
tests.test_world_radar_bronze	dharma_swarm.world_radar.bronze
tests.test_world_radar_bronze	dharma_swarm.world_radar.cli
tests.test_world_radar_cli	dharma_swarm.world_radar.cli
tests.test_world_radar_go_bridge	dharma_swarm.world_radar
tests.test_world_radar_go_bridge	dharma_swarm.world_radar.go_bridge
tests.test_world_radar_go_bridge	dharma_swarm.world_radar.go_invoke
tests.test_world_signal_analysis	dharma_swarm.world_radar.analysis
tests.test_xray	dharma_swarm.xray
tests.test_yoga_node	dharma_swarm.models
tests.test_yoga_node	dharma_swarm.yoga_node
tests.test_zeitgeist	dharma_swarm.s4.internal_pressure
tests.test_zeitgeist	dharma_swarm.zeitgeist
tests.test_zeitgeist_promotion	dharma_swarm.knowledge_ops.memory_promotion_executor
tests.test_zeitgeist_promotion	dharma_swarm.knowledge_ops.memory_promotion_queue
tests.test_zeitgeist_promotion	dharma_swarm.knowledge_ops.zeitgeist_promotion
tests.test_zhipu_provider	dharma_swarm.api_keys
tests.test_zhipu_provider	dharma_swarm.model_defaults
tests.test_zhipu_provider	dharma_swarm.model_hierarchy
tests.test_zhipu_provider	dharma_swarm.models
tests.test_zhipu_provider	dharma_swarm.runtime_provider
tests.tui.test_app_interactive_e2e	dharma_swarm.tui.app
tests.tui.test_app_interactive_e2e	dharma_swarm.tui.engine.events
tests.tui.test_app_interactive_e2e	dharma_swarm.tui.engine.session_store
tests.tui.test_app_interactive_e2e	dharma_swarm.tui.screens.btw
tests.tui.test_app_plan_mode	dharma_swarm.tui.app
tests.tui.test_app_plan_mode	dharma_swarm.tui.engine.events
tests.tui.test_bug_fixes	dharma_swarm.tui.app
tests.tui.test_bug_fixes	dharma_swarm.tui.engine.event_types
tests.tui.test_bug_fixes	dharma_swarm.tui.engine.events
tests.tui.test_bug_fixes	dharma_swarm.tui.widgets.stream_output
tests.tui.test_canonical_events	dharma_swarm.tui.engine.events
tests.tui.test_claude_adapter_v11	dharma_swarm.tui.engine.adapters.base
tests.tui.test_claude_adapter_v11	dharma_swarm.tui.engine.adapters.claude
tests.tui.test_claude_adapter_v11	dharma_swarm.tui.engine.events
tests.tui.test_codex_adapter	dharma_swarm.tui.engine.adapters.base
tests.tui.test_codex_adapter	dharma_swarm.tui.engine.adapters.codex
tests.tui.test_codex_adapter	dharma_swarm.tui.engine.events
tests.tui.test_model_routing	dharma_swarm
tests.tui.test_model_routing	dharma_swarm.model_pool
tests.tui.test_model_routing	dharma_swarm.tui.model_routing
tests.tui.test_openrouter_adapter	dharma_swarm
tests.tui.test_openrouter_adapter	dharma_swarm.model_hierarchy
tests.tui.test_openrouter_adapter	dharma_swarm.model_pool
tests.tui.test_openrouter_adapter	dharma_swarm.models
tests.tui.test_openrouter_adapter	dharma_swarm.tui.engine.adapters.base
tests.tui.test_openrouter_adapter	dharma_swarm.tui.engine.adapters.openrouter
tests.tui.test_openrouter_adapter	dharma_swarm.tui.engine.events
tests.tui.test_session_state_canonical	dharma_swarm.tui.engine.events
tests.tui.test_session_state_canonical	dharma_swarm.tui.engine.session_state
tests.tui.test_stream_output_observability	dharma_swarm.tui.engine.event_types
tests.tui.test_stream_output_observability	dharma_swarm.tui.engine.events
tests.tui.test_stream_output_observability	dharma_swarm.tui.widgets.stream_output
tests.tui.test_stream_parser	dharma_swarm.tui.engine.event_types
tests.tui.test_stream_parser	dharma_swarm.tui.engine.session_state
tests.tui.test_stream_parser	dharma_swarm.tui.engine.stream_parser
tests.tui.test_system_commands	dharma_swarm.tui.commands.system_commands
tests.tui.test_tui_entrypoint	dharma_swarm.tui
