module	path	lines	budget_status	in_degree	out_degree	pagerank	scc_id	scc_size	test_skips	owner
api	api/__init__.py	4	within_budget	1	0	0.00020482	25	1	0	@AmitabhainArunachala
api.chat_tool_execution	api/chat_tool_execution.py	381	within_budget	2	5	0.00024665	26	1	0	@AmitabhainArunachala
api.chat_tools	api/chat_tools.py	773	within_budget	2	5	0.00024605	4	6	0	@AmitabhainArunachala
api.graphql.schema	api/graphql/schema.py	215	within_budget	0	0	0.00017506	27	1	0	@AmitabhainArunachala
api.main	api/main.py	625	within_budget	12	37	0.00069170	4	6	0	@AmitabhainArunachala
api.models	api/models.py	324	within_budget	15	0	0.00104179	28	1	0	@AmitabhainArunachala
api.module_truth	api/module_truth.py	1355	over_budget	2	0	0.00033429	29	1	0	@AmitabhainArunachala
api.routers	api/routers/__init__.py	0	within_budget	13	0	0.00070973	30	1	0	@AmitabhainArunachala
api.routers._agent_aliases	api/routers/_agent_aliases.py	56	within_budget	3	0	0.00033970	31	1	0	@AmitabhainArunachala
api.routers.agents	api/routers/agents.py	648	within_budget	3	10	0.00025048	4	6	0	@AmitabhainArunachala
api.routers.chat	api/routers/chat.py	1387	over_budget	7	9	0.00043653	4	6	0	@AmitabhainArunachala
api.routers.commands	api/routers/commands.py	152	within_budget	3	3	0.00027466	4	6	0	@AmitabhainArunachala
api.routers.control_surface	api/routers/control_surface.py	437	within_budget	7	6	0.00081593	32	1	0	@AmitabhainArunachala
api.routers.dashboard_new	api/routers/dashboard_new.py	190	within_budget	1	6	0.00019095	33	1	0	@AmitabhainArunachala
api.routers.evolution	api/routers/evolution.py	142	within_budget	1	2	0.00019095	34	1	0	@AmitabhainArunachala
api.routers.fleet	api/routers/fleet.py	172	within_budget	3	1	0.00021886	35	1	0	@AmitabhainArunachala
api.routers.graphql_router	api/routers/graphql_router.py	434	within_budget	2	5	0.00022072	36	1	0	@AmitabhainArunachala
api.routers.health	api/routers/health.py	147	within_budget	1	4	0.00019095	4	6	0	@AmitabhainArunachala
api.routers.holon	api/routers/holon.py	89	within_budget	2	4	0.00022072	37	1	0	@AmitabhainArunachala
api.routers.lineage	api/routers/lineage.py	154	within_budget	1	2	0.00019095	38	1	0	@AmitabhainArunachala
api.routers.manifest	api/routers/manifest.py	94	within_budget	1	3	0.00019095	39	1	0	@AmitabhainArunachala
api.routers.model_pool	api/routers/model_pool.py	43	within_budget	2	3	0.00022816	40	1	0	@AmitabhainArunachala
api.routers.modules	api/routers/modules.py	25	within_budget	1	2	0.00019095	41	1	0	@AmitabhainArunachala
api.routers.ontology	api/routers/ontology.py	282	within_budget	2	3	0.00024056	42	1	0	@AmitabhainArunachala
api.routers.operator_coherence	api/routers/operator_coherence.py	59	within_budget	2	2	0.00026536	43	1	0	@AmitabhainArunachala
api.routers.opportunities	api/routers/opportunities.py	46	within_budget	1	2	0.00019095	44	1	0	@AmitabhainArunachala
api.routers.revenue	api/routers/revenue.py	115	within_budget	1	3	0.00019095	45	1	0	@AmitabhainArunachala
api.routers.runtime	api/routers/runtime.py	316	within_budget	3	3	0.00027081	46	1	0	@AmitabhainArunachala
api.routers.stigmergy	api/routers/stigmergy.py	205	within_budget	2	3	0.00026536	47	1	0	@AmitabhainArunachala
api.routers.telemetry	api/routers/telemetry.py	277	within_budget	2	8	0.00022816	48	1	0	@AmitabhainArunachala
api.routers.verify	api/routers/verify.py	212	within_budget	2	3	0.00022072	49	1	0	@AmitabhainArunachala
api.routers.viz	api/routers/viz.py	98	within_budget	0	2	0.00017506	50	1	0	@AmitabhainArunachala
api.ws	api/ws.py	255	within_budget	5	1	0.00033182	51	1	0	@AmitabhainArunachala
dharma_swarm	dharma_swarm/__init__.py	43	within_budget	106	2	0.00608569	1	9	0	@AmitabhainArunachala # blast=156
dharma_swarm._remix	dharma_swarm/_remix/__init__.py	11	within_budget	0	0	0.00017506	52	1	0	@AmitabhainArunachala
dharma_swarm._remix.thinkodynamic_director_remix_v0_0_0_1	dharma_swarm/_remix/thinkodynamic_director_remix_v0_0_0_1.py	564	within_budget	2	1	0.00032387	53	1	0	@AmitabhainArunachala
dharma_swarm._stigmergy_lock	dharma_swarm/_stigmergy_lock.py	59	within_budget	1	0	0.00113207	54	1	0	@AmitabhainArunachala # blast=201
dharma_swarm.a2a	dharma_swarm/a2a/__init__.py	110	within_budget	8	0	0.00043616	55	1	0	@AmitabhainArunachala
dharma_swarm.a2a.a2a_bridge	dharma_swarm/a2a/a2a_bridge.py	357	within_budget	5	5	0.00031289	56	1	0	@AmitabhainArunachala
dharma_swarm.a2a.a2a_client	dharma_swarm/a2a/a2a_client.py	528	within_budget	6	4	0.00032526	57	1	0	@AmitabhainArunachala
dharma_swarm.a2a.a2a_cloud_contact	dharma_swarm/a2a/a2a_cloud_contact.py	186	within_budget	1	5	0.00019986	58	1	0	@AmitabhainArunachala
dharma_swarm.a2a.a2a_server	dharma_swarm/a2a/a2a_server.py	761	within_budget	33	4	0.00157815	59	1	0	@AmitabhainArunachala
dharma_swarm.a2a.agent_card	dharma_swarm/a2a/agent_card.py	654	within_budget	23	1	0.00151712	60	1	0	@AmitabhainArunachala
dharma_swarm.a2a.agent_directory	dharma_swarm/a2a/agent_directory.py	198	within_budget	2	3	0.00022072	61	1	0	@AmitabhainArunachala
dharma_swarm.a2a.agent_presence	dharma_swarm/a2a/agent_presence.py	174	within_budget	5	1	0.00057355	62	1	0	@AmitabhainArunachala
dharma_swarm.a2a.contact_registry	dharma_swarm/a2a/contact_registry.py	159	within_budget	3	0	0.00040373	63	1	0	@AmitabhainArunachala
dharma_swarm.a2a.mailbox_gateway	dharma_swarm/a2a/mailbox_gateway.py	326	within_budget	2	1	0.00039827	64	1	0	@AmitabhainArunachala
dharma_swarm.a2a.nats_transport	dharma_swarm/a2a/nats_transport.py	853	within_budget	6	5	0.00034657	65	1	0	@AmitabhainArunachala
dharma_swarm.a2a.nats_transport_support	dharma_swarm/a2a/nats_transport_support.py	327	within_budget	1	2	0.00023398	66	1	0	@AmitabhainArunachala
dharma_swarm.a2a.node_gateway	dharma_swarm/a2a/node_gateway.py	500	within_budget	6	4	0.00027844	67	1	0	@AmitabhainArunachala
dharma_swarm.a2a.node_registry	dharma_swarm/a2a/node_registry.py	450	within_budget	8	2	0.00066895	68	1	0	@AmitabhainArunachala
dharma_swarm.a2a.registry_hydrator	dharma_swarm/a2a/registry_hydrator.py	139	within_budget	1	3	0.00022467	69	1	0	@AmitabhainArunachala
dharma_swarm.a2a.spine_adapter	dharma_swarm/a2a/spine_adapter.py	197	within_budget	7	4	0.00047247	70	1	0	@AmitabhainArunachala
dharma_swarm.a2a.task_receipt	dharma_swarm/a2a/task_receipt.py	153	within_budget	2	1	0.00047267	71	1	0	@AmitabhainArunachala
dharma_swarm.a2a.verifier	dharma_swarm/a2a/verifier.py	55	within_budget	1	1	0.00019986	72	1	0	@AmitabhainArunachala
dharma_swarm.active_inference	dharma_swarm/active_inference.py	496	within_budget	4	1	0.00041238	73	1	0	@AmitabhainArunachala
dharma_swarm.adaptive_autonomy	dharma_swarm/adaptive_autonomy.py	222	within_budget	5	1	0.00078053	74	1	0	@AmitabhainArunachala
dharma_swarm.agent_constitution	dharma_swarm/agent_constitution.py	574	within_budget	12	4	0.00065919	75	1	0	@AmitabhainArunachala
dharma_swarm.agent_export	dharma_swarm/agent_export.py	158	within_budget	3	0	0.00061032	76	1	0	@AmitabhainArunachala
dharma_swarm.agent_install	dharma_swarm/agent_install.py	141	within_budget	1	1	0.00024947	77	1	0	@AmitabhainArunachala
dharma_swarm.agent_memory	dharma_swarm/agent_memory.py	368	within_budget	10	0	0.00064221	78	1	0	@AmitabhainArunachala
dharma_swarm.agent_memory_manager	dharma_swarm/agent_memory_manager.py	865	within_budget	2	0	0.00020526	79	1	0	@AmitabhainArunachala
dharma_swarm.agent_registry	dharma_swarm/agent_registry.py	1000	within_budget	10	3	0.00082936	80	1	0	@AmitabhainArunachala
dharma_swarm.agent_runner	dharma_swarm/agent_runner.py	3560	grandfathered	16	43	0.00090011	81	1	0	@AmitabhainArunachala
dharma_swarm.agent_runner_quality	dharma_swarm/agent_runner_quality.py	757	within_budget	2	3	0.00034166	82	1	0	@AmitabhainArunachala
dharma_swarm.ai_reciprocity_ledger	dharma_swarm/ai_reciprocity_ledger.py	983	within_budget	1	2	0.00032387	83	1	0	@AmitabhainArunachala
dharma_swarm.algedonic_activation	dharma_swarm/algedonic_activation.py	229	within_budget	4	0	0.00045362	84	1	0	@AmitabhainArunachala # blast=182
dharma_swarm.amiros	dharma_swarm/amiros.py	587	within_budget	3	2	0.00041642	85	1	0	@AmitabhainArunachala # blast=182
dharma_swarm.anekanta_gate	dharma_swarm/anekanta_gate.py	105	within_budget	4	1	0.00102162	86	1	0	@AmitabhainArunachala # blast=185
dharma_swarm.api	dharma_swarm/api.py	365	within_budget	1	4	0.00020482	87	1	0	@AmitabhainArunachala
dharma_swarm.api_key_audit	dharma_swarm/api_key_audit.py	524	within_budget	1	5	0.00024947	88	1	0	@AmitabhainArunachala
dharma_swarm.api_keys	dharma_swarm/api_keys.py	497	within_budget	45	1	0.02107260	11	2	0	@AmitabhainArunachala # blast=192
dharma_swarm.archaeology_ingestion	dharma_swarm/archaeology_ingestion.py	688	within_budget	3	2	0.00034096	89	1	0	@AmitabhainArunachala
dharma_swarm.archive	dharma_swarm/archive.py	965	within_budget	61	3	0.00555654	90	1	0	@AmitabhainArunachala # blast=296
dharma_swarm.artifact_manifest	dharma_swarm/artifact_manifest.py	234	within_budget	3	3	0.00034728	91	1	0	@AmitabhainArunachala
dharma_swarm.artifact_store	dharma_swarm/artifact_store.py	576	within_budget	6	5	0.00052691	92	1	0	@AmitabhainArunachala
dharma_swarm.assurance	dharma_swarm/assurance/__init__.py	23	within_budget	2	1	0.00022328	93	1	0	@AmitabhainArunachala
dharma_swarm.assurance.__main__	dharma_swarm/assurance/__main__.py	18	within_budget	0	2	0.00017506	94	1	0	@AmitabhainArunachala
dharma_swarm.assurance.agents	dharma_swarm/assurance/agents.py	258	within_budget	1	0	0.00036485	95	1	0	@AmitabhainArunachala
dharma_swarm.assurance.report_schema	dharma_swarm/assurance/report_schema.py	50	within_budget	9	0	0.00185449	96	1	0	@AmitabhainArunachala
dharma_swarm.assurance.run_scanners	dharma_swarm/assurance/run_scanners.py	77	within_budget	1	2	0.00024947	97	1	0	@AmitabhainArunachala
dharma_swarm.assurance.runner	dharma_swarm/assurance/runner.py	146	within_budget	3	10	0.00034840	98	1	0	@AmitabhainArunachala
dharma_swarm.assurance.scanner_api_envelope	dharma_swarm/assurance/scanner_api_envelope.py	110	within_budget	2	1	0.00022328	99	1	0	@AmitabhainArunachala
dharma_swarm.assurance.scanner_context_isolation	dharma_swarm/assurance/scanner_context_isolation.py	70	within_budget	2	1	0.00022328	100	1	0	@AmitabhainArunachala
dharma_swarm.assurance.scanner_lifecycle	dharma_swarm/assurance/scanner_lifecycle.py	66	within_budget	2	1	0.00022328	101	1	0	@AmitabhainArunachala
dharma_swarm.assurance.scanner_ownership	dharma_swarm/assurance/scanner_ownership.py	58	within_budget	1	1	0.00020468	102	1	0	@AmitabhainArunachala
dharma_swarm.assurance.scanner_providers	dharma_swarm/assurance/scanner_providers.py	237	within_budget	2	1	0.00022328	103	1	0	@AmitabhainArunachala
dharma_swarm.assurance.scanner_routes	dharma_swarm/assurance/scanner_routes.py	176	within_budget	2	1	0.00022328	104	1	0	@AmitabhainArunachala
dharma_swarm.assurance.scanner_storage	dharma_swarm/assurance/scanner_storage.py	184	within_budget	2	1	0.00022328	105	1	0	@AmitabhainArunachala
dharma_swarm.assurance.scanner_test_gaps	dharma_swarm/assurance/scanner_test_gaps.py	103	within_budget	5	1	0.00039661	106	1	0	@AmitabhainArunachala
dharma_swarm.assurance.status	dharma_swarm/assurance/status.py	94	within_budget	1	0	0.00024947	107	1	0	@AmitabhainArunachala
dharma_swarm.auditor	dharma_swarm/auditor.py	304	within_budget	2	4	0.00026091	108	1	0	@AmitabhainArunachala
dharma_swarm.auto_grade	dharma_swarm/auto_grade/__init__.py	6	within_budget	0	2	0.00017506	109	1	0	@AmitabhainArunachala
dharma_swarm.auto_grade.citations	dharma_swarm/auto_grade/citations.py	48	within_budget	1	1	0.00022010	110	1	0	@AmitabhainArunachala
dharma_swarm.auto_grade.contradictions	dharma_swarm/auto_grade/contradictions.py	29	within_budget	1	1	0.00022010	111	1	0	@AmitabhainArunachala
dharma_swarm.auto_grade.coverage	dharma_swarm/auto_grade/coverage.py	67	within_budget	1	1	0.00022010	112	1	0	@AmitabhainArunachala
dharma_swarm.auto_grade.efficiency	dharma_swarm/auto_grade/efficiency.py	24	within_budget	1	0	0.00022010	113	1	0	@AmitabhainArunachala
dharma_swarm.auto_grade.engine	dharma_swarm/auto_grade/engine.py	112	within_budget	4	8	0.00042388	114	1	0	@AmitabhainArunachala
dharma_swarm.auto_grade.grounding	dharma_swarm/auto_grade/grounding.py	44	within_budget	1	1	0.00022010	115	1	0	@AmitabhainArunachala
dharma_swarm.auto_grade.models	dharma_swarm/auto_grade/models.py	69	within_budget	6	0	0.00048330	116	1	0	@AmitabhainArunachala
dharma_swarm.auto_grade.rubrics	dharma_swarm/auto_grade/rubrics.py	34	within_budget	1	0	0.00022010	117	1	0	@AmitabhainArunachala
dharma_swarm.auto_proposer	dharma_swarm/auto_proposer.py	830	within_budget	2	5	0.00022470	118	1	0	@AmitabhainArunachala
dharma_swarm.auto_research	dharma_swarm/auto_research/__init__.py	13	within_budget	0	2	0.00017506	119	1	0	@AmitabhainArunachala
dharma_swarm.auto_research.backends	dharma_swarm/auto_research/backends.py	77	within_budget	0	3	0.00017506	120	1	0	@AmitabhainArunachala
dharma_swarm.auto_research.citation	dharma_swarm/auto_research/citation.py	14	within_budget	1	1	0.00026847	121	1	0	@AmitabhainArunachala
dharma_swarm.auto_research.claim_graph	dharma_swarm/auto_research/claim_graph.py	44	within_budget	1	1	0.00021977	122	1	0	@AmitabhainArunachala
dharma_swarm.auto_research.engine	dharma_swarm/auto_research/engine.py	49	within_budget	3	6	0.00031560	123	1	0	@AmitabhainArunachala
dharma_swarm.auto_research.models	dharma_swarm/auto_research/models.py	114	within_budget	21	0	0.00269252	124	1	0	@AmitabhainArunachala
dharma_swarm.auto_research.planner	dharma_swarm/auto_research/planner.py	28	within_budget	1	1	0.00021977	125	1	0	@AmitabhainArunachala
dharma_swarm.auto_research.reader	dharma_swarm/auto_research/reader.py	16	within_budget	1	2	0.00021977	126	1	0	@AmitabhainArunachala
dharma_swarm.auto_research.reporter	dharma_swarm/auto_research/reporter.py	47	within_budget	1	2	0.00021977	127	1	0	@AmitabhainArunachala
dharma_swarm.auto_research.search	dharma_swarm/auto_research/search.py	27	within_budget	5	1	0.00048678	128	1	0	@AmitabhainArunachala
dharma_swarm.autocatalytic_adapter_evidence	dharma_swarm/autocatalytic_adapter_evidence.py	120	within_budget	3	1	0.00026787	129	1	0	@AmitabhainArunachala
dharma_swarm.autocatalytic_adapters	dharma_swarm/autocatalytic_adapters.py	259	within_budget	4	7	0.00039553	130	1	0	@AmitabhainArunachala
dharma_swarm.autocatalytic_adapters_research_promote	dharma_swarm/autocatalytic_adapters_research_promote.py	406	within_budget	1	9	0.00022309	131	1	0	@AmitabhainArunachala
dharma_swarm.autocatalytic_adapters_sense_execute	dharma_swarm/autocatalytic_adapters_sense_execute.py	333	within_budget	1	8	0.00022309	132	1	0	@AmitabhainArunachala
dharma_swarm.autocatalytic_contract_primitives	dharma_swarm/autocatalytic_contract_primitives.py	178	within_budget	3	0	0.00086575	133	1	0	@AmitabhainArunachala
dharma_swarm.autocatalytic_contracts	dharma_swarm/autocatalytic_contracts.py	216	within_budget	12	5	0.00100478	134	1	0	@AmitabhainArunachala
dharma_swarm.autocatalytic_cycle_runtime	dharma_swarm/autocatalytic_cycle_runtime.py	390	within_budget	1	10	0.00021983	135	1	0	@AmitabhainArunachala
dharma_swarm.autocatalytic_manifest_contracts	dharma_swarm/autocatalytic_manifest_contracts.py	306	within_budget	1	2	0.00034588	136	1	0	@AmitabhainArunachala
dharma_swarm.autocatalytic_portfolio	dharma_swarm/autocatalytic_portfolio.py	156	within_budget	3	6	0.00031597	137	1	0	@AmitabhainArunachala
dharma_swarm.autocatalytic_proof_builders	dharma_swarm/autocatalytic_proof_builders.py	318	within_budget	2	3	0.00023851	138	1	0	@AmitabhainArunachala
dharma_swarm.autocatalytic_receipt_verifier	dharma_swarm/autocatalytic_receipt_verifier.py	241	within_budget	1	1	0.00021561	139	1	0	@AmitabhainArunachala
dharma_swarm.autocatalytic_source_contracts	dharma_swarm/autocatalytic_source_contracts.py	189	within_budget	4	1	0.00043868	140	1	0	@AmitabhainArunachala
dharma_swarm.autocatalytic_task_runtime	dharma_swarm/autocatalytic_task_runtime.py	151	within_budget	2	3	0.00023851	141	1	0	@AmitabhainArunachala
dharma_swarm.autocatalytic_verifier	dharma_swarm/autocatalytic_verifier.py	374	within_budget	2	5	0.00023851	142	1	0	@AmitabhainArunachala
dharma_swarm.autonomous_agent	dharma_swarm/autonomous_agent.py	1531	over_budget	7	11	0.00040841	143	1	0	@AmitabhainArunachala
dharma_swarm.autoresearch_loop	dharma_swarm/autoresearch_loop.py	750	within_budget	2	6	0.00037204	144	1	0	@AmitabhainArunachala
dharma_swarm.base_provider	dharma_swarm/base_provider.py	198	within_budget	4	1	0.00056492	145	1	0	@AmitabhainArunachala # blast=156
dharma_swarm.benchmark_registry	dharma_swarm/benchmark_registry.py	111	within_budget	4	0	0.00048877	146	1	0	@AmitabhainArunachala
dharma_swarm.board	dharma_swarm/board/__init__.py	40	within_budget	0	2	0.00017506	147	1	0	@AmitabhainArunachala
dharma_swarm.board.adapters	dharma_swarm/board/adapters/__init__.py	45	within_budget	0	4	0.00017506	148	1	0	@AmitabhainArunachala
dharma_swarm.board.adapters.a2a_send_adapter	dharma_swarm/board/adapters/a2a_send_adapter.py	579	within_budget	3	2	0.00047666	149	1	0	@AmitabhainArunachala
dharma_swarm.board.adapters.agentops_adapter	dharma_swarm/board/adapters/agentops_adapter.py	308	within_budget	3	2	0.00047666	150	1	0	@AmitabhainArunachala
dharma_swarm.board.adapters.ds_goal_adapter	dharma_swarm/board/adapters/ds_goal_adapter.py	276	within_budget	4	2	0.00050849	151	1	0	@AmitabhainArunachala
dharma_swarm.board.adapters.semantic_receipt_adapter	dharma_swarm/board/adapters/semantic_receipt_adapter.py	224	within_budget	3	3	0.00040226	152	1	0	@AmitabhainArunachala
dharma_swarm.board.adapters.taskboard_adapter	dharma_swarm/board/adapters/taskboard_adapter.py	309	within_budget	4	4	0.00027150	153	1	0	@AmitabhainArunachala
dharma_swarm.board.event_log	dharma_swarm/board/event_log.py	299	within_budget	9	2	0.00057478	154	1	0	@AmitabhainArunachala
dharma_swarm.board.facade	dharma_swarm/board/facade.py	248	within_budget	4	2	0.00027150	155	1	0	@AmitabhainArunachala
dharma_swarm.board.models	dharma_swarm/board/models.py	180	within_budget	11	0	0.00149192	156	1	0	@AmitabhainArunachala
dharma_swarm.board.task_command_outbox	dharma_swarm/board/task_command_outbox.py	102	within_budget	2	5	0.00020025	157	1	0	@AmitabhainArunachala
dharma_swarm.bootstrap	dharma_swarm/bootstrap.py	436	within_budget	3	2	0.00037280	158	1	0	@AmitabhainArunachala
dharma_swarm.bridge	dharma_swarm/bridge.py	583	within_budget	8	3	0.00045219	159	1	0	@AmitabhainArunachala
dharma_swarm.bridge_coordinator	dharma_swarm/bridge_coordinator.py	450	within_budget	3	6	0.00029582	160	1	0	@AmitabhainArunachala
dharma_swarm.bridge_registry	dharma_swarm/bridge_registry.py	846	within_budget	6	1	0.00061160	161	1	0	@AmitabhainArunachala # blast=186
dharma_swarm.browser_agent	dharma_swarm/browser_agent.py	719	within_budget	1	1	0.00024947	162	1	0	@AmitabhainArunachala
dharma_swarm.build_engine	dharma_swarm/build_engine.py	553	within_budget	2	3	0.00025767	7	3	0	@AmitabhainArunachala
dharma_swarm.canary	dharma_swarm/canary.py	156	within_budget	4	1	0.00030147	163	1	0	@AmitabhainArunachala
dharma_swarm.canonical_replay	dharma_swarm/canonical_replay.py	356	within_budget	4	1	0.00077028	164	1	0	@AmitabhainArunachala
dharma_swarm.capital_lab	dharma_swarm/capital_lab/__init__.py	33	within_budget	0	1	0.00017506	165	1	0	@AmitabhainArunachala
dharma_swarm.capital_lab.alpha_evidence	dharma_swarm/capital_lab/alpha_evidence.py	1251	grandfathered	2	0	0.00047267	166	1	0	@AmitabhainArunachala
dharma_swarm.capital_lab.broker_paper_membrane	dharma_swarm/capital_lab/broker_paper_membrane.py	967	within_budget	3	1	0.00054707	167	1	0	@AmitabhainArunachala
dharma_swarm.capital_lab.contracts	dharma_swarm/capital_lab/contracts.py	195	within_budget	1	0	0.00032387	168	1	0	@AmitabhainArunachala
dharma_swarm.capital_lab.risk_governor	dharma_swarm/capital_lab/risk_governor.py	334	within_budget	3	0	0.00086328	169	1	0	@AmitabhainArunachala
dharma_swarm.cascade	dharma_swarm/cascade.py	493	within_budget	7	4	0.00038305	170	1	0	@AmitabhainArunachala
dharma_swarm.cascade_domains	dharma_swarm/cascade_domains/__init__.py	13	within_budget	0	0	0.00017506	171	1	0	@AmitabhainArunachala
dharma_swarm.cascade_domains.code	dharma_swarm/cascade_domains/code.py	330	within_budget	2	3	0.00034247	172	1	0	@AmitabhainArunachala
dharma_swarm.cascade_domains.common	dharma_swarm/cascade_domains/common.py	143	within_budget	1	1	0.00019366	173	1	0	@AmitabhainArunachala
dharma_swarm.cascade_domains.meta	dharma_swarm/cascade_domains/meta.py	139	within_budget	2	1	0.00034247	174	1	0	@AmitabhainArunachala
dharma_swarm.cascade_domains.product	dharma_swarm/cascade_domains/product.py	298	within_budget	1	4	0.00019366	175	1	0	@AmitabhainArunachala
dharma_swarm.cascade_domains.research	dharma_swarm/cascade_domains/research.py	323	within_budget	1	3	0.00019366	176	1	0	@AmitabhainArunachala
dharma_swarm.cascade_domains.skill	dharma_swarm/cascade_domains/skill.py	300	within_budget	2	2	0.00034247	177	1	0	@AmitabhainArunachala
dharma_swarm.catalytic_graph	dharma_swarm/catalytic_graph.py	446	within_budget	10	1	0.00063204	178	1	0	@AmitabhainArunachala
dharma_swarm.certified_lanes	dharma_swarm/certified_lanes.py	249	within_budget	3	3	0.00034328	179	1	0	@AmitabhainArunachala
dharma_swarm.chamber	dharma_swarm/chamber/__init__.py	16	within_budget	0	0	0.00017506	180	1	0	@AmitabhainArunachala
dharma_swarm.chamber.chain	dharma_swarm/chamber/chain.py	93	within_budget	5	1	0.00083972	181	1	0	@AmitabhainArunachala
dharma_swarm.chamber.daily_delta	dharma_swarm/chamber/daily_delta.py	80	within_budget	1	1	0.00024947	182	1	0	@AmitabhainArunachala
dharma_swarm.chamber.gym_git_history	dharma_swarm/chamber/gym_git_history.py	443	within_budget	1	3	0.00024947	183	1	0	@AmitabhainArunachala
dharma_swarm.chamber.ledger_history	dharma_swarm/chamber/ledger_history.py	127	within_budget	2	1	0.00029907	184	1	0	@AmitabhainArunachala
dharma_swarm.chamber.ledger_rows	dharma_swarm/chamber/ledger_rows.py	243	within_budget	1	0	0.00022467	185	1	0	@AmitabhainArunachala
dharma_swarm.chamber.predictions	dharma_swarm/chamber/predictions.py	141	within_budget	1	2	0.00024947	186	1	0	@AmitabhainArunachala
dharma_swarm.chamber.sandbox	dharma_swarm/chamber/sandbox.py	124	within_budget	2	0	0.00039455	187	1	0	@AmitabhainArunachala
dharma_swarm.chamber.traces	dharma_swarm/chamber/traces.py	134	within_budget	7	0	0.00150140	188	1	0	@AmitabhainArunachala
dharma_swarm.checkpoint	dharma_swarm/checkpoint.py	421	within_budget	7	0	0.00060750	189	1	0	@AmitabhainArunachala
dharma_swarm.chetana	dharma_swarm/chetana/__init__.py	76	within_budget	14	3	0.00079316	190	1	0	@AmitabhainArunachala
dharma_swarm.chetana.cli	dharma_swarm/chetana/cli.py	474	within_budget	1	11	0.00018746	191	1	0	@AmitabhainArunachala
dharma_swarm.chetana.cross_update	dharma_swarm/chetana/cross_update.py	120	within_budget	2	4	0.00024332	192	1	0	@AmitabhainArunachala
dharma_swarm.chetana.decay	dharma_swarm/chetana/decay.py	135	within_budget	5	2	0.00028555	193	1	0	@AmitabhainArunachala
dharma_swarm.chetana.extractors	dharma_swarm/chetana/extractors/__init__.py	19	within_budget	1	3	0.00026109	194	1	0	@AmitabhainArunachala
dharma_swarm.chetana.extractors.markitdown_ext	dharma_swarm/chetana/extractors/markitdown_ext.py	73	within_budget	1	0	0.00024904	195	1	0	@AmitabhainArunachala
dharma_swarm.chetana.extractors.session	dharma_swarm/chetana/extractors/session.py	66	within_budget	1	0	0.00024904	196	1	0	@AmitabhainArunachala
dharma_swarm.chetana.extractors.webclip	dharma_swarm/chetana/extractors/webclip.py	52	within_budget	1	0	0.00024904	197	1	0	@AmitabhainArunachala
dharma_swarm.chetana.gap_scan	dharma_swarm/chetana/gap_scan.py	208	within_budget	5	2	0.00028555	198	1	0	@AmitabhainArunachala
dharma_swarm.chetana.governance	dharma_swarm/chetana/governance.py	322	within_budget	7	3	0.00125399	199	1	0	@AmitabhainArunachala
dharma_swarm.chetana.graph_unifier	dharma_swarm/chetana/graph_unifier.py	332	within_budget	3	2	0.00023925	200	1	0	@AmitabhainArunachala
dharma_swarm.chetana.ingest	dharma_swarm/chetana/ingest.py	297	within_budget	11	5	0.00050604	201	1	0	@AmitabhainArunachala
dharma_swarm.chetana.manifest	dharma_swarm/chetana/manifest.py	318	within_budget	9	2	0.00116281	202	1	0	@AmitabhainArunachala
dharma_swarm.chetana.mcp_server	dharma_swarm/chetana/mcp_server.py	540	within_budget	3	10	0.00023459	203	1	0	@AmitabhainArunachala
dharma_swarm.chetana.palace	dharma_swarm/chetana/palace.py	194	within_budget	5	2	0.00027314	204	1	0	@AmitabhainArunachala
dharma_swarm.chetana.promote	dharma_swarm/chetana/promote.py	447	within_budget	11	8	0.00050604	205	1	0	@AmitabhainArunachala
dharma_swarm.chetana.promote_support	dharma_swarm/chetana/promote_support.py	121	within_budget	1	6	0.00022883	206	1	0	@AmitabhainArunachala
dharma_swarm.chetana.provenance	dharma_swarm/chetana/provenance.py	538	within_budget	20	0	0.00291467	207	1	0	@AmitabhainArunachala
dharma_swarm.chetana.revival	dharma_swarm/chetana/revival.py	500	within_budget	7	4	0.00051913	208	1	0	@AmitabhainArunachala
dharma_swarm.chetana.staging	dharma_swarm/chetana/staging.py	155	within_budget	17	2	0.00124986	209	1	0	@AmitabhainArunachala
dharma_swarm.chetana.stigmergy_emit	dharma_swarm/chetana/stigmergy_emit.py	94	within_budget	4	1	0.00044643	210	1	0	@AmitabhainArunachala
dharma_swarm.chetana.tests	dharma_swarm/chetana/tests/__init__.py	0	within_budget	0	0	0.00017506	211	1	0	@AmitabhainArunachala
dharma_swarm.chetana.tests.conftest	dharma_swarm/chetana/tests/conftest.py	76	within_budget	0	9	0.00017506	212	1	0	@AmitabhainArunachala
dharma_swarm.chetana.tests.test_decay	dharma_swarm/chetana/tests/test_decay.py	67	within_budget	0	3	0.00017506	213	1	0	@AmitabhainArunachala
dharma_swarm.chetana.tests.test_e2e_cli	dharma_swarm/chetana/tests/test_e2e_cli.py	224	within_budget	0	1	0.00017506	214	1	0	@AmitabhainArunachala
dharma_swarm.chetana.tests.test_gap_scan	dharma_swarm/chetana/tests/test_gap_scan.py	46	within_budget	0	3	0.00017506	215	1	0	@AmitabhainArunachala
dharma_swarm.chetana.tests.test_governance	dharma_swarm/chetana/tests/test_governance.py	52	within_budget	0	1	0.00017506	216	1	0	@AmitabhainArunachala
dharma_swarm.chetana.tests.test_graph_unifier	dharma_swarm/chetana/tests/test_graph_unifier.py	186	within_budget	0	5	0.00017506	217	1	0	@AmitabhainArunachala
dharma_swarm.chetana.tests.test_ingest_promote	dharma_swarm/chetana/tests/test_ingest_promote.py	174	within_budget	0	3	0.00017506	218	1	0	@AmitabhainArunachala
dharma_swarm.chetana.tests.test_mcp_and_palace	dharma_swarm/chetana/tests/test_mcp_and_palace.py	148	within_budget	0	4	0.00017506	219	1	0	@AmitabhainArunachala
dharma_swarm.chetana.tests.test_provenance	dharma_swarm/chetana/tests/test_provenance.py	215	within_budget	0	1	0.00017506	220	1	0	@AmitabhainArunachala
dharma_swarm.chetana.tests.test_real_gates	dharma_swarm/chetana/tests/test_real_gates.py	110	within_budget	0	4	0.00017506	221	1	0	@AmitabhainArunachala
dharma_swarm.chetana.tests.test_revival	dharma_swarm/chetana/tests/test_revival.py	191	within_budget	0	4	0.00017506	222	1	0	@AmitabhainArunachala
dharma_swarm.chetana.tests.test_stigmergy_emit	dharma_swarm/chetana/tests/test_stigmergy_emit.py	193	within_budget	0	7	0.00017506	223	1	0	@AmitabhainArunachala
dharma_swarm.chetana.wiki_log	dharma_swarm/chetana/wiki_log.py	33	within_budget	3	2	0.00036656	224	1	0	@AmitabhainArunachala
dharma_swarm.citation_index	dharma_swarm/citation_index.py	320	within_budget	2	1	0.00047267	225	1	0	@AmitabhainArunachala
dharma_swarm.claim_graph	dharma_swarm/claim_graph.py	169	within_budget	7	2	0.00070713	226	1	0	@AmitabhainArunachala
dharma_swarm.claude_cli	dharma_swarm/claude_cli.py	141	within_budget	4	0	0.00041899	227	1	0	@AmitabhainArunachala
dharma_swarm.claude_hooks	dharma_swarm/claude_hooks.py	252	within_budget	4	5	0.00040128	228	1	0	@AmitabhainArunachala
dharma_swarm.cli	dharma_swarm/cli.py	629	within_budget	1	5	0.00032387	229	1	0	@AmitabhainArunachala
dharma_swarm.coalgebra	dharma_swarm/coalgebra.py	536	within_budget	5	1	0.00037290	230	1	0	@AmitabhainArunachala
dharma_swarm.coalgebra_dseintegrator_dse_integration	dharma_swarm/coalgebra_dseintegrator_dse_integration.py	209	within_budget	0	4	0.00017506	231	1	0	@AmitabhainArunachala
dharma_swarm.codex_cli	dharma_swarm/codex_cli.py	40	within_budget	7	0	0.00120550	232	1	0	@AmitabhainArunachala # blast=159
dharma_swarm.codex_overnight	dharma_swarm/codex_overnight.py	667	within_budget	3	2	0.00061032	233	1	0	@AmitabhainArunachala
dharma_swarm.cohomology_cechcohomology_to_sheaf_coord	dharma_swarm/cohomology_cechcohomology_to_sheaf_coord.py	133	within_budget	2	1	0.00035472	234	1	0	@AmitabhainArunachala
dharma_swarm.concept_blast_radius	dharma_swarm/concept_blast_radius.py	368	within_budget	4	4	0.00045812	235	1	0	@AmitabhainArunachala # blast=182
dharma_swarm.concept_parser	dharma_swarm/concept_parser.py	568	within_budget	3	0	0.00037922	236	1	0	@AmitabhainArunachala # blast=182
dharma_swarm.conductors	dharma_swarm/conductors.py	91	within_budget	4	4	0.00028221	237	1	0	@AmitabhainArunachala
dharma_swarm.config	dharma_swarm/config.py	215	within_budget	8	0	0.00053112	238	1	0	@AmitabhainArunachala
dharma_swarm.connectors	dharma_swarm/connectors/__init__.py	1	within_budget	0	0	0.00017506	239	1	0	@AmitabhainArunachala
dharma_swarm.connectors.sab_client	dharma_swarm/connectors/sab_client.py	177	within_budget	1	0	0.00032387	240	1	0	@AmitabhainArunachala
dharma_swarm.consistency_guard	dharma_swarm/consistency_guard.py	101	within_budget	2	1	0.00028571	5	4	0	@AmitabhainArunachala
dharma_swarm.consolidation	dharma_swarm/consolidation.py	1049	over_budget	3	8	0.00024175	241	1	0	@AmitabhainArunachala
dharma_swarm.constitutional_size_check	dharma_swarm/constitutional_size_check.py	117	within_budget	2	1	0.00032951	242	1	0	@AmitabhainArunachala
dharma_swarm.context	dharma_swarm/context.py	1534	over_budget	21	12	0.00203751	2	9	0	@AmitabhainArunachala
dharma_swarm.context_agent	dharma_swarm/context_agent.py	993	within_budget	3	6	0.00029231	243	1	0	@AmitabhainArunachala
dharma_swarm.context_compiler	dharma_swarm/context_compiler.py	1024	grandfathered	10	7	0.00071108	244	1	0	@AmitabhainArunachala
dharma_swarm.context_compiler_utils	dharma_swarm/context_compiler_utils.py	87	within_budget	2	1	0.00036094	245	1	0	@AmitabhainArunachala
dharma_swarm.context_search	dharma_swarm/context_search.py	265	within_budget	4	1	0.00039482	246	1	0	@AmitabhainArunachala
dharma_swarm.continuity_harness	dharma_swarm/continuity_harness.py	132	within_budget	4	0	0.00119072	247	1	0	@AmitabhainArunachala
dharma_swarm.contracts	dharma_swarm/contracts/__init__.py	74	within_budget	6	5	0.00049109	248	1	0	@AmitabhainArunachala
dharma_swarm.contracts.common	dharma_swarm/contracts/common.py	142	within_budget	12	0	0.00122846	249	1	0	@AmitabhainArunachala
dharma_swarm.contracts.intelligence	dharma_swarm/contracts/intelligence.py	130	within_budget	4	1	0.00036930	250	1	0	@AmitabhainArunachala
dharma_swarm.contracts.intelligence_adapters	dharma_swarm/contracts/intelligence_adapters.py	1021	over_budget	3	6	0.00027642	251	1	0	@AmitabhainArunachala
dharma_swarm.contracts.intelligence_agents	dharma_swarm/contracts/intelligence_agents.py	648	within_budget	3	4	0.00024746	252	1	0	@AmitabhainArunachala
dharma_swarm.contracts.intelligence_evaluation_services	dharma_swarm/contracts/intelligence_evaluation_services.py	1184	over_budget	3	8	0.00039456	253	1	0	@AmitabhainArunachala
dharma_swarm.contracts.intelligence_kaizenops	dharma_swarm/contracts/intelligence_kaizenops.py	103	within_budget	2	2	0.00024193	254	1	0	@AmitabhainArunachala
dharma_swarm.contracts.intelligence_stack	dharma_swarm/contracts/intelligence_stack.py	263	within_budget	3	8	0.00027923	255	1	0	@AmitabhainArunachala
dharma_swarm.contracts.intelligence_telemetry	dharma_swarm/contracts/intelligence_telemetry.py	165	within_budget	1	2	0.00020473	256	1	0	@AmitabhainArunachala
dharma_swarm.contracts.runtime	dharma_swarm/contracts/runtime.py	111	within_budget	4	1	0.00038295	257	1	0	@AmitabhainArunachala
dharma_swarm.contracts.runtime_adapters	dharma_swarm/contracts/runtime_adapters.py	1182	over_budget	3	7	0.00030854	258	1	0	@AmitabhainArunachala
dharma_swarm.contracts.runtime_factory	dharma_swarm/contracts/runtime_factory.py	156	within_budget	1	7	0.00025855	259	1	0	@AmitabhainArunachala
dharma_swarm.contradiction_registry	dharma_swarm/contradiction_registry.py	217	within_budget	2	1	0.00047267	260	1	0	@AmitabhainArunachala
dharma_swarm.convergence	dharma_swarm/convergence.py	82	within_budget	3	0	0.00040320	261	1	0	@AmitabhainArunachala
dharma_swarm.conversation_distiller	dharma_swarm/conversation_distiller.py	440	within_budget	2	0	0.00036510	262	1	0	@AmitabhainArunachala
dharma_swarm.conversation_log	dharma_swarm/conversation_log.py	237	within_budget	7	0	0.00050593	263	1	0	@AmitabhainArunachala
dharma_swarm.conversation_store	dharma_swarm/conversation_store.py	19	within_budget	3	0	0.00041296	264	1	0	@AmitabhainArunachala
dharma_swarm.coordination	dharma_swarm/coordination/__init__.py	13	within_budget	0	1	0.00017506	265	1	0	@AmitabhainArunachala
dharma_swarm.coordination.arena	dharma_swarm/coordination/arena/__init__.py	35	within_budget	3	6	0.00029552	266	1	0	@AmitabhainArunachala
dharma_swarm.coordination.arena.corpus	dharma_swarm/coordination/arena/corpus.py	91	within_budget	3	3	0.00029629	267	1	0	@AmitabhainArunachala
dharma_swarm.coordination.arena.curator	dharma_swarm/coordination/arena/curator.py	49	within_budget	2	1	0.00023819	268	1	0	@AmitabhainArunachala
dharma_swarm.coordination.arena.fixtures	dharma_swarm/coordination/arena/fixtures.py	154	within_budget	5	1	0.00058125	269	1	0	@AmitabhainArunachala
dharma_swarm.coordination.arena.live_pool	dharma_swarm/coordination/arena/live_pool.py	367	within_budget	2	2	0.00022818	270	1	0	@AmitabhainArunachala
dharma_swarm.coordination.arena.measure	dharma_swarm/coordination/arena/measure.py	476	within_budget	1	6	0.00019986	271	1	0	@AmitabhainArunachala
dharma_swarm.coordination.arena.runner	dharma_swarm/coordination/arena/runner.py	762	within_budget	7	6	0.00056413	272	1	0	@AmitabhainArunachala
dharma_swarm.coordination.arena.scorer	dharma_swarm/coordination/arena/scorer.py	67	within_budget	4	1	0.00040206	273	1	0	@AmitabhainArunachala
dharma_swarm.coordination.arena.taskpack	dharma_swarm/coordination/arena/taskpack.py	155	within_budget	8	0	0.00141446	274	1	0	@AmitabhainArunachala
dharma_swarm.coordination.dpi	dharma_swarm/coordination/dpi.py	127	within_budget	2	0	0.00040379	275	1	0	@AmitabhainArunachala
dharma_swarm.coordination.genome	dharma_swarm/coordination/genome.py	486	within_budget	9	1	0.00093488	276	1	0	@AmitabhainArunachala
dharma_swarm.coordination.orchestrator_v1	dharma_swarm/coordination/orchestrator_v1.py	279	within_budget	5	3	0.00056158	277	1	0	@AmitabhainArunachala
dharma_swarm.coordination.panel_diversity	dharma_swarm/coordination/panel_diversity.py	250	within_budget	1	2	0.00024947	278	1	0	@AmitabhainArunachala
dharma_swarm.correlation_context	dharma_swarm/correlation_context.py	163	within_budget	29	0	0.01045546	279	1	0	@AmitabhainArunachala # blast=386
dharma_swarm.cost_tracker	dharma_swarm/cost_tracker.py	160	within_budget	5	1	0.00091501	280	1	0	@AmitabhainArunachala # blast=160
dharma_swarm.council	dharma_swarm/council/__init__.py	31	within_budget	5	2	0.00052425	281	1	0	@AmitabhainArunachala
dharma_swarm.council.council	dharma_swarm/council/council.py	229	within_budget	2	1	0.00047227	282	1	0	@AmitabhainArunachala
dharma_swarm.council.invariants	dharma_swarm/council/invariants.py	59	within_budget	2	0	0.00079930	283	1	0	@AmitabhainArunachala
dharma_swarm.cron_algedonic_handlers	dharma_swarm/cron_algedonic_handlers.py	127	within_budget	1	1	0.00019193	284	1	0	@AmitabhainArunachala
dharma_swarm.cron_daemon	dharma_swarm/cron_daemon.py	136	within_budget	2	3	0.00023121	285	1	0	@AmitabhainArunachala
dharma_swarm.cron_job_runtime	dharma_swarm/cron_job_runtime.py	187	within_budget	8	0	0.00074798	286	1	0	@AmitabhainArunachala
dharma_swarm.cron_portable_context	dharma_swarm/cron_portable_context.py	300	within_budget	2	1	0.00026633	287	1	0	@AmitabhainArunachala
dharma_swarm.cron_runner	dharma_swarm/cron_runner.py	969	within_budget	9	30	0.00059532	288	1	0	@AmitabhainArunachala
dharma_swarm.cron_scheduler	dharma_swarm/cron_scheduler.py	448	within_budget	18	1	0.00111324	289	1	0	@AmitabhainArunachala
dharma_swarm.cron_signal_deep_sweep	dharma_swarm/cron_signal_deep_sweep.py	146	within_budget	1	3	0.00019193	290	1	0	@AmitabhainArunachala
dharma_swarm.curriculum_engine	dharma_swarm/curriculum_engine.py	269	within_budget	2	0	0.00027271	291	1	0	@AmitabhainArunachala
dharma_swarm.custodians	dharma_swarm/custodians.py	954	within_budget	5	7	0.00037394	7	3	0	@AmitabhainArunachala
dharma_swarm.cybernetics_codex	dharma_swarm/cybernetics_codex.py	1436	over_budget	9	3	0.00091661	292	1	0	@AmitabhainArunachala
dharma_swarm.cybernetics_codex_format	dharma_swarm/cybernetics_codex_format.py	234	within_budget	5	0	0.00034043	293	1	0	@AmitabhainArunachala
dharma_swarm.cybernetics_codex_registration	dharma_swarm/cybernetics_codex_registration.py	99	within_budget	2	2	0.00027427	294	1	0	@AmitabhainArunachala
dharma_swarm.daemon_config	dharma_swarm/daemon_config.py	325	within_budget	172	0	0.03157917	295	1	0	@AmitabhainArunachala # blast=411
dharma_swarm.dag_executor	dharma_swarm/dag_executor.py	303	within_budget	2	1	0.00027431	296	1	0	@AmitabhainArunachala
dharma_swarm.daily_operating_brief	dharma_swarm/daily_operating_brief.py	682	within_budget	3	1	0.00047267	297	1	0	@AmitabhainArunachala
dharma_swarm.damper	dharma_swarm/damper.py	266	within_budget	2	0	0.00033531	298	1	0	@AmitabhainArunachala
dharma_swarm.dataset_builder	dharma_swarm/dataset_builder.py	364	within_budget	4	1	0.00042538	299	1	0	@AmitabhainArunachala
dharma_swarm.decision_ontology	dharma_swarm/decision_ontology.py	537	within_budget	2	2	0.00027431	300	1	0	@AmitabhainArunachala
dharma_swarm.decision_router	dharma_swarm/decision_router.py	323	within_budget	14	0	0.00112562	301	1	0	@AmitabhainArunachala # blast=157
dharma_swarm.dgc_cli	dharma_swarm/dgc_cli.py	2343	grandfathered	11	36	0.00108171	302	1	0	@AmitabhainArunachala
dharma_swarm.dgm_loop	dharma_swarm/dgm_loop.py	881	within_budget	2	5	0.00061302	303	1	0	@AmitabhainArunachala
dharma_swarm.dharma_attractor	dharma_swarm/dharma_attractor.py	484	within_budget	6	3	0.00052314	0	10	0	@AmitabhainArunachala # blast=182
dharma_swarm.dharma_context_mcp	dharma_swarm/dharma_context_mcp.py	1197	over_budget	0	6	0.00017506	304	1	0	@AmitabhainArunachala
dharma_swarm.dharma_corpus	dharma_swarm/dharma_corpus.py	416	within_budget	21	1	0.00166799	305	1	0	@AmitabhainArunachala
dharma_swarm.dharma_kernel	dharma_swarm/dharma_kernel.py	427	within_budget	25	1	0.00155877	306	1	0	@AmitabhainArunachala
dharma_swarm.dhyana	dharma_swarm/dhyana/__init__.py	25	within_budget	0	1	0.00017506	307	1	0	@AmitabhainArunachala
dharma_swarm.dhyana.drift_triage	dharma_swarm/dhyana/drift_triage.py	178	within_budget	2	1	0.00047267	308	1	0	@AmitabhainArunachala
dharma_swarm.diff_applier	dharma_swarm/diff_applier.py	498	within_budget	9	5	0.00119975	309	1	0	@AmitabhainArunachala
dharma_swarm.diversity_archive	dharma_swarm/diversity_archive.py	61	within_budget	1	1	0.00022467	310	1	0	@AmitabhainArunachala
dharma_swarm.docker_sandbox	dharma_swarm/docker_sandbox.py	392	within_budget	4	3	0.00076231	12	2	0	@AmitabhainArunachala
dharma_swarm.doctor	dharma_swarm/doctor.py	1591	over_budget	5	10	0.00044175	311	1	0	@AmitabhainArunachala
dharma_swarm.dogma_gate	dharma_swarm/dogma_gate.py	78	within_budget	3	1	0.00056557	312	1	0	@AmitabhainArunachala # blast=182
dharma_swarm.dse_integration	dharma_swarm/dse_integration.py	1094	over_budget	4	12	0.00034215	3	7	0	@AmitabhainArunachala
dharma_swarm.dual_audit	dharma_swarm/dual_audit.py	312	within_budget	1	1	0.00032387	313	1	0	@AmitabhainArunachala
dharma_swarm.dynamic_correction	dharma_swarm/dynamic_correction.py	652	within_budget	4	0	0.00036930	314	1	0	@AmitabhainArunachala # blast=182
dharma_swarm.ecc_eval_harness	dharma_swarm/ecc_eval_harness.py	872	within_budget	9	14	0.00074583	315	1	0	@AmitabhainArunachala
dharma_swarm.economic_agent	dharma_swarm/economic_agent.py	541	within_budget	1	7	0.00032387	316	1	0	@AmitabhainArunachala
dharma_swarm.economic_engine	dharma_swarm/economic_engine.py	377	within_budget	9	1	0.00107687	317	1	0	@AmitabhainArunachala # blast=189
dharma_swarm.economic_fitness	dharma_swarm/economic_fitness.py	209	within_budget	3	0	0.00060475	318	1	0	@AmitabhainArunachala
dharma_swarm.economic_spine	dharma_swarm/economic_spine.py	592	within_budget	5	0	0.00039055	319	1	0	@AmitabhainArunachala # blast=182
dharma_swarm.ecosystem_bridge	dharma_swarm/ecosystem_bridge.py	170	within_budget	5	0	0.00042009	320	1	0	@AmitabhainArunachala
dharma_swarm.ecosystem_index	dharma_swarm/ecosystem_index.py	449	within_budget	1	0	0.00032387	321	1	0	@AmitabhainArunachala
dharma_swarm.ecosystem_map	dharma_swarm/ecosystem_map.py	216	within_budget	7	0	0.00101292	322	1	0	@AmitabhainArunachala
dharma_swarm.elegance	dharma_swarm/elegance.py	345	within_budget	10	0	0.00108705	323	1	0	@AmitabhainArunachala
dharma_swarm.embedders	dharma_swarm/embedders.py	325	within_budget	1	0	0.00113136	324	1	0	@AmitabhainArunachala # blast=189
dharma_swarm.engine	dharma_swarm/engine/__init__.py	74	within_budget	0	13	0.00017506	325	1	0	@AmitabhainArunachala
dharma_swarm.engine.adapters	dharma_swarm/engine/adapters/__init__.py	17	within_budget	0	1	0.00017506	326	1	0	@AmitabhainArunachala
dharma_swarm.engine.adapters.base	dharma_swarm/engine/adapters/base.py	68	within_budget	5	1	0.00055967	327	1	0	@AmitabhainArunachala
dharma_swarm.engine.artifacts	dharma_swarm/engine/artifacts.py	171	within_budget	6	0	0.00060593	328	1	0	@AmitabhainArunachala
dharma_swarm.engine.chunker	dharma_swarm/engine/chunker.py	100	within_budget	3	0	0.00059640	329	1	0	@AmitabhainArunachala
dharma_swarm.engine.conversation_memory	dharma_swarm/engine/conversation_memory.py	696	within_budget	11	3	0.00070440	330	1	0	@AmitabhainArunachala
dharma_swarm.engine.event_memory	dharma_swarm/engine/event_memory.py	371	within_budget	18	2	0.00434312	331	1	0	@AmitabhainArunachala # blast=266
dharma_swarm.engine.events	dharma_swarm/engine/events.py	106	within_budget	9	0	0.00141333	332	1	0	@AmitabhainArunachala
dharma_swarm.engine.hybrid_retriever	dharma_swarm/engine/hybrid_retriever.py	353	within_budget	9	3	0.00092328	13	2	0	@AmitabhainArunachala
dharma_swarm.engine.knowledge_store	dharma_swarm/engine/knowledge_store.py	277	within_budget	10	0	0.00344717	333	1	0	@AmitabhainArunachala # blast=267
dharma_swarm.engine.provenance	dharma_swarm/engine/provenance.py	112	within_budget	4	1	0.00034119	334	1	0	@AmitabhainArunachala
dharma_swarm.engine.provider_runner	dharma_swarm/engine/provider_runner.py	42	within_budget	2	2	0.00023611	335	1	0	@AmitabhainArunachala
dharma_swarm.engine.retrieval_feedback	dharma_swarm/engine/retrieval_feedback.py	519	within_budget	8	3	0.00085956	13	2	0	@AmitabhainArunachala
dharma_swarm.engine.settings	dharma_swarm/engine/settings.py	35	within_budget	2	0	0.00033531	336	1	0	@AmitabhainArunachala
dharma_swarm.engine.store_sync	dharma_swarm/engine/store_sync.py	163	within_budget	4	3	0.00023823	337	1	0	@AmitabhainArunachala
dharma_swarm.engine.unified_index	dharma_swarm/engine/unified_index.py	403	within_budget	12	3	0.00118408	338	1	0	@AmitabhainArunachala
dharma_swarm.episode_ledger	dharma_swarm/episode_ledger.py	500	within_budget	4	0	0.00063636	339	1	0	@AmitabhainArunachala
dharma_swarm.epistemic_telemetry	dharma_swarm/epistemic_telemetry.py	410	within_budget	2	1	0.00040734	340	1	0	@AmitabhainArunachala
dharma_swarm.eval_trace	dharma_swarm/eval_trace.py	111	within_budget	3	0	0.00041875	341	1	0	@AmitabhainArunachala
dharma_swarm.evaluation_registry	dharma_swarm/evaluation_registry.py	1431	over_budget	6	8	0.00036102	342	1	0	@AmitabhainArunachala
dharma_swarm.evaluator	dharma_swarm/evaluator.py	497	within_budget	5	6	0.00058924	343	1	0	@AmitabhainArunachala
dharma_swarm.event_log	dharma_swarm/event_log.py	163	within_budget	8	2	0.00149634	344	1	0	@AmitabhainArunachala
dharma_swarm.evolution	dharma_swarm/evolution.py	3680	grandfathered	47	33	0.00263545	3	7	0	@AmitabhainArunachala
dharma_swarm.evolution_roster	dharma_swarm/evolution_roster.py	866	within_budget	8	3	0.00151161	8	3	0	@AmitabhainArunachala # blast=174
dharma_swarm.evolution_safety	dharma_swarm/evolution_safety.py	373	within_budget	9	1	0.00324941	14	2	0	@AmitabhainArunachala
dharma_swarm.evolution_safety_runtime	dharma_swarm/evolution_safety_runtime.py	317	within_budget	1	1	0.00293713	14	2	0	@AmitabhainArunachala
dharma_swarm.execution_profile	dharma_swarm/execution_profile.py	236	within_budget	8	0	0.00265223	345	1	0	@AmitabhainArunachala # blast=298
dharma_swarm.experiment_log	dharma_swarm/experiment_log.py	87	within_budget	6	3	0.00058846	346	1	0	@AmitabhainArunachala
dharma_swarm.experiment_memory	dharma_swarm/experiment_memory.py	297	within_budget	3	2	0.00037012	347	1	0	@AmitabhainArunachala
dharma_swarm.external_agent_registration	dharma_swarm/external_agent_registration.py	545	within_budget	5	5	0.00170086	348	1	0	@AmitabhainArunachala
dharma_swarm.field_graph	dharma_swarm/field_graph.py	405	within_budget	4	2	0.00047456	349	1	0	@AmitabhainArunachala
dharma_swarm.field_knowledge_base	dharma_swarm/field_knowledge_base.py	810	within_budget	7	0	0.00097386	350	1	0	@AmitabhainArunachala
dharma_swarm.file_lock	dharma_swarm/file_lock.py	389	within_budget	2	0	0.00033450	351	1	0	@AmitabhainArunachala
dharma_swarm.fitness_predictor	dharma_swarm/fitness_predictor.py	256	within_budget	7	0	0.00050920	352	1	0	@AmitabhainArunachala
dharma_swarm.flywheel_exporter	dharma_swarm/flywheel_exporter.py	688	within_budget	2	6	0.00023324	353	1	0	@AmitabhainArunachala
dharma_swarm.foreman	dharma_swarm/foreman.py	697	within_budget	6	5	0.00043664	7	3	0	@AmitabhainArunachala
dharma_swarm.forge_lab	dharma_swarm/forge_lab/__init__.py	9	within_budget	3	0	0.00026953	354	1	0	@AmitabhainArunachala
dharma_swarm.forge_lab.__main__	dharma_swarm/forge_lab/__main__.py	3	within_budget	0	1	0.00017506	355	1	0	@AmitabhainArunachala
dharma_swarm.forge_lab.candidate_store	dharma_swarm/forge_lab/candidate_store.py	169	within_budget	2	2	0.00021993	356	1	0	@AmitabhainArunachala
dharma_swarm.forge_lab.cli	dharma_swarm/forge_lab/cli.py	76	within_budget	1	1	0.00032387	357	1	0	@AmitabhainArunachala
dharma_swarm.forge_lab.experiment	dharma_swarm/forge_lab/experiment.py	483	within_budget	2	15	0.00049995	358	1	0	@AmitabhainArunachala
dharma_swarm.forge_lab.freeform_explore	dharma_swarm/forge_lab/freeform_explore.py	192	within_budget	4	0	0.00046220	359	1	0	@AmitabhainArunachala
dharma_swarm.forge_lab.genome_spec	dharma_swarm/forge_lab/genome_spec.py	87	within_budget	2	0	0.00021993	360	1	0	@AmitabhainArunachala
dharma_swarm.forge_lab.grade_explore	dharma_swarm/forge_lab/grade_explore.py	160	within_budget	3	6	0.00026953	361	1	0	@AmitabhainArunachala
dharma_swarm.forge_lab.ids	dharma_swarm/forge_lab/ids.py	38	within_budget	2	0	0.00021993	362	1	0	@AmitabhainArunachala
dharma_swarm.forge_lab.mutation	dharma_swarm/forge_lab/mutation.py	169	within_budget	2	0	0.00021993	363	1	0	@AmitabhainArunachala
dharma_swarm.forge_lab.run_receipts	dharma_swarm/forge_lab/run_receipts.py	220	within_budget	1	0	0.00020339	364	1	0	@AmitabhainArunachala
dharma_swarm.forge_lab.selection	dharma_swarm/forge_lab/selection.py	47	within_budget	2	0	0.00021993	365	1	0	@AmitabhainArunachala
dharma_swarm.forge_lab.worktree	dharma_swarm/forge_lab/worktree.py	125	within_budget	1	1	0.00020339	366	1	0	@AmitabhainArunachala
dharma_swarm.forge_prod_contracts	dharma_swarm/forge_prod_contracts/__init__.py	24	within_budget	0	2	0.00017506	367	1	0	@AmitabhainArunachala
dharma_swarm.forge_prod_contracts.cli	dharma_swarm/forge_prod_contracts/cli.py	51	within_budget	0	3	0.00017506	368	1	0	@AmitabhainArunachala
dharma_swarm.forge_prod_contracts.receipts	dharma_swarm/forge_prod_contracts/receipts.py	112	within_budget	2	2	0.00027427	369	1	0	@AmitabhainArunachala
dharma_swarm.forge_prod_contracts.scoreboard	dharma_swarm/forge_prod_contracts/scoreboard.py	307	within_budget	4	1	0.00046523	370	1	0	@AmitabhainArunachala
dharma_swarm.forge_prod_contracts.taskbed	dharma_swarm/forge_prod_contracts/taskbed.py	266	within_budget	5	0	0.00086068	371	1	0	@AmitabhainArunachala
dharma_swarm.forge_v1	dharma_swarm/forge_v1/__init__.py	30	within_budget	1	2	0.00024947	372	1	0	@AmitabhainArunachala
dharma_swarm.forge_v1.autoloop	dharma_swarm/forge_v1/autoloop.py	438	within_budget	3	10	0.00044498	15	2	0	@AmitabhainArunachala
dharma_swarm.forge_v1.autoloop_context	dharma_swarm/forge_v1/autoloop_context.py	62	within_budget	1	2	0.00021289	373	1	0	@AmitabhainArunachala
dharma_swarm.forge_v1.autoloop_matrix	dharma_swarm/forge_v1/autoloop_matrix.py	172	within_budget	2	1	0.00024265	15	2	0	@AmitabhainArunachala
dharma_swarm.forge_v1.canonical	dharma_swarm/forge_v1/canonical.py	505	within_budget	4	11	0.00056107	374	1	0	@AmitabhainArunachala
dharma_swarm.forge_v1.canonical_report	dharma_swarm/forge_v1/canonical_report.py	49	within_budget	1	0	0.00021842	375	1	0	@AmitabhainArunachala
dharma_swarm.forge_v1.coding_swarm	dharma_swarm/forge_v1/coding_swarm.py	167	within_budget	1	1	0.00024947	376	1	0	@AmitabhainArunachala
dharma_swarm.forge_v1.coding_swarm_demo	dharma_swarm/forge_v1/coding_swarm_demo.py	94	within_budget	0	2	0.00017506	377	1	0	@AmitabhainArunachala
dharma_swarm.forge_v1.demo	dharma_swarm/forge_v1/demo.py	42	within_budget	0	3	0.00017506	378	1	0	@AmitabhainArunachala
dharma_swarm.forge_v1.demo_full	dharma_swarm/forge_v1/demo_full.py	64	within_budget	0	5	0.00017506	379	1	0	@AmitabhainArunachala
dharma_swarm.forge_v1.evolution	dharma_swarm/forge_v1/evolution.py	100	within_budget	2	2	0.00022963	380	1	0	@AmitabhainArunachala
dharma_swarm.forge_v1.fixtures	dharma_swarm/forge_v1/fixtures.py	47	within_budget	5	1	0.00037099	381	1	0	@AmitabhainArunachala
dharma_swarm.forge_v1.forge_v2	dharma_swarm/forge_v1/forge_v2/__init__.py	18	within_budget	15	0	0.00114216	382	1	0	@AmitabhainArunachala
dharma_swarm.forge_v1.forge_v2.arms	dharma_swarm/forge_v1/forge_v2/arms.py	124	within_budget	3	2	0.00025482	383	1	0	@AmitabhainArunachala
dharma_swarm.forge_v1.forge_v2.budget	dharma_swarm/forge_v1/forge_v2/budget.py	71	within_budget	4	0	0.00036311	384	1	0	@AmitabhainArunachala
dharma_swarm.forge_v1.forge_v2.critic	dharma_swarm/forge_v1/forge_v2/critic.py	68	within_budget	2	1	0.00023508	385	1	0	@AmitabhainArunachala
dharma_swarm.forge_v1.forge_v2.fresh_task_oracle	dharma_swarm/forge_v1/forge_v2/fresh_task_oracle.py	301	within_budget	7	3	0.00092570	386	1	0	@AmitabhainArunachala
dharma_swarm.forge_v1.forge_v2.pr_suite_context	dharma_swarm/forge_v1/forge_v2/pr_suite_context.py	92	within_budget	1	3	0.00025970	16	2	0	@AmitabhainArunachala
dharma_swarm.forge_v1.forge_v2.pr_suite_grader	dharma_swarm/forge_v1/forge_v2/pr_suite_grader.py	464	within_budget	3	3	0.00029872	16	2	0	@AmitabhainArunachala
dharma_swarm.forge_v1.forge_v2.pr_suite_harvest_loop	dharma_swarm/forge_v1/forge_v2/pr_suite_harvest_loop.py	499	within_budget	3	5	0.00047054	17	2	0	@AmitabhainArunachala
dharma_swarm.forge_v1.forge_v2.pr_suite_harvest_loop_cli	dharma_swarm/forge_v1/forge_v2/pr_suite_harvest_loop_cli.py	103	within_budget	1	3	0.00025506	17	2	0	@AmitabhainArunachala
dharma_swarm.forge_v1.forge_v2.pr_suite_harvester	dharma_swarm/forge_v1/forge_v2/pr_suite_harvester.py	284	within_budget	2	1	0.00037347	387	1	0	@AmitabhainArunachala
dharma_swarm.forge_v1.forge_v2.pr_suite_validator	dharma_swarm/forge_v1/forge_v2/pr_suite_validator.py	372	within_budget	2	3	0.00037347	388	1	0	@AmitabhainArunachala
dharma_swarm.forge_v1.forge_v2.pr_suite_validator_runtime	dharma_swarm/forge_v1/forge_v2/pr_suite_validator_runtime.py	301	within_budget	1	1	0.00028088	389	1	0	@AmitabhainArunachala
dharma_swarm.forge_v1.forge_v2.promote	dharma_swarm/forge_v1/forge_v2/promote.py	245	within_budget	4	2	0.00035069	390	1	0	@AmitabhainArunachala
dharma_swarm.forge_v1.forge_v2.provenance	dharma_swarm/forge_v1/forge_v2/provenance.py	79	within_budget	2	0	0.00021663	391	1	0	@AmitabhainArunachala
dharma_swarm.forge_v1.forge_v2.receipts	dharma_swarm/forge_v1/forge_v2/receipts.py	87	within_budget	2	0	0.00021663	392	1	0	@AmitabhainArunachala
dharma_swarm.forge_v1.forge_v2.runner	dharma_swarm/forge_v1/forge_v2/runner.py	322	within_budget	3	11	0.00026284	393	1	0	@AmitabhainArunachala
dharma_swarm.forge_v1.forge_v2.runner_slots	dharma_swarm/forge_v1/forge_v2/runner_slots.py	259	within_budget	2	5	0.00023356	394	1	0	@AmitabhainArunachala
dharma_swarm.forge_v1.forge_v2.signals	dharma_swarm/forge_v1/forge_v2/signals.py	336	within_budget	8	0	0.00099526	395	1	0	@AmitabhainArunachala
dharma_swarm.forge_v1.forge_v2.stats	dharma_swarm/forge_v1/forge_v2/stats.py	72	within_budget	3	0	0.00036568	396	1	0	@AmitabhainArunachala
dharma_swarm.forge_v1.forge_v2.taskbed_allocation	dharma_swarm/forge_v1/forge_v2/taskbed_allocation.py	307	within_budget	1	1	0.00041456	397	1	0	@AmitabhainArunachala
dharma_swarm.forge_v1.forge_v2.taskbed_ledger	dharma_swarm/forge_v1/forge_v2/taskbed_ledger.py	60	within_budget	8	3	0.00084528	398	1	0	@AmitabhainArunachala
dharma_swarm.forge_v1.forge_v2.taskbed_quality	dharma_swarm/forge_v1/forge_v2/taskbed_quality.py	331	within_budget	1	1	0.00041456	399	1	0	@AmitabhainArunachala
dharma_swarm.forge_v1.forge_v2.taskbed_store	dharma_swarm/forge_v1/forge_v2/taskbed_store.py	194	within_budget	3	1	0.00111931	400	1	0	@AmitabhainArunachala
dharma_swarm.forge_v1.forge_v2.verify_promotion	dharma_swarm/forge_v1/forge_v2/verify_promotion.py	432	within_budget	3	6	0.00030717	401	1	0	@AmitabhainArunachala
dharma_swarm.forge_v1.harness	dharma_swarm/forge_v1/harness.py	283	within_budget	19	0	0.00224222	402	1	0	@AmitabhainArunachala
dharma_swarm.forge_v1.models	dharma_swarm/forge_v1/models.py	48	within_budget	3	1	0.00036045	403	1	0	@AmitabhainArunachala
dharma_swarm.forge_v1.providers	dharma_swarm/forge_v1/providers.py	178	within_budget	9	5	0.00071981	404	1	0	@AmitabhainArunachala
dharma_swarm.forge_v1.run_real	dharma_swarm/forge_v1/run_real.py	264	within_budget	4	9	0.00043481	405	1	0	@AmitabhainArunachala
dharma_swarm.forge_v1.run_real_arms	dharma_swarm/forge_v1/run_real_arms.py	125	within_budget	1	3	0.00021613	406	1	0	@AmitabhainArunachala
dharma_swarm.forge_v1.run_real_patch	dharma_swarm/forge_v1/run_real_patch.py	204	within_budget	4	1	0.00041495	407	1	0	@AmitabhainArunachala
dharma_swarm.forge_v1.run_real_proposer	dharma_swarm/forge_v1/run_real_proposer.py	268	within_budget	2	3	0.00027737	408	1	0	@AmitabhainArunachala
dharma_swarm.forge_v1.smoke_live	dharma_swarm/forge_v1/smoke_live.py	48	within_budget	0	3	0.00017506	409	1	0	@AmitabhainArunachala
dharma_swarm.forge_v1.smoke_swebench	dharma_swarm/forge_v1/smoke_swebench.py	83	within_budget	0	1	0.00017506	410	1	0	@AmitabhainArunachala
dharma_swarm.forge_v1.swarm	dharma_swarm/forge_v1/swarm.py	99	within_budget	5	1	0.00046201	411	1	0	@AmitabhainArunachala
dharma_swarm.forge_v1.swebench	dharma_swarm/forge_v1/swebench.py	154	within_budget	2	1	0.00022963	412	1	0	@AmitabhainArunachala
dharma_swarm.forge_v1.swebench_real	dharma_swarm/forge_v1/swebench_real.py	317	within_budget	7	1	0.00098158	413	1	0	@AmitabhainArunachala
dharma_swarm.forge_v1.tracking	dharma_swarm/forge_v1/tracking.py	72	within_budget	2	2	0.00022963	414	1	0	@AmitabhainArunachala
dharma_swarm.fourfold_action_warrant	dharma_swarm/fourfold_action_warrant.py	263	within_budget	5	1	0.00053101	415	1	0	@AmitabhainArunachala
dharma_swarm.fractal	dharma_swarm/fractal/__init__.py	60	within_budget	1	5	0.00020482	416	1	0	@AmitabhainArunachala
dharma_swarm.fractal.fractal_room	dharma_swarm/fractal/fractal_room.py	784	within_budget	9	0	0.00100553	417	1	0	@AmitabhainArunachala
dharma_swarm.fractal.kaizen_review	dharma_swarm/fractal/kaizen_review.py	309	within_budget	2	0	0.00035869	418	1	0	@AmitabhainArunachala
dharma_swarm.fractal.room_bridge	dharma_swarm/fractal/room_bridge.py	490	within_budget	4	5	0.00026761	419	1	0	@AmitabhainArunachala
dharma_swarm.fractal.room_brief	dharma_swarm/fractal/room_brief.py	134	within_budget	3	1	0.00028187	420	1	0	@AmitabhainArunachala
dharma_swarm.fractal.room_configs	dharma_swarm/fractal/room_configs.py	188	within_budget	5	1	0.00031727	421	1	0	@AmitabhainArunachala
dharma_swarm.fractal.room_health	dharma_swarm/fractal/room_health.py	138	within_budget	4	2	0.00034344	5	4	0	@AmitabhainArunachala
dharma_swarm.free_fleet	dharma_swarm/free_fleet.py	455	within_budget	4	2	0.00036016	422	1	0	@AmitabhainArunachala
dharma_swarm.fs_substrate	dharma_swarm/fs_substrate/__init__.py	38	within_budget	1	1	0.00019986	423	1	0	@AmitabhainArunachala
dharma_swarm.fs_substrate.okf	dharma_swarm/fs_substrate/okf.py	269	within_budget	2	0	0.00034040	424	1	0	@AmitabhainArunachala
dharma_swarm.fs_substrate.organizer	dharma_swarm/fs_substrate/organizer.py	153	within_budget	2	0	0.00034040	425	1	0	@AmitabhainArunachala
dharma_swarm.fs_substrate.semantic_fs	dharma_swarm/fs_substrate/semantic_fs.py	146	within_budget	2	1	0.00034040	426	1	0	@AmitabhainArunachala
dharma_swarm.fs_substrate.stage_contracts	dharma_swarm/fs_substrate/stage_contracts.py	388	within_budget	4	1	0.00041694	427	1	0	@AmitabhainArunachala
dharma_swarm.fs_substrate.stage_executor	dharma_swarm/fs_substrate/stage_executor.py	240	within_budget	2	6	0.00021640	428	1	0	@AmitabhainArunachala
dharma_swarm.full_power_probe	dharma_swarm/full_power_probe.py	680	within_budget	3	1	0.00051039	429	1	0	@AmitabhainArunachala
dharma_swarm.gaia_fitness	dharma_swarm/gaia_fitness.py	265	within_budget	6	5	0.00047735	430	1	0	@AmitabhainArunachala
dharma_swarm.gaia_ledger	dharma_swarm/gaia_ledger.py	681	within_budget	13	0	0.00117342	431	1	0	@AmitabhainArunachala
dharma_swarm.gaia_platform	dharma_swarm/gaia_platform.py	1015	over_budget	1	3	0.00032387	432	1	0	@AmitabhainArunachala
dharma_swarm.gaia_sis_mint_gate	dharma_swarm/gaia_sis_mint_gate.py	171	within_budget	1	0	0.00032387	433	1	0	@AmitabhainArunachala
dharma_swarm.gaia_sis_projection	dharma_swarm/gaia_sis_projection.py	244	within_budget	1	0	0.00024947	434	1	0	@AmitabhainArunachala
dharma_swarm.gaia_verification	dharma_swarm/gaia_verification.py	233	within_budget	5	3	0.00045903	435	1	0	@AmitabhainArunachala
dharma_swarm.gateway	dharma_swarm/gateway/__init__.py	8	within_budget	1	2	0.00019990	436	1	0	@AmitabhainArunachala
dharma_swarm.gateway.base	dharma_swarm/gateway/base.py	104	within_budget	4	0	0.00059288	437	1	0	@AmitabhainArunachala
dharma_swarm.gateway.runner	dharma_swarm/gateway/runner.py	183	within_budget	3	5	0.00034863	438	1	0	@AmitabhainArunachala
dharma_swarm.gateway.telegram	dharma_swarm/gateway/telegram.py	198	within_budget	1	1	0.00023433	439	1	0	@AmitabhainArunachala
dharma_swarm.genome_inheritance	dharma_swarm/genome_inheritance.py	300	within_budget	4	5	0.00028972	440	1	0	@AmitabhainArunachala
dharma_swarm.geometry	dharma_swarm/geometry.py	422	within_budget	1	0	0.00032387	441	1	0	@AmitabhainArunachala
dharma_swarm.ginko_agents	dharma_swarm/ginko_agents.py	1242	over_budget	4	4	0.00047153	442	1	0	@AmitabhainArunachala
dharma_swarm.ginko_attribution	dharma_swarm/ginko_attribution.py	523	within_budget	1	1	0.00032387	443	1	0	@AmitabhainArunachala
dharma_swarm.ginko_audit	dharma_swarm/ginko_audit.py	1200	over_budget	2	1	0.00047267	444	1	0	@AmitabhainArunachala
dharma_swarm.ginko_backtest	dharma_swarm/ginko_backtest.py	984	within_budget	1	3	0.00024947	445	1	0	@AmitabhainArunachala
dharma_swarm.ginko_bridge	dharma_swarm/ginko_bridge.py	93	within_budget	2	0	0.00028102	446	1	0	@AmitabhainArunachala
dharma_swarm.ginko_brier	dharma_swarm/ginko_brier.py	805	within_budget	9	2	0.00071775	447	1	0	@AmitabhainArunachala
dharma_swarm.ginko_cron_loop	dharma_swarm/ginko_cron_loop.py	65	within_budget	1	1	0.00024947	448	1	0	@AmitabhainArunachala
dharma_swarm.ginko_data	dharma_swarm/ginko_data.py	456	within_budget	8	2	0.00087799	449	1	0	@AmitabhainArunachala
dharma_swarm.ginko_evolution	dharma_swarm/ginko_evolution.py	815	within_budget	1	3	0.00032387	450	1	0	@AmitabhainArunachala
dharma_swarm.ginko_live_test	dharma_swarm/ginko_live_test.py	515	within_budget	0	5	0.00017506	451	1	0	@AmitabhainArunachala
dharma_swarm.ginko_orchestrator	dharma_swarm/ginko_orchestrator.py	972	within_budget	3	10	0.00056146	452	1	0	@AmitabhainArunachala
dharma_swarm.ginko_paper_trade	dharma_swarm/ginko_paper_trade.py	595	within_budget	5	1	0.00052683	453	1	0	@AmitabhainArunachala
dharma_swarm.ginko_regime	dharma_swarm/ginko_regime.py	335	within_budget	7	1	0.00065506	454	1	0	@AmitabhainArunachala
dharma_swarm.ginko_report_gen	dharma_swarm/ginko_report_gen.py	1018	over_budget	4	6	0.00041661	455	1	0	@AmitabhainArunachala
dharma_swarm.ginko_risk	dharma_swarm/ginko_risk.py	820	within_budget	1	0	0.00032387	456	1	0	@AmitabhainArunachala
dharma_swarm.ginko_sec	dharma_swarm/ginko_sec.py	1001	over_budget	2	1	0.00037159	457	1	0	@AmitabhainArunachala
dharma_swarm.ginko_sentiment	dharma_swarm/ginko_sentiment.py	473	within_budget	1	1	0.00032387	458	1	0	@AmitabhainArunachala
dharma_swarm.ginko_signals	dharma_swarm/ginko_signals.py	760	within_budget	9	1	0.00075524	459	1	0	@AmitabhainArunachala
dharma_swarm.gnani_lodestone	dharma_swarm/gnani_lodestone.py	607	within_budget	3	5	0.00036359	460	1	0	@AmitabhainArunachala
dharma_swarm.graduation_engine	dharma_swarm/graduation_engine.py	19	within_budget	3	0	0.00041296	461	1	0	@AmitabhainArunachala
dharma_swarm.graph	dharma_swarm/graph/__init__.py	152	within_budget	3	14	0.00030208	462	1	0	@AmitabhainArunachala
dharma_swarm.graph._persistence_io	dharma_swarm/graph/_persistence_io.py	49	within_budget	1	0	0.00021146	463	1	0	@AmitabhainArunachala
dharma_swarm.graph._persistence_lock	dharma_swarm/graph/_persistence_lock.py	37	within_budget	1	0	0.00021146	464	1	0	@AmitabhainArunachala
dharma_swarm.graph._persistence_state	dharma_swarm/graph/_persistence_state.py	64	within_budget	1	3	0.00021146	465	1	0	@AmitabhainArunachala
dharma_swarm.graph.channels	dharma_swarm/graph/channels.py	416	within_budget	15	0	0.00090897	466	1	0	@AmitabhainArunachala
dharma_swarm.graph.checkpoint	dharma_swarm/graph/checkpoint.py	232	within_budget	5	2	0.00033520	467	1	0	@AmitabhainArunachala
dharma_swarm.graph.compiler	dharma_swarm/graph/compiler.py	480	within_budget	7	4	0.00033317	468	1	0	@AmitabhainArunachala
dharma_swarm.graph.durable_invoker	dharma_swarm/graph/durable_invoker.py	784	within_budget	6	7	0.00031836	469	1	0	@AmitabhainArunachala
dharma_swarm.graph.effects	dharma_swarm/graph/effects.py	103	within_budget	13	0	0.00053376	470	1	0	@AmitabhainArunachala
dharma_swarm.graph.errors	dharma_swarm/graph/errors.py	78	within_budget	6	0	0.00072044	471	1	0	@AmitabhainArunachala
dharma_swarm.graph.executor	dharma_swarm/graph/executor.py	434	within_budget	1	8	0.00021751	18	2	0	@AmitabhainArunachala
dharma_swarm.graph.interrupts	dharma_swarm/graph/interrupts.py	148	within_budget	5	1	0.00030631	472	1	0	@AmitabhainArunachala
dharma_swarm.graph.persistence	dharma_swarm/graph/persistence.py	500	within_budget	5	7	0.00029973	473	1	0	@AmitabhainArunachala
dharma_swarm.graph.persistence_adapter	dharma_swarm/graph/persistence_adapter.py	130	within_budget	1	2	0.00021146	474	1	0	@AmitabhainArunachala
dharma_swarm.graph.persistence_runtime	dharma_swarm/graph/persistence_runtime.py	417	within_budget	1	6	0.00021751	475	1	0	@AmitabhainArunachala
dharma_swarm.graph.receipt_authority	dharma_swarm/graph/receipt_authority.py	172	within_budget	2	0	0.00025213	476	1	0	@AmitabhainArunachala
dharma_swarm.graph.receipt_chain	dharma_swarm/graph/receipt_chain.py	125	within_budget	3	1	0.00030647	477	1	0	@AmitabhainArunachala
dharma_swarm.graph.reconcile_board	dharma_swarm/graph/reconcile_board.py	81	within_budget	1	1	0.00022733	478	1	0	@AmitabhainArunachala
dharma_swarm.graph.reconciler	dharma_swarm/graph/reconciler.py	500	within_budget	3	4	0.00024596	479	1	0	@AmitabhainArunachala
dharma_swarm.graph.routing	dharma_swarm/graph/routing.py	353	within_budget	10	3	0.00060744	480	1	0	@AmitabhainArunachala
dharma_swarm.graph.scheduler	dharma_swarm/graph/scheduler.py	436	within_budget	10	10	0.00049936	18	2	0	@AmitabhainArunachala
dharma_swarm.graph.schema	dharma_swarm/graph/schema.py	343	within_budget	3	5	0.00022647	481	1	0	@AmitabhainArunachala
dharma_swarm.graph.state	dharma_swarm/graph/state.py	219	within_budget	8	3	0.00049485	482	1	0	@AmitabhainArunachala
dharma_swarm.graph.subgraph	dharma_swarm/graph/subgraph.py	91	within_budget	1	3	0.00019340	483	1	0	@AmitabhainArunachala
dharma_swarm.graph.telos_bridge	dharma_swarm/graph/telos_bridge.py	146	within_budget	2	2	0.00024301	484	1	0	@AmitabhainArunachala
dharma_swarm.graph.types	dharma_swarm/graph/types.py	140	within_budget	17	0	0.00107324	485	1	0	@AmitabhainArunachala
dharma_swarm.graph.world	dharma_swarm/graph/world.py	296	within_budget	1	0	0.00032387	486	1	0	@AmitabhainArunachala
dharma_swarm.graph_nexus	dharma_swarm/graph_nexus.py	1109	over_budget	5	8	0.00048938	487	1	0	@AmitabhainArunachala
dharma_swarm.graph_store	dharma_swarm/graph_store.py	715	within_budget	5	1	0.00054928	488	1	0	@AmitabhainArunachala # blast=182
dharma_swarm.group_chat	dharma_swarm/group_chat.py	216	within_budget	1	0	0.00032387	489	1	0	@AmitabhainArunachala
dharma_swarm.guardian_crew	dharma_swarm/guardian_crew.py	1345	over_budget	5	6	0.00067602	5	4	0	@AmitabhainArunachala
dharma_swarm.guardian_runtime_checks	dharma_swarm/guardian_runtime_checks.py	326	within_budget	2	1	0.00041964	490	1	0	@AmitabhainArunachala
dharma_swarm.guardrails	dharma_swarm/guardrails.py	575	within_budget	2	3	0.00034166	491	1	0	@AmitabhainArunachala
dharma_swarm.handoff	dharma_swarm/handoff.py	374	within_budget	7	1	0.00053151	492	1	0	@AmitabhainArunachala
dharma_swarm.harness_audit	dharma_swarm/harness_audit.py	435	within_budget	3	4	0.00037646	493	1	0	@AmitabhainArunachala
dharma_swarm.hibernation	dharma_swarm/hibernation.py	601	within_budget	1	0	0.00032387	494	1	0	@AmitabhainArunachala
dharma_swarm.holon_bridge	dharma_swarm/holon_bridge.py	419	within_budget	11	2	0.00104245	495	1	0	@AmitabhainArunachala
dharma_swarm.holon_budget_guard	dharma_swarm/holon_budget_guard.py	36	within_budget	2	0	0.00040589	496	1	0	@AmitabhainArunachala
dharma_swarm.holon_compass	dharma_swarm/holon_compass.py	60	within_budget	3	1	0.00037839	497	1	0	@AmitabhainArunachala
dharma_swarm.holon_health	dharma_swarm/holon_health.py	79	within_budget	4	3	0.00071704	498	1	0	@AmitabhainArunachala
dharma_swarm.holon_killswitch	dharma_swarm/holon_killswitch.py	58	within_budget	7	0	0.00070477	499	1	0	@AmitabhainArunachala
dharma_swarm.holon_persistence	dharma_swarm/holon_persistence.py	97	within_budget	5	0	0.00055771	500	1	0	@AmitabhainArunachala
dharma_swarm.holon_runtime	dharma_swarm/holon_runtime.py	283	within_budget	9	8	0.00077195	501	1	0	@AmitabhainArunachala
dharma_swarm.holon_system	dharma_swarm/holon_system/__init__.py	13	within_budget	0	0	0.00017506	502	1	0	@AmitabhainArunachala
dharma_swarm.holon_system.api	dharma_swarm/holon_system/api/__init__.py	5	within_budget	0	1	0.00017506	503	1	0	@AmitabhainArunachala
dharma_swarm.holon_system.api.routes	dharma_swarm/holon_system/api/routes.py	8	within_budget	1	0	0.00032387	504	1	0	@AmitabhainArunachala
dharma_swarm.holon_system.authority	dharma_swarm/holon_system/authority/__init__.py	5	within_budget	0	1	0.00017506	505	1	0	@AmitabhainArunachala
dharma_swarm.holon_system.authority.execution_lease	dharma_swarm/holon_system/authority/execution_lease.py	3	within_budget	0	1	0.00017506	506	1	0	@AmitabhainArunachala
dharma_swarm.holon_system.authority.permissions	dharma_swarm/holon_system/authority/permissions.py	3	within_budget	0	1	0.00017506	507	1	0	@AmitabhainArunachala
dharma_swarm.holon_system.authority.reversibility_gate	dharma_swarm/holon_system/authority/reversibility_gate.py	3	within_budget	1	1	0.00032387	508	1	0	@AmitabhainArunachala
dharma_swarm.holon_system.cli	dharma_swarm/holon_system/cli/__init__.py	5	within_budget	0	1	0.00017506	509	1	0	@AmitabhainArunachala
dharma_swarm.holon_system.cli.commands	dharma_swarm/holon_system/cli/commands.py	8	within_budget	1	0	0.00032387	510	1	0	@AmitabhainArunachala
dharma_swarm.holon_system.gateway	dharma_swarm/holon_system/gateway/__init__.py	5	within_budget	0	1	0.00017506	511	1	0	@AmitabhainArunachala
dharma_swarm.holon_system.gateway.base	dharma_swarm/holon_system/gateway/base.py	10	within_budget	1	0	0.00032387	512	1	0	@AmitabhainArunachala
dharma_swarm.holon_system.gateway.operator_brief	dharma_swarm/holon_system/gateway/operator_brief.py	5	within_budget	0	1	0.00017506	513	1	0	@AmitabhainArunachala
dharma_swarm.holon_system.identity	dharma_swarm/holon_system/identity/__init__.py	5	within_budget	0	1	0.00017506	514	1	0	@AmitabhainArunachala
dharma_swarm.holon_system.identity.canonical_names	dharma_swarm/holon_system/identity/canonical_names.py	11	within_budget	0	0	0.00017506	515	1	0	@AmitabhainArunachala
dharma_swarm.holon_system.identity.cards	dharma_swarm/holon_system/identity/cards.py	5	within_budget	0	1	0.00017506	516	1	0	@AmitabhainArunachala
dharma_swarm.holon_system.identity.registry	dharma_swarm/holon_system/identity/registry.py	5	within_budget	1	1	0.00032387	517	1	0	@AmitabhainArunachala
dharma_swarm.holon_system.kernel	dharma_swarm/holon_system/kernel/__init__.py	5	within_budget	0	1	0.00017506	518	1	0	@AmitabhainArunachala
dharma_swarm.holon_system.kernel.living_kernel	dharma_swarm/holon_system/kernel/living_kernel.py	5	within_budget	1	1	0.00032387	519	1	0	@AmitabhainArunachala
dharma_swarm.holon_system.observability	dharma_swarm/holon_system/observability/__init__.py	5	within_budget	0	1	0.00017506	520	1	0	@AmitabhainArunachala
dharma_swarm.holon_system.observability.proof_gates	dharma_swarm/holon_system/observability/proof_gates.py	15	within_budget	1	0	0.00032387	521	1	0	@AmitabhainArunachala
dharma_swarm.holon_system.observability.scoreboard	dharma_swarm/holon_system/observability/scoreboard.py	5	within_budget	0	1	0.00017506	522	1	0	@AmitabhainArunachala
dharma_swarm.holon_system.orchestration	dharma_swarm/holon_system/orchestration/__init__.py	5	within_budget	0	1	0.00017506	523	1	0	@AmitabhainArunachala
dharma_swarm.holon_system.orchestration.agent_pool	dharma_swarm/holon_system/orchestration/agent_pool.py	5	within_budget	0	1	0.00017506	524	1	0	@AmitabhainArunachala
dharma_swarm.holon_system.orchestration.fanout	dharma_swarm/holon_system/orchestration/fanout.py	5	within_budget	1	1	0.00032387	525	1	0	@AmitabhainArunachala
dharma_swarm.holon_system.orchestration.intent	dharma_swarm/holon_system/orchestration/intent.py	3	within_budget	0	1	0.00017506	526	1	0	@AmitabhainArunachala
dharma_swarm.holon_system.responders	dharma_swarm/holon_system/responders/__init__.py	3	within_budget	0	0	0.00017506	527	1	0	@AmitabhainArunachala
dharma_swarm.holon_system.responders.wake_profiles	dharma_swarm/holon_system/responders/wake_profiles.py	5	within_budget	0	1	0.00017506	528	1	0	@AmitabhainArunachala
dharma_swarm.holon_system.runtime	dharma_swarm/holon_system/runtime/__init__.py	6	within_budget	1	2	0.00019632	529	1	0	@AmitabhainArunachala
dharma_swarm.holon_system.runtime.bridge	dharma_swarm/holon_system/runtime/bridge.py	27	within_budget	2	1	0.00027976	530	1	0	@AmitabhainArunachala
dharma_swarm.holon_system.runtime.health	dharma_swarm/holon_system/runtime/health.py	5	within_budget	0	1	0.00017506	531	1	0	@AmitabhainArunachala
dharma_swarm.holon_system.runtime.persistence	dharma_swarm/holon_system/runtime/persistence.py	3	within_budget	0	1	0.00017506	532	1	0	@AmitabhainArunachala
dharma_swarm.holon_system.runtime.wake_cycle	dharma_swarm/holon_system/runtime/wake_cycle.py	5	within_budget	2	1	0.00027976	533	1	0	@AmitabhainArunachala
dharma_swarm.holon_system.sarathi	dharma_swarm/holon_system/sarathi/__init__.py	40	within_budget	4	9	0.00034154	534	1	0	@AmitabhainArunachala
dharma_swarm.holon_system.sarathi.brief	dharma_swarm/holon_system/sarathi/brief.py	174	within_budget	6	1	0.00050430	535	1	0	@AmitabhainArunachala
dharma_swarm.holon_system.sarathi.delegate	dharma_swarm/holon_system/sarathi/delegate.py	346	within_budget	4	5	0.00030568	536	1	0	@AmitabhainArunachala
dharma_swarm.holon_system.sarathi.gateway	dharma_swarm/holon_system/sarathi/gateway.py	28	within_budget	2	4	0.00022858	537	1	0	@AmitabhainArunachala
dharma_swarm.holon_system.sarathi.memory	dharma_swarm/holon_system/sarathi/memory.py	139	within_budget	2	1	0.00021847	538	1	0	@AmitabhainArunachala
dharma_swarm.holon_system.sarathi.plan	dharma_swarm/holon_system/sarathi/plan.py	202	within_budget	11	0	0.00064796	539	1	0	@AmitabhainArunachala
dharma_swarm.holon_system.sarathi.proof	dharma_swarm/holon_system/sarathi/proof.py	173	within_budget	3	0	0.00037473	540	1	0	@AmitabhainArunachala
dharma_swarm.holon_system.sarathi.pulse	dharma_swarm/holon_system/sarathi/pulse.py	29	within_budget	5	2	0.00075825	541	1	0	@AmitabhainArunachala
dharma_swarm.holon_system.sarathi.roster	dharma_swarm/holon_system/sarathi/roster.py	29	within_budget	6	0	0.00066495	542	1	0	@AmitabhainArunachala
dharma_swarm.holon_system.sarathi.scoreboard	dharma_swarm/holon_system/sarathi/scoreboard.py	16	within_budget	3	0	0.00040470	543	1	0	@AmitabhainArunachala
dharma_swarm.holon_system.sarathi.wake	dharma_swarm/holon_system/sarathi/wake.py	199	within_budget	5	5	0.00029412	544	1	0	@AmitabhainArunachala
dharma_swarm.holon_system.transport	dharma_swarm/holon_system/transport/__init__.py	3	within_budget	0	0	0.00017506	545	1	0	@AmitabhainArunachala
dharma_swarm.holon_system.transport.a2a_send	dharma_swarm/holon_system/transport/a2a_send.py	3	within_budget	0	1	0.00017506	546	1	0	@AmitabhainArunachala
dharma_swarm.holon_system.transport.domain_reply	dharma_swarm/holon_system/transport/domain_reply.py	3	within_budget	0	1	0.00017506	547	1	0	@AmitabhainArunachala
dharma_swarm.holon_system.transport.inbox_bridge	dharma_swarm/holon_system/transport/inbox_bridge.py	3	within_budget	0	1	0.00017506	548	1	0	@AmitabhainArunachala
dharma_swarm.holon_system.transport.reply_capture	dharma_swarm/holon_system/transport/reply_capture.py	3	within_budget	0	1	0.00017506	549	1	0	@AmitabhainArunachala
dharma_swarm.human_yds_ledger	dharma_swarm/human_yds_ledger.py	171	within_budget	1	0	0.00024947	550	1	0	@AmitabhainArunachala
dharma_swarm.hypnagogic	dharma_swarm/hypnagogic.py	217	within_budget	1	3	0.00024947	551	1	0	@AmitabhainArunachala
dharma_swarm.identity	dharma_swarm/identity.py	796	within_budget	9	3	0.00096346	552	1	0	@AmitabhainArunachala # blast=182
dharma_swarm.info_geometry	dharma_swarm/info_geometry.py	665	within_budget	2	2	0.00043415	3	7	0	@AmitabhainArunachala
dharma_swarm.injection_scanner	dharma_swarm/injection_scanner.py	208	within_budget	6	0	0.00124096	553	1	0	@AmitabhainArunachala
dharma_swarm.instinct_bridge	dharma_swarm/instinct_bridge.py	377	within_budget	3	3	0.00039184	554	1	0	@AmitabhainArunachala
dharma_swarm.integrations	dharma_swarm/integrations/__init__.py	25	within_budget	12	4	0.00109794	555	1	0	@AmitabhainArunachala
dharma_swarm.integrations.data_flywheel	dharma_swarm/integrations/data_flywheel.py	150	within_budget	1	1	0.00040838	556	1	0	@AmitabhainArunachala
dharma_swarm.integrations.kaizen_ops	dharma_swarm/integrations/kaizen_ops.py	100	within_budget	1	1	0.00040838	557	1	0	@AmitabhainArunachala
dharma_swarm.integrations.nvidia_rag	dharma_swarm/integrations/nvidia_rag.py	181	within_budget	1	1	0.00040838	558	1	0	@AmitabhainArunachala
dharma_swarm.integrations.reciprocity_commons	dharma_swarm/integrations/reciprocity_commons.py	116	within_budget	1	1	0.00040838	559	1	0	@AmitabhainArunachala
dharma_swarm.intent_router	dharma_swarm/intent_router.py	577	within_budget	9	0	0.00106495	560	1	0	@AmitabhainArunachala
dharma_swarm.invariants	dharma_swarm/invariants.py	225	within_budget	3	1	0.00037016	561	1	0	@AmitabhainArunachala
dharma_swarm.island_evolution	dharma_swarm/island_evolution.py	395	within_budget	1	1	0.00032387	562	1	0	@AmitabhainArunachala
dharma_swarm.iteration_depth	dharma_swarm/iteration_depth.py	449	within_budget	8	1	0.00059960	563	1	0	@AmitabhainArunachala
dharma_swarm.jagat_kalyan	dharma_swarm/jagat_kalyan.py	282	within_budget	1	1	0.00032387	564	1	0	@AmitabhainArunachala
dharma_swarm.jikoku_fitness	dharma_swarm/jikoku_fitness.py	262	within_budget	3	3	0.00046615	3	7	0	@AmitabhainArunachala
dharma_swarm.jikoku_instrumentation	dharma_swarm/jikoku_instrumentation.py	451	within_budget	5	1	0.00066553	565	1	0	@AmitabhainArunachala # blast=167
dharma_swarm.jikoku_samaya	dharma_swarm/jikoku_samaya.py	442	within_budget	14	0	0.00167107	566	1	0	@AmitabhainArunachala # blast=168
dharma_swarm.jk_credibility_gates	dharma_swarm/jk_credibility_gates.py	417	within_budget	1	0	0.00032387	567	1	0	@AmitabhainArunachala
dharma_swarm.jk_credibility_seed	dharma_swarm/jk_credibility_seed.py	293	within_budget	1	0	0.00032387	568	1	0	@AmitabhainArunachala
dharma_swarm.jk_stigmergy_seeds	dharma_swarm/jk_stigmergy_seeds.py	188	within_budget	1	1	0.00032387	569	1	0	@AmitabhainArunachala
dharma_swarm.jk_subteams	dharma_swarm/jk_subteams.py	236	within_budget	1	0	0.00032387	570	1	0	@AmitabhainArunachala
dharma_swarm.job_capabilities	dharma_swarm/job_capabilities.py	97	within_budget	2	2	0.00024153	571	1	0	@AmitabhainArunachala
dharma_swarm.kaizen_ops_local	dharma_swarm/kaizen_ops_local.py	415	within_budget	3	0	0.00038211	572	1	0	@AmitabhainArunachala
dharma_swarm.kaizen_stats	dharma_swarm/kaizen_stats.py	578	within_budget	1	0	0.00032387	573	1	0	@AmitabhainArunachala
dharma_swarm.key_oracle	dharma_swarm/key_oracle.py	317	within_budget	15	0	0.00115084	574	1	0	@AmitabhainArunachala # blast=157
dharma_swarm.knowledge_extractor	dharma_swarm/knowledge_extractor.py	286	within_budget	3	2	0.00041484	575	1	0	@AmitabhainArunachala # blast=183
dharma_swarm.knowledge_ops	dharma_swarm/knowledge_ops/__init__.py	105	within_budget	1	6	0.00023541	576	1	0	@AmitabhainArunachala
dharma_swarm.knowledge_ops.cli	dharma_swarm/knowledge_ops/cli.py	364	within_budget	2	8	0.00021847	577	1	0	@AmitabhainArunachala
dharma_swarm.knowledge_ops.deep_sweep	dharma_swarm/knowledge_ops/deep_sweep.py	431	within_budget	2	7	0.00026665	578	1	0	@AmitabhainArunachala
dharma_swarm.knowledge_ops.memory_conflict_review	dharma_swarm/knowledge_ops/memory_conflict_review.py	298	within_budget	6	1	0.00117698	579	1	0	@AmitabhainArunachala
dharma_swarm.knowledge_ops.memory_decision_ledger	dharma_swarm/knowledge_ops/memory_decision_ledger.py	209	within_budget	8	1	0.00053325	580	1	0	@AmitabhainArunachala
dharma_swarm.knowledge_ops.memory_intake	dharma_swarm/knowledge_ops/memory_intake.py	345	within_budget	6	2	0.00129672	581	1	0	@AmitabhainArunachala
dharma_swarm.knowledge_ops.memory_kernel_promotion_bridge	dharma_swarm/knowledge_ops/memory_kernel_promotion_bridge.py	277	within_budget	4	6	0.00027148	582	1	0	@AmitabhainArunachala
dharma_swarm.knowledge_ops.memory_promotion_executor	dharma_swarm/knowledge_ops/memory_promotion_executor.py	355	within_budget	5	3	0.00033829	583	1	0	@AmitabhainArunachala
dharma_swarm.knowledge_ops.memory_promotion_queue	dharma_swarm/knowledge_ops/memory_promotion_queue.py	146	within_budget	10	1	0.00103611	584	1	0	@AmitabhainArunachala
dharma_swarm.knowledge_ops.zeitgeist_promotion	dharma_swarm/knowledge_ops/zeitgeist_promotion.py	272	within_budget	2	2	0.00024153	585	1	0	@AmitabhainArunachala
dharma_swarm.knowledge_units	dharma_swarm/knowledge_units.py	686	within_budget	8	0	0.00136818	586	1	0	@AmitabhainArunachala # blast=187
dharma_swarm.l4_rv_correlator	dharma_swarm/l4_rv_correlator.py	476	within_budget	1	3	0.00022467	587	1	0	@AmitabhainArunachala
dharma_swarm.landscape	dharma_swarm/landscape.py	431	within_budget	4	2	0.00045280	3	7	0	@AmitabhainArunachala
dharma_swarm.langgraph_parity	dharma_swarm/langgraph_parity/__init__.py	77	within_budget	0	5	0.00017506	588	1	0	@AmitabhainArunachala
dharma_swarm.langgraph_parity.benchmark	dharma_swarm/langgraph_parity/benchmark.py	106	within_budget	1	3	0.00024947	589	1	0	@AmitabhainArunachala
dharma_swarm.langgraph_parity.benchmark_receipts	dharma_swarm/langgraph_parity/benchmark_receipts.py	370	within_budget	1	5	0.00024575	590	1	0	@AmitabhainArunachala
dharma_swarm.langgraph_parity.benchmark_runner	dharma_swarm/langgraph_parity/benchmark_runner.py	390	within_budget	3	3	0.00032154	591	1	0	@AmitabhainArunachala
dharma_swarm.langgraph_parity.benchmark_tasks	dharma_swarm/langgraph_parity/benchmark_tasks.py	201	within_budget	2	1	0.00030018	592	1	0	@AmitabhainArunachala
dharma_swarm.langgraph_parity.benchmark_types	dharma_swarm/langgraph_parity/benchmark_types.py	191	within_budget	4	0	0.00063378	593	1	0	@AmitabhainArunachala
dharma_swarm.langgraph_parity.isolation	dharma_swarm/langgraph_parity/isolation.py	401	within_budget	4	2	0.00081274	19	2	0	@AmitabhainArunachala
dharma_swarm.langgraph_parity.isolation_defaults	dharma_swarm/langgraph_parity/isolation_defaults.py	153	within_budget	1	1	0.00052048	19	2	0	@AmitabhainArunachala
dharma_swarm.langgraph_parity.readiness	dharma_swarm/langgraph_parity/readiness.py	363	within_budget	2	1	0.00170302	20	2	0	@AmitabhainArunachala
dharma_swarm.langgraph_parity.readiness_gates	dharma_swarm/langgraph_parity/readiness_gates.py	225	within_budget	1	1	0.00162270	20	2	0	@AmitabhainArunachala
dharma_swarm.langgraph_parity.state	dharma_swarm/langgraph_parity/state.py	250	within_budget	6	0	0.00152770	594	1	0	@AmitabhainArunachala
dharma_swarm.langgraph_parity.supervisor_runtime	dharma_swarm/langgraph_parity/supervisor_runtime.py	234	within_budget	3	2	0.00036058	595	1	0	@AmitabhainArunachala
dharma_swarm.langgraph_parity.swarm_runtime	dharma_swarm/langgraph_parity/swarm_runtime.py	306	within_budget	3	2	0.00036058	596	1	0	@AmitabhainArunachala
dharma_swarm.langgraph_parity.tools	dharma_swarm/langgraph_parity/tools.py	183	within_budget	6	1	0.00101249	597	1	0	@AmitabhainArunachala
dharma_swarm.launchd_job_runner	dharma_swarm/launchd_job_runner.py	242	within_budget	1	3	0.00024947	598	1	0	@AmitabhainArunachala
dharma_swarm.lineage	dharma_swarm/lineage.py	523	within_budget	15	1	0.00063086	0	10	0	@AmitabhainArunachala # blast=182
dharma_swarm.living_map	dharma_swarm/living_map.py	472	within_budget	2	1	0.00034941	599	1	0	@AmitabhainArunachala
dharma_swarm.llm_burn	dharma_swarm/llm_burn.py	528	within_budget	2	2	0.00072564	600	1	0	@AmitabhainArunachala
dharma_swarm.logic_layer	dharma_swarm/logic_layer.py	821	within_budget	1	0	0.00024947	601	1	0	@AmitabhainArunachala
dharma_swarm.long_context_sidecar_eval	dharma_swarm/long_context_sidecar_eval.py	473	within_budget	1	1	0.00032387	602	1	0	@AmitabhainArunachala
dharma_swarm.loop_closure_quarantine	dharma_swarm/loop_closure_quarantine.py	216	within_budget	4	0	0.00060385	603	1	0	@AmitabhainArunachala
dharma_swarm.loop_supervisor	dharma_swarm/loop_supervisor.py	500	within_budget	8	2	0.00051410	604	1	0	@AmitabhainArunachala
dharma_swarm.manifest_health	dharma_swarm/manifest_health.py	499	within_budget	2	3	0.00026637	605	1	0	@AmitabhainArunachala
dharma_swarm.manifest_health_autocatalytic	dharma_swarm/manifest_health_autocatalytic.py	188	within_budget	1	0	0.00025054	606	1	0	@AmitabhainArunachala
dharma_swarm.master_prompt_engineer	dharma_swarm/master_prompt_engineer.py	777	within_budget	5	3	0.00053552	607	1	0	@AmitabhainArunachala
dharma_swarm.mcp_server	dharma_swarm/mcp_server.py	234	within_budget	1	6	0.00021226	608	1	0	@AmitabhainArunachala
dharma_swarm.mem_action	dharma_swarm/mem_action.py	321	within_budget	3	0	0.00042801	609	1	0	@AmitabhainArunachala
dharma_swarm.memory	dharma_swarm/memory.py	270	within_budget	7	1	0.00053675	610	1	0	@AmitabhainArunachala
dharma_swarm.memory_common	dharma_swarm/memory_common.py	486	within_budget	5	5	0.00026623	611	1	0	@AmitabhainArunachala
dharma_swarm.memory_kernel	dharma_swarm/memory_kernel/__init__.py	233	within_budget	36	13	0.00329050	2	9	0	@AmitabhainArunachala
dharma_swarm.memory_kernel.adapters	dharma_swarm/memory_kernel/adapters/__init__.py	28	within_budget	7	3	0.00050403	612	1	0	@AmitabhainArunachala
dharma_swarm.memory_kernel.adapters.base	dharma_swarm/memory_kernel/adapters/base.py	39	within_budget	4	1	0.00059234	613	1	0	@AmitabhainArunachala
dharma_swarm.memory_kernel.adapters.generic	dharma_swarm/memory_kernel/adapters/generic.py	141	within_budget	3	2	0.00038886	614	1	0	@AmitabhainArunachala
dharma_swarm.memory_kernel.adapters.read_only	dharma_swarm/memory_kernel/adapters/read_only.py	968	within_budget	5	3	0.00060690	615	1	0	@AmitabhainArunachala
dharma_swarm.memory_kernel.atoms	dharma_swarm/memory_kernel/atoms.py	769	within_budget	20	0	0.00790897	616	1	0	@AmitabhainArunachala
dharma_swarm.memory_kernel.burn_in	dharma_swarm/memory_kernel/burn_in.py	262	within_budget	2	0	0.00053902	617	1	0	@AmitabhainArunachala
dharma_swarm.memory_kernel.census	dharma_swarm/memory_kernel/census.py	713	within_budget	2	2	0.00043144	618	1	0	@AmitabhainArunachala
dharma_swarm.memory_kernel.context_admission	dharma_swarm/memory_kernel/context_admission.py	493	within_budget	17	2	0.00460208	619	1	0	@AmitabhainArunachala
dharma_swarm.memory_kernel.context_compiler_shadow	dharma_swarm/memory_kernel/context_compiler_shadow.py	727	within_budget	3	4	0.00043053	2	9	0	@AmitabhainArunachala
dharma_swarm.memory_kernel.context_eval	dharma_swarm/memory_kernel/context_eval.py	447	within_budget	4	4	0.00093487	2	9	0	@AmitabhainArunachala
dharma_swarm.memory_kernel.context_eval_cases	dharma_swarm/memory_kernel/context_eval_cases.py	368	within_budget	1	3	0.00039021	2	9	0	@AmitabhainArunachala
dharma_swarm.memory_kernel.context_eval_render	dharma_swarm/memory_kernel/context_eval_render.py	71	within_budget	1	1	0.00039021	2	9	0	@AmitabhainArunachala
dharma_swarm.memory_kernel.context_parity	dharma_swarm/memory_kernel/context_parity.py	388	within_budget	2	4	0.00048198	2	9	0	@AmitabhainArunachala
dharma_swarm.memory_kernel.context_safety	dharma_swarm/memory_kernel/context_safety.py	92	within_budget	3	1	0.00056763	620	1	0	@AmitabhainArunachala
dharma_swarm.memory_kernel.default_context	dharma_swarm/memory_kernel/default_context.py	380	within_budget	3	4	0.00046836	621	1	0	@AmitabhainArunachala
dharma_swarm.memory_kernel.facade	dharma_swarm/memory_kernel/facade.py	445	within_budget	3	9	0.00043651	2	9	0	@AmitabhainArunachala
dharma_swarm.memory_kernel.orchestrator_context	dharma_swarm/memory_kernel/orchestrator_context.py	57	within_budget	1	1	0.00020050	622	1	0	@AmitabhainArunachala
dharma_swarm.memory_kernel.promotion_gate	dharma_swarm/memory_kernel/promotion_gate.py	479	within_budget	4	2	0.00056978	623	1	0	@AmitabhainArunachala
dharma_swarm.memory_kernel.ranked_shadow	dharma_swarm/memory_kernel/ranked_shadow.py	196	within_budget	1	1	0.00027459	624	1	0	@AmitabhainArunachala
dharma_swarm.memory_kernel.readiness	dharma_swarm/memory_kernel/readiness.py	381	within_budget	1	3	0.00021629	625	1	0	@AmitabhainArunachala
dharma_swarm.memory_kernel.surface_specs_core	dharma_swarm/memory_kernel/surface_specs_core.py	725	within_budget	1	2	0.00055854	9	3	0	@AmitabhainArunachala
dharma_swarm.memory_kernel.surface_specs_extended	dharma_swarm/memory_kernel/surface_specs_extended.py	629	within_budget	1	2	0.00055854	9	3	0	@AmitabhainArunachala
dharma_swarm.memory_kernel.surfaces	dharma_swarm/memory_kernel/surfaces.py	59	within_budget	9	3	0.00135344	9	3	0	@AmitabhainArunachala
dharma_swarm.memory_kernel.tool_exposure	dharma_swarm/memory_kernel/tool_exposure.py	55	within_budget	1	1	0.00213095	626	1	0	@AmitabhainArunachala
dharma_swarm.memory_kernel.topology_policy	dharma_swarm/memory_kernel/topology_policy.py	115	within_budget	2	2	0.00029585	627	1	0	@AmitabhainArunachala
dharma_swarm.memory_kernel.write_policy	dharma_swarm/memory_kernel/write_policy.py	589	within_budget	2	3	0.00035912	628	1	0	@AmitabhainArunachala
dharma_swarm.memory_kernel.write_receipts	dharma_swarm/memory_kernel/write_receipts.py	432	within_budget	18	1	0.00204882	629	1	0	@AmitabhainArunachala
dharma_swarm.memory_kernel.writer_discovery	dharma_swarm/memory_kernel/writer_discovery.py	514	within_budget	1	1	0.00022724	630	1	0	@AmitabhainArunachala
dharma_swarm.memory_kernel.writer_models	dharma_swarm/memory_kernel/writer_models.py	137	within_budget	5	1	0.00080665	631	1	0	@AmitabhainArunachala
dharma_swarm.memory_kernel.writer_sentinel	dharma_swarm/memory_kernel/writer_sentinel.py	352	within_budget	1	5	0.00030694	632	1	0	@AmitabhainArunachala
dharma_swarm.memory_kernel.writer_specs	dharma_swarm/memory_kernel/writer_specs.py	679	within_budget	2	2	0.00035912	633	1	0	@AmitabhainArunachala
dharma_swarm.memory_kernel.writers	dharma_swarm/memory_kernel/writers.py	47	within_budget	3	4	0.00062058	634	1	0	@AmitabhainArunachala
dharma_swarm.memory_kernel_retrieval	dharma_swarm/memory_kernel_retrieval/__init__.py	10	within_budget	0	0	0.00017506	635	1	0	@AmitabhainArunachala
dharma_swarm.memory_kernel_retrieval.engine_search	dharma_swarm/memory_kernel_retrieval/engine_search.py	234	within_budget	1	3	0.00032709	636	1	0	@AmitabhainArunachala
dharma_swarm.memory_kernel_retrieval.fusion	dharma_swarm/memory_kernel_retrieval/fusion.py	212	within_budget	1	3	0.00032709	637	1	0	@AmitabhainArunachala
dharma_swarm.memory_kernel_retrieval.scoring_terms	dharma_swarm/memory_kernel_retrieval/scoring_terms.py	490	within_budget	5	1	0.00085600	638	1	0	@AmitabhainArunachala
dharma_swarm.memory_kernel_retrieval.sidecar_matching	dharma_swarm/memory_kernel_retrieval/sidecar_matching.py	151	within_budget	2	1	0.00036042	639	1	0	@AmitabhainArunachala
dharma_swarm.memory_kernel_retrieval.types	dharma_swarm/memory_kernel_retrieval/types.py	183	within_budget	2	0	0.00041977	640	1	0	@AmitabhainArunachala
dharma_swarm.memory_lattice	dharma_swarm/memory_lattice.py	237	within_budget	16	8	0.00070368	641	1	0	@AmitabhainArunachala
dharma_swarm.memory_palace	dharma_swarm/memory_palace.py	742	within_budget	8	3	0.00083477	642	1	0	@AmitabhainArunachala # blast=183
dharma_swarm.memory_retrieval	dharma_swarm/memory_retrieval.py	373	within_budget	9	6	0.00107313	2	9	0	@AmitabhainArunachala
dharma_swarm.merkle_log	dharma_swarm/merkle_log.py	64	within_budget	6	0	0.00227431	643	1	0	@AmitabhainArunachala # blast=299
dharma_swarm.message_bus	dharma_swarm/message_bus.py	981	within_budget	34	5	0.00153675	21	2	0	@AmitabhainArunachala
dharma_swarm.message_bus_bsp	dharma_swarm/message_bus_bsp.py	113	within_budget	1	4	0.00043631	21	2	0	@AmitabhainArunachala
dharma_swarm.meta_daemon	dharma_swarm/meta_daemon.py	427	within_budget	6	4	0.00036233	644	1	0	@AmitabhainArunachala
dharma_swarm.meta_evolution	dharma_swarm/meta_evolution.py	724	within_budget	6	4	0.00051899	3	7	0	@AmitabhainArunachala
dharma_swarm.metrics	dharma_swarm/metrics.py	410	within_budget	24	0	0.00242105	645	1	0	@AmitabhainArunachala # blast=197
dharma_swarm.micro_clusters	dharma_swarm/micro_clusters.py	281	within_budget	1	4	0.00032387	646	1	0	@AmitabhainArunachala
dharma_swarm.mission_contract	dharma_swarm/mission_contract.py	949	within_budget	11	1	0.00085676	647	1	0	@AmitabhainArunachala
dharma_swarm.mission_control	dharma_swarm/mission_control.py	446	within_budget	5	8	0.00028477	648	1	0	@AmitabhainArunachala
dharma_swarm.mission_control_contract	dharma_swarm/mission_control_contract.py	415	within_budget	8	3	0.00044714	649	1	0	@AmitabhainArunachala
dharma_swarm.mission_control_execution	dharma_swarm/mission_control_execution.py	478	within_budget	1	8	0.00018746	650	1	0	@AmitabhainArunachala
dharma_swarm.mission_control_execution_support	dharma_swarm/mission_control_execution_support.py	186	within_budget	1	4	0.00019498	651	1	0	@AmitabhainArunachala
dharma_swarm.mission_control_lifecycle	dharma_swarm/mission_control_lifecycle.py	358	within_budget	2	4	0.00024022	652	1	0	@AmitabhainArunachala
dharma_swarm.mission_control_mcp	dharma_swarm/mission_control_mcp.py	495	within_budget	2	6	0.00022112	653	1	0	@AmitabhainArunachala
dharma_swarm.mission_control_mcp_mutations	dharma_swarm/mission_control_mcp_mutations.py	356	within_budget	1	1	0.00020639	654	1	0	@AmitabhainArunachala
dharma_swarm.mission_control_projection	dharma_swarm/mission_control_projection.py	487	within_budget	3	6	0.00026148	655	1	0	@AmitabhainArunachala
dharma_swarm.mission_control_reconciliation	dharma_swarm/mission_control_reconciliation.py	319	within_budget	1	4	0.00021211	656	1	0	@AmitabhainArunachala
dharma_swarm.mission_control_recovery	dharma_swarm/mission_control_recovery.py	435	within_budget	1	5	0.00020532	657	1	0	@AmitabhainArunachala
dharma_swarm.mission_garden	dharma_swarm/mission_garden.py	244	within_budget	1	1	0.00022467	658	1	0	@AmitabhainArunachala
dharma_swarm.mode_pack	dharma_swarm/mode_pack.py	58	within_budget	1	0	0.00032387	659	1	0	@AmitabhainArunachala
dharma_swarm.model_catalog	dharma_swarm/model_catalog.py	344	within_budget	5	3	0.00031156	660	1	0	@AmitabhainArunachala
dharma_swarm.model_council_e2e	dharma_swarm/model_council_e2e.py	581	within_budget	2	7	0.00028667	661	1	0	@AmitabhainArunachala
dharma_swarm.model_defaults	dharma_swarm/model_defaults.py	92	within_budget	6	1	0.00202796	662	1	0	@AmitabhainArunachala # blast=181
dharma_swarm.model_hierarchy	dharma_swarm/model_hierarchy.py	497	within_budget	40	4	0.00318342	663	1	0	@AmitabhainArunachala # blast=174
dharma_swarm.model_live_results	dharma_swarm/model_live_results.py	121	within_budget	1	0	0.00025976	664	1	0	@AmitabhainArunachala
dharma_swarm.model_manager	dharma_swarm/model_manager.py	425	within_budget	2	4	0.00033808	665	1	0	@AmitabhainArunachala
dharma_swarm.model_pool	dharma_swarm/model_pool.py	499	within_budget	32	3	0.00281071	8	3	0	@AmitabhainArunachala # blast=174
dharma_swarm.model_registry	dharma_swarm/model_registry.py	170	within_budget	3	0	0.00040413	666	1	0	@AmitabhainArunachala
dharma_swarm.model_routing	dharma_swarm/model_routing.py	288	within_budget	5	1	0.00049082	667	1	0	@AmitabhainArunachala # blast=182
dharma_swarm.model_routing_live_probe	dharma_swarm/model_routing_live_probe.py	609	within_budget	3	3	0.00039588	668	1	0	@AmitabhainArunachala
dharma_swarm.model_status	dharma_swarm/model_status.py	598	within_budget	9	6	0.00059787	669	1	0	@AmitabhainArunachala
dharma_swarm.models	dharma_swarm/models.py	405	within_budget	375	0	0.05043760	670	1	0	@AmitabhainArunachala # blast=436
dharma_swarm.monad	dharma_swarm/monad.py	797	within_budget	9	1	0.00093843	671	1	0	@AmitabhainArunachala
dharma_swarm.monitor	dharma_swarm/monitor.py	585	within_budget	15	2	0.00060214	672	1	0	@AmitabhainArunachala
dharma_swarm.moonshot_provider	dharma_swarm/moonshot_provider.py	42	within_budget	1	5	0.00061811	1	9	0	@AmitabhainArunachala # blast=156
dharma_swarm.neural_consolidator	dharma_swarm/neural_consolidator.py	1149	over_budget	5	2	0.00031907	673	1	0	@AmitabhainArunachala
dharma_swarm.observability	dharma_swarm/observability.py	679	within_budget	3	0	0.00065006	674	1	0	@AmitabhainArunachala
dharma_swarm.ollama_config	dharma_swarm/ollama_config.py	218	within_budget	9	5	0.00159644	8	3	0	@AmitabhainArunachala # blast=174
dharma_swarm.ontology	dharma_swarm/ontology.py	2424	over_budget	32	4	0.00400679	0	10	0	@AmitabhainArunachala # blast=182
dharma_swarm.ontology_adapters	dharma_swarm/ontology_adapters.py	819	within_budget	1	2	0.00024947	675	1	0	@AmitabhainArunachala
dharma_swarm.ontology_agents	dharma_swarm/ontology_agents.py	157	within_budget	5	2	0.00033103	676	1	0	@AmitabhainArunachala
dharma_swarm.ontology_hub	dharma_swarm/ontology_hub.py	727	within_budget	4	1	0.00123954	0	10	0	@AmitabhainArunachala # blast=182
dharma_swarm.ontology_query	dharma_swarm/ontology_query.py	413	within_budget	2	1	0.00028699	677	1	0	@AmitabhainArunachala
dharma_swarm.ontology_runtime	dharma_swarm/ontology_runtime.py	170	within_budget	30	2	0.00217787	0	10	0	@AmitabhainArunachala # blast=182
dharma_swarm.operator_bridge	dharma_swarm/operator_bridge.py	1819	over_budget	11	5	0.00067617	678	1	0	@AmitabhainArunachala
dharma_swarm.operator_brief	dharma_swarm/operator_brief/__init__.py	9	within_budget	1	1	0.00018994	679	1	0	@AmitabhainArunachala
dharma_swarm.operator_brief.insight_brief	dharma_swarm/operator_brief/insight_brief.py	965	within_budget	3	9	0.00036826	680	1	0	@AmitabhainArunachala
dharma_swarm.operator_brief.persistence	dharma_swarm/operator_brief/persistence.py	310	within_budget	2	4	0.00022472	681	1	0	@AmitabhainArunachala
dharma_swarm.operator_brief.types	dharma_swarm/operator_brief/types.py	67	within_budget	2	0	0.00025760	682	1	0	@AmitabhainArunachala
dharma_swarm.operator_brief.value_events	dharma_swarm/operator_brief/value_events.py	185	within_budget	2	2	0.00023781	683	1	0	@AmitabhainArunachala
dharma_swarm.operator_brief.watchdog	dharma_swarm/operator_brief/watchdog.py	198	within_budget	1	3	0.00027083	5	4	0	@AmitabhainArunachala
dharma_swarm.operator_core	dharma_swarm/operator_core/__init__.py	168	within_budget	7	0	0.00058580	684	1	0	@AmitabhainArunachala
dharma_swarm.operator_core.a2a_task_lifecycle	dharma_swarm/operator_core/a2a_task_lifecycle.py	659	within_budget	24	2	0.00352009	685	1	0	@AmitabhainArunachala
dharma_swarm.operator_core.adapters	dharma_swarm/operator_core/adapters.py	320	within_budget	5	3	0.00063421	686	1	0	@AmitabhainArunachala
dharma_swarm.operator_core.autonomy_dial	dharma_swarm/operator_core/autonomy_dial.py	101	within_budget	7	0	0.00051760	687	1	0	@AmitabhainArunachala
dharma_swarm.operator_core.closure_v0	dharma_swarm/operator_core/closure_v0.py	307	within_budget	3	1	0.00036086	688	1	0	@AmitabhainArunachala
dharma_swarm.operator_core.contracts	dharma_swarm/operator_core/contracts.py	366	within_budget	5	0	0.00279840	689	1	0	@AmitabhainArunachala
dharma_swarm.operator_core.control_surface	dharma_swarm/operator_core/control_surface.py	1011	grandfathered	9	11	0.00101035	690	1	0	@AmitabhainArunachala
dharma_swarm.operator_core.control_surface_go	dharma_swarm/operator_core/control_surface_go.py	337	within_budget	2	3	0.00028290	691	1	0	@AmitabhainArunachala
dharma_swarm.operator_core.control_surface_handoff	dharma_swarm/operator_core/control_surface_handoff.py	104	within_budget	1	1	0.00025314	692	1	0	@AmitabhainArunachala
dharma_swarm.operator_core.control_surface_live_ops	dharma_swarm/operator_core/control_surface_live_ops.py	147	within_budget	1	2	0.00025314	693	1	0	@AmitabhainArunachala
dharma_swarm.operator_core.control_surface_memory	dharma_swarm/operator_core/control_surface_memory.py	1240	grandfathered	6	7	0.00049698	694	1	0	@AmitabhainArunachala
dharma_swarm.operator_core.control_surface_memory_readiness	dharma_swarm/operator_core/control_surface_memory_readiness.py	290	within_budget	1	0	0.00023541	695	1	0	@AmitabhainArunachala
dharma_swarm.operator_core.control_surface_memory_receipts	dharma_swarm/operator_core/control_surface_memory_receipts.py	312	within_budget	1	3	0.00023541	696	1	0	@AmitabhainArunachala
dharma_swarm.operator_core.control_surface_models	dharma_swarm/operator_core/control_surface_models.py	429	within_budget	12	0	0.00127514	697	1	0	@AmitabhainArunachala
dharma_swarm.operator_core.control_surface_spine	dharma_swarm/operator_core/control_surface_spine.py	66	within_budget	1	2	0.00025314	698	1	0	@AmitabhainArunachala
dharma_swarm.operator_core.execution_lease	dharma_swarm/operator_core/execution_lease.py	384	within_budget	3	1	0.00051111	699	1	0	@AmitabhainArunachala
dharma_swarm.operator_core.go_evidence_bridge	dharma_swarm/operator_core/go_evidence_bridge.py	129	within_budget	2	3	0.00026187	700	1	0	@AmitabhainArunachala
dharma_swarm.operator_core.go_github_bridge	dharma_swarm/operator_core/go_github_bridge.py	198	within_budget	1	0	0.00024947	701	1	0	@AmitabhainArunachala
dharma_swarm.operator_core.go_receipt_identity	dharma_swarm/operator_core/go_receipt_identity.py	84	within_budget	2	0	0.00029886	702	1	0	@AmitabhainArunachala
dharma_swarm.operator_core.governed_work_admission	dharma_swarm/operator_core/governed_work_admission.py	130	within_budget	4	0	0.00074853	703	1	0	@AmitabhainArunachala
dharma_swarm.operator_core.identity_invariant	dharma_swarm/operator_core/identity_invariant.py	84	within_budget	1	0	0.00046421	704	1	0	@AmitabhainArunachala
dharma_swarm.operator_core.ingest_nats	dharma_swarm/operator_core/ingest_nats.py	232	within_budget	2	1	0.00036986	705	1	0	@AmitabhainArunachala
dharma_swarm.operator_core.intent_payloads	dharma_swarm/operator_core/intent_payloads.py	171	within_budget	2	3	0.00049438	706	1	0	@AmitabhainArunachala
dharma_swarm.operator_core.live_ops_census_contract	dharma_swarm/operator_core/live_ops_census_contract.py	115	within_budget	1	1	0.00032387	707	1	0	@AmitabhainArunachala
dharma_swarm.operator_core.living_agent_kernel	dharma_swarm/operator_core/living_agent_kernel.py	2921	grandfathered	17	6	0.00234031	708	1	0	@AmitabhainArunachala
dharma_swarm.operator_core.living_agent_kernel_activation	dharma_swarm/operator_core/living_agent_kernel_activation.py	669	within_budget	5	4	0.00042594	709	1	0	@AmitabhainArunachala
dharma_swarm.operator_core.living_agent_kernel_promotion	dharma_swarm/operator_core/living_agent_kernel_promotion.py	361	within_budget	4	2	0.00045446	710	1	0	@AmitabhainArunachala
dharma_swarm.operator_core.living_agent_kernel_provider_worker	dharma_swarm/operator_core/living_agent_kernel_provider_worker.py	661	within_budget	3	6	0.00039806	711	1	0	@AmitabhainArunachala
dharma_swarm.operator_core.living_agent_kernel_recovery	dharma_swarm/operator_core/living_agent_kernel_recovery.py	318	within_budget	2	5	0.00035363	712	1	0	@AmitabhainArunachala
dharma_swarm.operator_core.living_agent_kernel_service	dharma_swarm/operator_core/living_agent_kernel_service.py	151	within_budget	3	1	0.00047267	713	1	0	@AmitabhainArunachala
dharma_swarm.operator_core.living_agent_kernel_status	dharma_swarm/operator_core/living_agent_kernel_status.py	78	within_budget	2	6	0.00034867	714	1	0	@AmitabhainArunachala
dharma_swarm.operator_core.living_agent_kernel_supervisor	dharma_swarm/operator_core/living_agent_kernel_supervisor.py	214	within_budget	7	2	0.00069026	715	1	0	@AmitabhainArunachala
dharma_swarm.operator_core.living_agent_kernel_workers	dharma_swarm/operator_core/living_agent_kernel_workers.py	479	within_budget	10	2	0.00082085	716	1	0	@AmitabhainArunachala
dharma_swarm.operator_core.nats_live_contact	dharma_swarm/operator_core/nats_live_contact.py	229	within_budget	2	0	0.00068286	717	1	0	@AmitabhainArunachala
dharma_swarm.operator_core.nats_substrate_status	dharma_swarm/operator_core/nats_substrate_status.py	154	within_budget	2	1	0.00053905	718	1	0	@AmitabhainArunachala
dharma_swarm.operator_core.onboarding	dharma_swarm/operator_core/onboarding/__init__.py	74	within_budget	8	4	0.00061810	10	3	0	@AmitabhainArunachala
dharma_swarm.operator_core.onboarding._command_lexical	dharma_swarm/operator_core/onboarding/_command_lexical.py	211	within_budget	1	0	0.00034014	719	1	0	@AmitabhainArunachala
dharma_swarm.operator_core.onboarding.broken_register	dharma_swarm/operator_core/onboarding/broken_register.py	472	within_budget	3	0	0.00061845	720	1	0	@AmitabhainArunachala
dharma_swarm.operator_core.onboarding.cli	dharma_swarm/operator_core/onboarding/cli.py	495	within_budget	5	8	0.00046864	721	1	0	@AmitabhainArunachala
dharma_swarm.operator_core.onboarding.contract	dharma_swarm/operator_core/onboarding/contract.py	500	within_budget	7	4	0.00077681	10	3	0	@AmitabhainArunachala
dharma_swarm.operator_core.onboarding.evidence	dharma_swarm/operator_core/onboarding/evidence.py	327	within_budget	6	2	0.00041582	722	1	0	@AmitabhainArunachala
dharma_swarm.operator_core.onboarding.models	dharma_swarm/operator_core/onboarding/models.py	154	within_budget	11	0	0.00122622	723	1	0	@AmitabhainArunachala
dharma_swarm.operator_core.onboarding.nats_status	dharma_swarm/operator_core/onboarding/nats_status.py	95	within_budget	2	1	0.00026206	724	1	0	@AmitabhainArunachala
dharma_swarm.operator_core.onboarding.readiness	dharma_swarm/operator_core/onboarding/readiness.py	188	within_budget	3	1	0.00032406	725	1	0	@AmitabhainArunachala
dharma_swarm.operator_core.onboarding.receipt	dharma_swarm/operator_core/onboarding/receipt.py	482	within_budget	5	3	0.00044797	10	3	0	@AmitabhainArunachala
dharma_swarm.operator_core.onboarding.render	dharma_swarm/operator_core/onboarding/render.py	226	within_budget	2	0	0.00026206	726	1	0	@AmitabhainArunachala
dharma_swarm.operator_core.onboarding.repository_identity	dharma_swarm/operator_core/onboarding/repository_identity.py	306	within_budget	4	0	0.00057519	727	1	0	@AmitabhainArunachala
dharma_swarm.operator_core.operating_facts	dharma_swarm/operator_core/operating_facts.py	1045	over_budget	8	2	0.00111768	728	1	0	@AmitabhainArunachala
dharma_swarm.operator_core.operator_coherence	dharma_swarm/operator_core/operator_coherence/__init__.py	17	within_budget	1	2	0.00060945	729	1	0	@AmitabhainArunachala
dharma_swarm.operator_core.operator_coherence.base	dharma_swarm/operator_core/operator_coherence/base.py	250	within_budget	6	0	0.00089134	730	1	0	@AmitabhainArunachala
dharma_swarm.operator_core.operator_coherence.git_governance	dharma_swarm/operator_core/operator_coherence/git_governance.py	613	within_budget	4	2	0.00044373	731	1	0	@AmitabhainArunachala
dharma_swarm.operator_core.operator_coherence.github_readiness	dharma_swarm/operator_core/operator_coherence/github_readiness.py	297	within_budget	1	2	0.00024886	732	1	0	@AmitabhainArunachala
dharma_swarm.operator_core.operator_coherence.ops_probes	dharma_swarm/operator_core/operator_coherence/ops_probes.py	481	within_budget	1	3	0.00024886	733	1	0	@AmitabhainArunachala
dharma_swarm.operator_core.operator_coherence.report	dharma_swarm/operator_core/operator_coherence/report.py	239	within_budget	1	5	0.00043408	734	1	0	@AmitabhainArunachala
dharma_swarm.operator_core.operator_coherence_cockpit	dharma_swarm/operator_core/operator_coherence_cockpit.py	25	within_budget	3	1	0.00051105	735	1	0	@AmitabhainArunachala
dharma_swarm.operator_core.permission_payloads	dharma_swarm/operator_core/permission_payloads.py	416	within_budget	3	5	0.00029546	6	4	0	@AmitabhainArunachala
dharma_swarm.operator_core.permissions	dharma_swarm/operator_core/permissions.py	106	within_budget	5	1	0.00064473	736	1	0	@AmitabhainArunachala
dharma_swarm.operator_core.return_address	dharma_swarm/operator_core/return_address.py	139	within_budget	1	0	0.00167110	737	1	0	@AmitabhainArunachala
dharma_swarm.operator_core.reversibility_gate	dharma_swarm/operator_core/reversibility_gate.py	239	within_budget	5	2	0.00080754	738	1	0	@AmitabhainArunachala
dharma_swarm.operator_core.routing_payloads	dharma_swarm/operator_core/routing_payloads.py	42	within_budget	1	1	0.00019160	739	1	0	@AmitabhainArunachala
dharma_swarm.operator_core.runtime_payloads	dharma_swarm/operator_core/runtime_payloads.py	33	within_budget	1	1	0.00019160	740	1	0	@AmitabhainArunachala
dharma_swarm.operator_core.runtime_truth	dharma_swarm/operator_core/runtime_truth.py	1039	grandfathered	18	1	0.00271790	741	1	0	@AmitabhainArunachala
dharma_swarm.operator_core.runtime_truth_refs	dharma_swarm/operator_core/runtime_truth_refs.py	41	within_budget	1	0	0.00065008	742	1	0	@AmitabhainArunachala
dharma_swarm.operator_core.semantic_receipt	dharma_swarm/operator_core/semantic_receipt.py	285	within_budget	6	0	0.00090246	743	1	0	@AmitabhainArunachala
dharma_swarm.operator_core.session_lifecycle	dharma_swarm/operator_core/session_lifecycle.py	482	within_budget	4	2	0.00058347	6	4	0	@AmitabhainArunachala
dharma_swarm.operator_core.session_payloads	dharma_swarm/operator_core/session_payloads.py	219	within_budget	2	5	0.00039214	6	4	0	@AmitabhainArunachala
dharma_swarm.operator_core.session_store	dharma_swarm/operator_core/session_store.py	496	within_budget	9	5	0.00074627	6	4	0	@AmitabhainArunachala
dharma_swarm.operator_core.session_views	dharma_swarm/operator_core/session_views.py	28	within_budget	1	2	0.00021226	744	1	0	@AmitabhainArunachala
dharma_swarm.operator_core.spine_tail	dharma_swarm/operator_core/spine_tail.py	239	within_budget	3	1	0.00032945	745	1	0	@AmitabhainArunachala
dharma_swarm.operator_core.telic_value_reader	dharma_swarm/operator_core/telic_value_reader.py	53	within_budget	1	0	0.00065008	746	1	0	@AmitabhainArunachala
dharma_swarm.operator_core.workspace_payloads	dharma_swarm/operator_core/workspace_payloads.py	137	within_budget	1	0	0.00019160	747	1	0	@AmitabhainArunachala
dharma_swarm.operator_core.world_radar	dharma_swarm/operator_core/world_radar/__init__.py	25	within_budget	0	1	0.00017506	748	1	0	@AmitabhainArunachala
dharma_swarm.operator_core.world_radar.receipt_bridge	dharma_swarm/operator_core/world_radar/receipt_bridge.py	257	within_budget	6	1	0.00086978	749	1	0	@AmitabhainArunachala
dharma_swarm.operator_views	dharma_swarm/operator_views.py	369	within_budget	6	5	0.00039670	750	1	0	@AmitabhainArunachala
dharma_swarm.opportunity_dispatcher	dharma_swarm/opportunity_dispatcher.py	326	within_budget	6	5	0.00040062	751	1	0	@AmitabhainArunachala
dharma_swarm.opportunity_refill	dharma_swarm/opportunity_refill.py	593	within_budget	5	6	0.00034005	752	1	0	@AmitabhainArunachala
dharma_swarm.optimizer_bridge	dharma_swarm/optimizer_bridge.py	191	within_budget	5	1	0.00078968	753	1	0	@AmitabhainArunachala
dharma_swarm.optimizers	dharma_swarm/optimizers/__init__.py	6	within_budget	1	2	0.00022467	754	1	0	@AmitabhainArunachala
dharma_swarm.optimizers.nevergrad_adapter	dharma_swarm/optimizers/nevergrad_adapter.py	18	within_budget	1	1	0.00027055	755	1	0	@AmitabhainArunachala
dharma_swarm.optimizers.textgrad_adapter	dharma_swarm/optimizers/textgrad_adapter.py	23	within_budget	1	1	0.00027055	756	1	0	@AmitabhainArunachala
dharma_swarm.orchestrate	dharma_swarm/orchestrate.py	564	within_budget	3	1	0.00038678	757	1	0	@AmitabhainArunachala
dharma_swarm.orchestrate_live	dharma_swarm/orchestrate_live.py	2532	over_budget	6	53	0.00035184	758	1	0	@AmitabhainArunachala
dharma_swarm.orchestrator	dharma_swarm/orchestrator.py	3215	grandfathered	17	34	0.00101749	22	2	0	@AmitabhainArunachala
dharma_swarm.orchestrator_bsp	dharma_swarm/orchestrator_bsp.py	220	within_budget	1	2	0.00020050	22	2	0	@AmitabhainArunachala
dharma_swarm.organism	dharma_swarm/organism.py	1339	over_budget	22	25	0.00162786	0	10	0	@AmitabhainArunachala # blast=182
dharma_swarm.organism_memory	dharma_swarm/organism_memory.py	658	within_budget	5	0	0.00061482	759	1	0	@AmitabhainArunachala # blast=182
dharma_swarm.organism_pulse	dharma_swarm/organism_pulse.py	315	within_budget	2	6	0.00022647	760	1	0	@AmitabhainArunachala
dharma_swarm.orientation_packet	dharma_swarm/orientation_packet.py	462	within_budget	5	4	0.00041817	761	1	0	@AmitabhainArunachala
dharma_swarm.ouroboros	dharma_swarm/ouroboros.py	544	within_budget	8	3	0.00064652	762	1	0	@AmitabhainArunachala
dharma_swarm.overnight_director	dharma_swarm/overnight_director.py	1185	over_budget	3	9	0.00029187	763	1	0	@AmitabhainArunachala
dharma_swarm.overnight_evaluator	dharma_swarm/overnight_evaluator.py	562	within_budget	3	1	0.00039386	764	1	0	@AmitabhainArunachala
dharma_swarm.overnight_task_stager	dharma_swarm/overnight_task_stager.py	411	within_budget	3	1	0.00042584	765	1	0	@AmitabhainArunachala
dharma_swarm.overseeing_i	dharma_swarm/overseeing_i.py	409	within_budget	3	7	0.00040213	766	1	0	@AmitabhainArunachala
dharma_swarm.palantir_pilot	dharma_swarm/palantir_pilot.py	108	within_budget	18	3	0.00252479	767	1	0	@AmitabhainArunachala
dharma_swarm.palantir_pilot_answers	dharma_swarm/palantir_pilot_answers.py	435	within_budget	1	5	0.00089042	768	1	0	@AmitabhainArunachala
dharma_swarm.palantir_pilot_index	dharma_swarm/palantir_pilot_index.py	443	within_budget	2	3	0.00104179	769	1	0	@AmitabhainArunachala
dharma_swarm.palantir_pilot_manifest	dharma_swarm/palantir_pilot_manifest.py	478	within_budget	3	1	0.00133697	770	1	0	@AmitabhainArunachala
dharma_swarm.pending_proposals	dharma_swarm/pending_proposals.py	40	within_budget	4	0	0.00046741	771	1	0	@AmitabhainArunachala
dharma_swarm.persistent_agent	dharma_swarm/persistent_agent.py	635	within_budget	4	11	0.00023706	772	1	0	@AmitabhainArunachala
dharma_swarm.plan_compiler	dharma_swarm/plan_compiler.py	271	within_budget	1	0	0.00032387	773	1	0	@AmitabhainArunachala
dharma_swarm.planner	dharma_swarm/planner.py	255	within_budget	1	2	0.00021226	774	1	0	@AmitabhainArunachala
dharma_swarm.policy_compiler	dharma_swarm/policy_compiler.py	414	within_budget	6	3	0.00047507	775	1	0	@AmitabhainArunachala
dharma_swarm.population_control	dharma_swarm/population_control.py	684	within_budget	5	4	0.00039457	776	1	0	@AmitabhainArunachala
dharma_swarm.postmortem_reader	dharma_swarm/postmortem_reader.py	134	within_budget	1	3	0.00022467	777	1	0	@AmitabhainArunachala
dharma_swarm.pramana	dharma_swarm/pramana.py	480	within_budget	3	1	0.00048412	778	1	0	@AmitabhainArunachala
dharma_swarm.probe_targets	dharma_swarm/probe_targets.py	9	within_budget	1	1	0.00032387	779	1	0	@AmitabhainArunachala
dharma_swarm.profiles	dharma_swarm/profiles.py	257	within_budget	3	0	0.00029262	780	1	0	@AmitabhainArunachala
dharma_swarm.promotion_gate	dharma_swarm/promotion_gate.py	127	within_budget	2	3	0.00029457	781	1	0	@AmitabhainArunachala
dharma_swarm.prompt_builder	dharma_swarm/prompt_builder.py	314	within_budget	5	1	0.00049475	782	1	0	@AmitabhainArunachala
dharma_swarm.provider_matrix	dharma_swarm/provider_matrix.py	1231	over_budget	2	7	0.00023887	783	1	0	@AmitabhainArunachala
dharma_swarm.provider_policy	dharma_swarm/provider_policy.py	681	within_budget	27	7	0.00153413	1	9	0	@AmitabhainArunachala # blast=156
dharma_swarm.provider_registry	dharma_swarm/provider_registry.py	216	within_budget	1	0	0.00032387	784	1	0	@AmitabhainArunachala
dharma_swarm.provider_smoke	dharma_swarm/provider_smoke.py	924	within_budget	4	9	0.00029764	785	1	0	@AmitabhainArunachala
dharma_swarm.provider_transport	dharma_swarm/provider_transport.py	318	within_budget	1	4	0.00039371	1	9	0	@AmitabhainArunachala # blast=156
dharma_swarm.provider_truth	dharma_swarm/provider_truth.py	140	within_budget	1	0	0.00020050	786	1	0	@AmitabhainArunachala
dharma_swarm.providers	dharma_swarm/providers.py	3355	grandfathered	34	18	0.00463014	1	9	0	@AmitabhainArunachala # blast=156
dharma_swarm.providers_extended	dharma_swarm/providers_extended.py	228	within_budget	2	4	0.00026187	787	1	0	@AmitabhainArunachala
dharma_swarm.pruner	dharma_swarm/pruner.py	345	within_budget	3	3	0.00037564	788	1	0	@AmitabhainArunachala
dharma_swarm.pulse	dharma_swarm/pulse.py	652	within_budget	7	15	0.00044465	789	1	0	@AmitabhainArunachala
dharma_swarm.quality_forge	dharma_swarm/quality_forge.py	168	within_budget	3	6	0.00040264	790	1	0	@AmitabhainArunachala
dharma_swarm.quality_gates	dharma_swarm/quality_gates.py	1003	over_budget	3	2	0.00037695	791	1	0	@AmitabhainArunachala
dharma_swarm.rea_runtime	dharma_swarm/rea_runtime.py	241	within_budget	2	0	0.00035143	792	1	0	@AmitabhainArunachala
dharma_swarm.receipt_consumption	dharma_swarm/receipt_consumption.py	115	within_budget	3	1	0.00048051	793	1	0	@AmitabhainArunachala # blast=156
dharma_swarm.recursive_discovery	dharma_swarm/recursive_discovery.py	329	within_budget	3	3	0.00031630	794	1	0	@AmitabhainArunachala
dharma_swarm.reflexion	dharma_swarm/reflexion.py	249	within_budget	1	0	0.00032387	795	1	0	@AmitabhainArunachala
dharma_swarm.replication_protocol	dharma_swarm/replication_protocol.py	843	within_budget	4	10	0.00023706	796	1	0	@AmitabhainArunachala
dharma_swarm.research_deadlines	dharma_swarm/research_deadlines.py	135	within_budget	6	1	0.00070100	797	1	0	@AmitabhainArunachala
dharma_swarm.resident_operator	dharma_swarm/resident_operator.py	72	within_budget	2	4	0.00027923	798	1	0	@AmitabhainArunachala
dharma_swarm.resilience	dharma_swarm/resilience.py	352	within_budget	8	0	0.00140162	799	1	0	@AmitabhainArunachala # blast=175
dharma_swarm.resource_scout	dharma_swarm/resource_scout.py	324	within_budget	3	0	0.00040413	800	1	0	@AmitabhainArunachala
dharma_swarm.revenue	dharma_swarm/revenue/__init__.py	53	within_budget	0	3	0.00017506	801	1	0	@AmitabhainArunachala
dharma_swarm.revenue.intel_parser	dharma_swarm/revenue/intel_parser.py	409	within_budget	2	0	0.00038100	802	1	0	@AmitabhainArunachala
dharma_swarm.revenue.intelligence	dharma_swarm/revenue/intelligence.py	275	within_budget	4	2	0.00036783	803	1	0	@AmitabhainArunachala
dharma_swarm.revenue.scout_daemon	dharma_swarm/revenue/scout_daemon.py	441	within_budget	4	5	0.00025862	804	1	0	@AmitabhainArunachala
dharma_swarm.revenue.spine	dharma_swarm/revenue/spine.py	477	within_budget	12	2	0.00115460	805	1	0	@AmitabhainArunachala # blast=185
dharma_swarm.revenue.spine_models	dharma_swarm/revenue/spine_models.py	193	within_budget	4	0	0.00094939	806	1	0	@AmitabhainArunachala # blast=187
dharma_swarm.revenue.telic_bridge	dharma_swarm/revenue/telic_bridge.py	340	within_budget	3	2	0.00031721	807	1	0	@AmitabhainArunachala # blast=183
dharma_swarm.revenue.wedge_pipeline	dharma_swarm/revenue/wedge_pipeline.py	318	within_budget	1	7	0.00021226	808	1	0	@AmitabhainArunachala
dharma_swarm.review_bridge	dharma_swarm/review_bridge.py	224	within_budget	3	2	0.00039184	809	1	0	@AmitabhainArunachala
dharma_swarm.review_cycle	dharma_swarm/review_cycle.py	408	within_budget	3	6	0.00024808	810	1	0	@AmitabhainArunachala
dharma_swarm.risk_patterns	dharma_swarm/risk_patterns.py	101	within_budget	2	0	0.00118172	811	1	0	@AmitabhainArunachala
dharma_swarm.roaming_dispatch_daemon	dharma_swarm/roaming_dispatch_daemon.py	203	within_budget	1	2	0.00020482	812	1	0	@AmitabhainArunachala
dharma_swarm.roaming_mailbox	dharma_swarm/roaming_mailbox.py	453	within_budget	14	0	0.00119734	813	1	0	@AmitabhainArunachala
dharma_swarm.roaming_onboarding	dharma_swarm/roaming_onboarding.py	337	within_budget	4	3	0.00066262	814	1	0	@AmitabhainArunachala
dharma_swarm.roaming_operator_bridge	dharma_swarm/roaming_operator_bridge.py	202	within_budget	3	3	0.00032908	815	1	0	@AmitabhainArunachala
dharma_swarm.roaming_poller	dharma_swarm/roaming_poller.py	218	within_budget	1	1	0.00024947	816	1	0	@AmitabhainArunachala
dharma_swarm.router_retrospective	dharma_swarm/router_retrospective.py	215	within_budget	4	2	0.00062184	817	1	0	@AmitabhainArunachala # blast=167
dharma_swarm.router_v1	dharma_swarm/router_v1.py	506	within_budget	5	6	0.00064690	1	9	0	@AmitabhainArunachala # blast=156
dharma_swarm.routing_decision_matrix	dharma_swarm/routing_decision_matrix.py	436	within_budget	2	6	0.00047267	818	1	0	@AmitabhainArunachala
dharma_swarm.routing_memory	dharma_swarm/routing_memory.py	579	within_budget	5	1	0.00119070	819	1	0	@AmitabhainArunachala # blast=175
dharma_swarm.runtime_admission	dharma_swarm/runtime_admission.py	480	within_budget	5	0	0.00035967	820	1	0	@AmitabhainArunachala
dharma_swarm.runtime_agent_server_views	dharma_swarm/runtime_agent_server_views.py	330	within_budget	1	4	0.00024250	821	1	0	@AmitabhainArunachala
dharma_swarm.runtime_artifacts	dharma_swarm/runtime_artifacts.py	214	within_budget	10	1	0.00102761	822	1	0	@AmitabhainArunachala # blast=185
dharma_swarm.runtime_contract	dharma_swarm/runtime_contract.py	176	within_budget	23	0	0.00456983	823	1	0	@AmitabhainArunachala # blast=281
dharma_swarm.runtime_control_actions	dharma_swarm/runtime_control_actions.py	399	within_budget	1	3	0.00030003	824	1	0	@AmitabhainArunachala
dharma_swarm.runtime_env_loader	dharma_swarm/runtime_env_loader.py	250	within_budget	2	1	0.01816216	11	2	0	@AmitabhainArunachala # blast=192
dharma_swarm.runtime_fields	dharma_swarm/runtime_fields.py	320	within_budget	6	1	0.00111623	825	1	0	@AmitabhainArunachala
dharma_swarm.runtime_graph_views	dharma_swarm/runtime_graph_views.py	456	within_budget	1	1	0.00024250	826	1	0	@AmitabhainArunachala
dharma_swarm.runtime_lifecycle	dharma_swarm/runtime_lifecycle.py	497	within_budget	4	7	0.00027278	827	1	0	@AmitabhainArunachala
dharma_swarm.runtime_lifecycle_identity	dharma_swarm/runtime_lifecycle_identity.py	94	within_budget	1	3	0.00020819	828	1	0	@AmitabhainArunachala
dharma_swarm.runtime_lifecycle_payloads	dharma_swarm/runtime_lifecycle_payloads.py	422	within_budget	1	1	0.00020819	829	1	0	@AmitabhainArunachala
dharma_swarm.runtime_platform_views	dharma_swarm/runtime_platform_views.py	396	within_budget	2	2	0.00029403	830	1	0	@AmitabhainArunachala
dharma_swarm.runtime_process_identity	dharma_swarm/runtime_process_identity.py	118	within_budget	3	0	0.00112328	831	1	0	@AmitabhainArunachala # blast=188
dharma_swarm.runtime_provider	dharma_swarm/runtime_provider.py	981	within_budget	45	6	0.00312735	1	9	0	@AmitabhainArunachala # blast=156
dharma_swarm.runtime_state	dharma_swarm/runtime_state.py	4738	over_budget	138	3	0.00929868	832	1	0	@AmitabhainArunachala # blast=258
dharma_swarm.runtime_telemetry_projector	dharma_swarm/runtime_telemetry_projector.py	508	within_budget	2	2	0.00024891	833	1	0	@AmitabhainArunachala
dharma_swarm.runtime_topology	dharma_swarm/runtime_topology.py	386	within_budget	2	3	0.00023362	834	1	0	@AmitabhainArunachala
dharma_swarm.rv	dharma_swarm/rv.py	426	within_budget	15	0	0.00199072	835	1	0	@AmitabhainArunachala
dharma_swarm.s4	dharma_swarm/s4/__init__.py	1	within_budget	0	0	0.00017506	836	1	0	@AmitabhainArunachala
dharma_swarm.s4.internal_pressure	dharma_swarm/s4/internal_pressure.py	178	within_budget	4	3	0.00034096	837	1	0	@AmitabhainArunachala
dharma_swarm.sakshi	dharma_swarm/sakshi/__init__.py	24	within_budget	0	1	0.00017506	838	1	0	@AmitabhainArunachala
dharma_swarm.sakshi.provenance_log	dharma_swarm/sakshi/provenance_log.py	257	within_budget	3	1	0.00041687	839	1	0	@AmitabhainArunachala
dharma_swarm.samvara	dharma_swarm/samvara.py	523	within_budget	7	2	0.00061025	840	1	0	@AmitabhainArunachala # blast=182
dharma_swarm.sandbox	dharma_swarm/sandbox.py	306	within_budget	9	2	0.00102049	12	2	0	@AmitabhainArunachala
dharma_swarm.sandbox_monitor	dharma_swarm/sandbox_monitor.py	294	within_budget	3	0	0.00057706	841	1	0	@AmitabhainArunachala
dharma_swarm.sarathi	dharma_swarm/sarathi/__init__.py	38	within_budget	3	3	0.00041953	842	1	0	@AmitabhainArunachala
dharma_swarm.sarathi.adapters	dharma_swarm/sarathi/adapters/__init__.py	3	within_budget	0	0	0.00017506	843	1	0	@AmitabhainArunachala
dharma_swarm.sarathi.adapters.runtime_provider	dharma_swarm/sarathi/adapters/runtime_provider.py	124	within_budget	2	3	0.00023796	844	1	0	@AmitabhainArunachala
dharma_swarm.sarathi.adapters.runtime_state	dharma_swarm/sarathi/adapters/runtime_state.py	169	within_budget	1	3	0.00021670	845	1	0	@AmitabhainArunachala
dharma_swarm.sarathi.contracts	dharma_swarm/sarathi/contracts.py	212	within_budget	4	2	0.00046439	846	1	0	@AmitabhainArunachala
dharma_swarm.sarathi.identity	dharma_swarm/sarathi/identity.py	60	within_budget	3	0	0.00053294	847	1	0	@AmitabhainArunachala
dharma_swarm.sarathi.shell	dharma_swarm/sarathi/shell.py	298	within_budget	1	6	0.00029393	848	1	0	@AmitabhainArunachala
dharma_swarm.scout_audit	dharma_swarm/scout_audit.py	549	within_budget	2	1	0.00046151	849	1	0	@AmitabhainArunachala
dharma_swarm.scout_framework	dharma_swarm/scout_framework.py	536	within_budget	2	7	0.00034074	850	1	0	@AmitabhainArunachala
dharma_swarm.scout_health	dharma_swarm/scout_health.py	56	within_budget	1	2	0.00032387	851	1	0	@AmitabhainArunachala
dharma_swarm.scout_report	dharma_swarm/scout_report.py	167	within_budget	5	0	0.00056970	852	1	0	@AmitabhainArunachala
dharma_swarm.scripts	dharma_swarm/scripts/__init__.py	0	within_budget	0	0	0.00017506	853	1	0	@AmitabhainArunachala
dharma_swarm.sealed_packet_apply	dharma_swarm/sealed_packet_apply.py	498	within_budget	1	4	0.00024295	3	7	0	@AmitabhainArunachala
dharma_swarm.seed_harvester	dharma_swarm/seed_harvester.py	503	within_budget	1	0	0.00032387	854	1	0	@AmitabhainArunachala
dharma_swarm.selector	dharma_swarm/selector.py	252	within_budget	3	1	0.00032798	855	1	0	@AmitabhainArunachala
dharma_swarm.self_improve	dharma_swarm/self_improve.py	838	within_budget	7	10	0.00049918	856	1	0	@AmitabhainArunachala
dharma_swarm.self_prediction	dharma_swarm/self_prediction.py	199	within_budget	2	1	0.00035595	857	1	0	@AmitabhainArunachala
dharma_swarm.self_research	dharma_swarm/self_research.py	250	within_budget	1	1	0.00022467	858	1	0	@AmitabhainArunachala
dharma_swarm.semantic_briefs	dharma_swarm/semantic_briefs.py	320	within_budget	2	2	0.00024361	859	1	0	@AmitabhainArunachala
dharma_swarm.semantic_digester	dharma_swarm/semantic_digester.py	881	within_budget	10	2	0.00056191	860	1	0	@AmitabhainArunachala
dharma_swarm.semantic_governance	dharma_swarm/semantic_governance.py	305	within_budget	3	4	0.00040671	861	1	0	@AmitabhainArunachala
dharma_swarm.semantic_gravity	dharma_swarm/semantic_gravity.py	659	within_budget	29	1	0.00275127	862	1	0	@AmitabhainArunachala # blast=197
dharma_swarm.semantic_hardener	dharma_swarm/semantic_hardener.py	675	within_budget	6	3	0.00033901	863	1	0	@AmitabhainArunachala
dharma_swarm.semantic_memory_bridge	dharma_swarm/semantic_memory_bridge.py	517	within_budget	3	7	0.00025319	864	1	0	@AmitabhainArunachala
dharma_swarm.semantic_researcher	dharma_swarm/semantic_researcher.py	420	within_budget	7	1	0.00040102	865	1	0	@AmitabhainArunachala
dharma_swarm.semantic_synthesizer	dharma_swarm/semantic_synthesizer.py	356	within_budget	7	1	0.00040102	866	1	0	@AmitabhainArunachala
dharma_swarm.session_event_bridge	dharma_swarm/session_event_bridge.py	311	within_budget	3	1	0.00045558	867	1	0	@AmitabhainArunachala
dharma_swarm.session_ledger	dharma_swarm/session_ledger.py	344	within_budget	8	2	0.00050185	868	1	0	@AmitabhainArunachala
dharma_swarm.shakti	dharma_swarm/shakti.py	200	within_budget	8	2	0.00045605	869	1	0	@AmitabhainArunachala
dharma_swarm.shakti_executive	dharma_swarm/shakti_executive/__init__.py	15	within_budget	3	2	0.00041514	870	1	0	@AmitabhainArunachala
dharma_swarm.shakti_executive.executive	dharma_swarm/shakti_executive/executive.py	192	within_budget	1	3	0.00035150	871	1	0	@AmitabhainArunachala
dharma_swarm.shakti_executive.feedback_writer	dharma_swarm/shakti_executive/feedback_writer.py	207	within_budget	2	1	0.00036445	872	1	0	@AmitabhainArunachala # blast=182
dharma_swarm.shakti_executive.inputs	dharma_swarm/shakti_executive/inputs.py	597	within_budget	2	1	0.00034906	873	1	0	@AmitabhainArunachala
dharma_swarm.shakti_executive.models	dharma_swarm/shakti_executive/models.py	81	within_budget	4	0	0.00098125	874	1	0	@AmitabhainArunachala
dharma_swarm.shakti_executive.scoring	dharma_swarm/shakti_executive/scoring.py	421	within_budget	1	1	0.00027465	875	1	0	@AmitabhainArunachala
dharma_swarm.shakti_warrant	dharma_swarm/shakti_warrant.py	635	within_budget	2	4	0.00044043	876	1	0	@AmitabhainArunachala
dharma_swarm.shakti_zeitgeist_executive	dharma_swarm/shakti_zeitgeist_executive.py	353	within_budget	1	4	0.00022467	877	1	0	@AmitabhainArunachala
dharma_swarm.sheaf	dharma_swarm/sheaf.py	456	within_budget	6	2	0.00074932	878	1	0	@AmitabhainArunachala
dharma_swarm.signal_bus	dharma_swarm/signal_bus.py	271	within_budget	30	0	0.00162945	879	1	0	@AmitabhainArunachala # blast=196
dharma_swarm.signal_map	dharma_swarm/signal_map.py	371	within_budget	2	0	0.00047267	880	1	0	@AmitabhainArunachala
dharma_swarm.skill_bridge	dharma_swarm/skill_bridge.py	202	within_budget	2	4	0.00032951	881	1	0	@AmitabhainArunachala
dharma_swarm.skill_composer	dharma_swarm/skill_composer.py	350	within_budget	4	2	0.00058187	882	1	0	@AmitabhainArunachala
dharma_swarm.skills	dharma_swarm/skills.py	310	within_budget	10	0	0.00088264	883	1	0	@AmitabhainArunachala
dharma_swarm.sleep_cycle	dharma_swarm/sleep_cycle.py	499	within_budget	4	9	0.00036767	884	1	0	@AmitabhainArunachala
dharma_swarm.sleep_state	dharma_swarm/sleep_state.py	22	within_budget	1	1	0.00020979	885	1	0	@AmitabhainArunachala
dharma_swarm.sleep_time_agent	dharma_swarm/sleep_time_agent.py	606	within_budget	5	2	0.00033911	886	1	0	@AmitabhainArunachala # blast=182
dharma_swarm.smart_router	dharma_swarm/smart_router.py	626	within_budget	2	3	0.00041095	1	9	0	@AmitabhainArunachala # blast=156
dharma_swarm.smart_seed_selector	dharma_swarm/smart_seed_selector.py	377	within_budget	2	4	0.00038508	23	2	0	@AmitabhainArunachala
dharma_swarm.spine	dharma_swarm/spine/__init__.py	71	within_budget	0	6	0.00017506	887	1	0	@AmitabhainArunachala
dharma_swarm.spine.adapters	dharma_swarm/spine/adapters.py	327	within_budget	9	1	0.00104036	888	1	0	@AmitabhainArunachala
dharma_swarm.spine.identity	dharma_swarm/spine/identity.py	210	within_budget	62	0	0.00944770	889	1	0	@AmitabhainArunachala # blast=263
dharma_swarm.spine.invoke	dharma_swarm/spine/invoke.py	55	within_budget	9	2	0.00054676	890	1	0	@AmitabhainArunachala
dharma_swarm.spine.persistence	dharma_swarm/spine/persistence.py	116	within_budget	2	1	0.00023852	891	1	0	@AmitabhainArunachala
dharma_swarm.spine.receipt	dharma_swarm/spine/receipt.py	325	within_budget	37	0	0.00261734	892	1	0	@AmitabhainArunachala
dharma_swarm.spine.routing	dharma_swarm/spine/routing.py	35	within_budget	16	0	0.00093348	893	1	0	@AmitabhainArunachala
dharma_swarm.spine.tollbooth	dharma_swarm/spine/tollbooth.py	36	within_budget	2	1	0.00123047	894	1	0	@AmitabhainArunachala # blast=198
dharma_swarm.spine.warrant	dharma_swarm/spine/warrant.py	308	within_budget	4	2	0.00040189	895	1	0	@AmitabhainArunachala
dharma_swarm.splash	dharma_swarm/splash.py	600	within_budget	4	0	0.00060299	896	1	0	@AmitabhainArunachala
dharma_swarm.startup_crew	dharma_swarm/startup_crew.py	579	within_budget	6	9	0.00038914	897	1	0	@AmitabhainArunachala
dharma_swarm.steelman_gate	dharma_swarm/steelman_gate.py	87	within_budget	3	1	0.00067152	898	1	0	@AmitabhainArunachala # blast=183
dharma_swarm.stigmergy	dharma_swarm/stigmergy.py	451	within_budget	56	3	0.00337765	899	1	0	@AmitabhainArunachala # blast=200
dharma_swarm.storage_schema_registry	dharma_swarm/storage_schema_registry.py	413	within_budget	1	0	0.00032387	900	1	0	@AmitabhainArunachala
dharma_swarm.strange_loop	dharma_swarm/strange_loop.py	418	within_budget	2	0	0.00030481	901	1	0	@AmitabhainArunachala # blast=182
dharma_swarm.strategy_reinforcer	dharma_swarm/strategy_reinforcer.py	425	within_budget	3	1	0.00031378	902	1	0	@AmitabhainArunachala
dharma_swarm.structured_predicate	dharma_swarm/structured_predicate.py	171	within_budget	4	0	0.00059450	903	1	0	@AmitabhainArunachala
dharma_swarm.subconscious	dharma_swarm/subconscious.py	199	within_budget	9	2	0.00046121	904	1	0	@AmitabhainArunachala
dharma_swarm.subconscious_hum	dharma_swarm/subconscious_hum.py	327	within_budget	1	3	0.00032387	905	1	0	@AmitabhainArunachala
dharma_swarm.subconscious_v2	dharma_swarm/subconscious_v2.py	730	within_budget	1	4	0.00024947	906	1	0	@AmitabhainArunachala
dharma_swarm.swarm	dharma_swarm/swarm.py	3289	grandfathered	29	58	0.00169495	907	1	0	@AmitabhainArunachala
dharma_swarm.swarm_health_api	dharma_swarm/swarm_health_api.py	247	within_budget	2	1	0.00032951	908	1	0	@AmitabhainArunachala
dharma_swarm.swarm_router	dharma_swarm/swarm_router.py	395	within_budget	3	3	0.00041715	1	9	0	@AmitabhainArunachala # blast=156
dharma_swarm.swarm_rv	dharma_swarm/swarm_rv.py	437	within_budget	1	1	0.00032387	909	1	0	@AmitabhainArunachala
dharma_swarm.synthesis_agent	dharma_swarm/synthesis_agent.py	323	within_budget	2	2	0.00026633	910	1	0	@AmitabhainArunachala
dharma_swarm.system_rv	dharma_swarm/system_rv.py	228	within_budget	2	3	0.00026091	911	1	0	@AmitabhainArunachala
dharma_swarm.task_board	dharma_swarm/task_board.py	780	within_budget	25	6	0.00117652	912	1	0	@AmitabhainArunachala
dharma_swarm.telemetry_optimizer	dharma_swarm/telemetry_optimizer.py	708	within_budget	3	1	0.00045999	913	1	0	@AmitabhainArunachala # blast=156
dharma_swarm.telemetry_plane	dharma_swarm/telemetry_plane.py	1325	over_budget	30	1	0.00283163	914	1	0	@AmitabhainArunachala # blast=170
dharma_swarm.telemetry_views	dharma_swarm/telemetry_views.py	157	within_budget	4	1	0.00034811	915	1	0	@AmitabhainArunachala
dharma_swarm.telic_seam	dharma_swarm/telic_seam.py	821	within_budget	8	8	0.00038194	0	10	0	@AmitabhainArunachala # blast=182
dharma_swarm.telos_formal	dharma_swarm/telos_formal.py	443	within_budget	4	5	0.00043410	0	10	0	@AmitabhainArunachala # blast=182
dharma_swarm.telos_formal_graph	dharma_swarm/telos_formal_graph.py	131	within_budget	2	1	0.00027862	916	1	0	@AmitabhainArunachala # blast=182
dharma_swarm.telos_formal_math	dharma_swarm/telos_formal_math.py	87	within_budget	4	0	0.00060515	917	1	0	@AmitabhainArunachala # blast=184
dharma_swarm.telos_formal_models	dharma_swarm/telos_formal_models.py	231	within_budget	4	2	0.00065160	918	1	0	@AmitabhainArunachala # blast=183
dharma_swarm.telos_gates	dharma_swarm/telos_gates.py	896	within_budget	50	10	0.00359381	0	10	0	@AmitabhainArunachala # blast=182
dharma_swarm.telos_gates_witness_enhancement	dharma_swarm/telos_gates_witness_enhancement.py	188	within_budget	2	1	0.00055494	919	1	0	@AmitabhainArunachala # blast=182
dharma_swarm.telos_graph	dharma_swarm/telos_graph.py	675	within_budget	12	1	0.00109534	920	1	0	@AmitabhainArunachala
dharma_swarm.telos_payload_classifier	dharma_swarm/telos_payload_classifier.py	259	within_budget	1	0	0.00048054	921	1	0	@AmitabhainArunachala # blast=182
dharma_swarm.telos_receipts	dharma_swarm/telos_receipts.py	122	within_budget	1	3	0.00048054	0	10	0	@AmitabhainArunachala # blast=182
dharma_swarm.telos_reroute	dharma_swarm/telos_reroute.py	213	within_budget	1	1	0.00048054	922	1	0	@AmitabhainArunachala # blast=182
dharma_swarm.telos_substrate	dharma_swarm/telos_substrate.py	4512	grandfathered	2	5	0.00034871	923	1	0	@AmitabhainArunachala
dharma_swarm.telos_tracker	dharma_swarm/telos_tracker.py	95	within_budget	3	1	0.00026250	924	1	0	@AmitabhainArunachala
dharma_swarm.temporal_graph	dharma_swarm/temporal_graph.py	475	within_budget	4	1	0.00051512	925	1	0	@AmitabhainArunachala # blast=185
dharma_swarm.terminal_adapters.claude	dharma_swarm/terminal_adapters/claude.py	590	within_budget	0	1	0.00017506	926	1	0	@AmitabhainArunachala
dharma_swarm.terminal_bridge	dharma_swarm/terminal_bridge.py	2652	grandfathered	1	25	0.00019366	927	1	0	@AmitabhainArunachala
dharma_swarm.terminal_bridge_chat	dharma_swarm/terminal_bridge_chat.py	305	within_budget	1	4	0.00018165	928	1	0	@AmitabhainArunachala
dharma_swarm.terminal_bridge_session_runtime	dharma_swarm/terminal_bridge_session_runtime.py	379	within_budget	1	5	0.00018165	929	1	0	@AmitabhainArunachala
dharma_swarm.terminal_bridge_session_types	dharma_swarm/terminal_bridge_session_types.py	25	within_budget	3	1	0.00025113	930	1	0	@AmitabhainArunachala
dharma_swarm.terminal_bridge_text	dharma_swarm/terminal_bridge_text.py	339	within_budget	2	0	0.00020025	931	1	0	@AmitabhainArunachala
dharma_swarm.terminal_commands	dharma_swarm/terminal_commands/__init__.py	5	within_budget	3	0	0.00028312	932	1	0	@AmitabhainArunachala
dharma_swarm.terminal_commands._helpers	dharma_swarm/terminal_commands/_helpers.py	275	within_budget	18	3	0.00066795	933	1	0	@AmitabhainArunachala
dharma_swarm.terminal_commands._status_helpers	dharma_swarm/terminal_commands/_status_helpers.py	487	within_budget	5	10	0.00030696	934	1	0	@AmitabhainArunachala
dharma_swarm.terminal_commands._status_readonly	dharma_swarm/terminal_commands/_status_readonly.py	26	within_budget	1	0	0.00020116	935	1	0	@AmitabhainArunachala
dharma_swarm.terminal_commands.agents	dharma_swarm/terminal_commands/agents.py	213	within_budget	1	8	0.00020060	936	1	0	@AmitabhainArunachala
dharma_swarm.terminal_commands.data_loop	dharma_swarm/terminal_commands/data_loop.py	498	within_budget	1	6	0.00020060	937	1	0	@AmitabhainArunachala
dharma_swarm.terminal_commands.diagnostics	dharma_swarm/terminal_commands/diagnostics.py	509	within_budget	1	12	0.00020060	938	1	0	@AmitabhainArunachala
dharma_swarm.terminal_commands.evolution	dharma_swarm/terminal_commands/evolution.py	235	within_budget	1	4	0.00020060	939	1	0	@AmitabhainArunachala
dharma_swarm.terminal_commands.governance	dharma_swarm/terminal_commands/governance.py	305	within_budget	1	6	0.00020060	940	1	0	@AmitabhainArunachala
dharma_swarm.terminal_commands.infrastructure	dharma_swarm/terminal_commands/infrastructure.py	412	within_budget	1	12	0.00020060	941	1	0	@AmitabhainArunachala
dharma_swarm.terminal_commands.intent	dharma_swarm/terminal_commands/intent.py	96	within_budget	1	1	0.00020060	942	1	0	@AmitabhainArunachala
dharma_swarm.terminal_commands.lifecycle	dharma_swarm/terminal_commands/lifecycle.py	512	within_budget	2	5	0.00022186	943	1	0	@AmitabhainArunachala
dharma_swarm.terminal_commands.memory	dharma_swarm/terminal_commands/memory.py	222	within_budget	1	8	0.00020060	944	1	0	@AmitabhainArunachala
dharma_swarm.terminal_commands.meta	dharma_swarm/terminal_commands/meta.py	259	within_budget	1	10	0.00020060	945	1	0	@AmitabhainArunachala
dharma_swarm.terminal_commands.operator	dharma_swarm/terminal_commands/operator.py	327	within_budget	1	9	0.00020060	946	1	0	@AmitabhainArunachala
dharma_swarm.terminal_commands.ouroboros	dharma_swarm/terminal_commands/ouroboros.py	393	within_budget	1	5	0.00020060	947	1	0	@AmitabhainArunachala
dharma_swarm.terminal_commands.semantic	dharma_swarm/terminal_commands/semantic.py	342	within_budget	1	9	0.00020060	948	1	0	@AmitabhainArunachala
dharma_swarm.terminal_commands.status	dharma_swarm/terminal_commands/status.py	445	within_budget	2	6	0.00023781	949	1	0	@AmitabhainArunachala
dharma_swarm.terminal_commands.stigmergy	dharma_swarm/terminal_commands/stigmergy.py	209	within_budget	1	6	0.00020060	950	1	0	@AmitabhainArunachala
dharma_swarm.terminal_commands.surfaces	dharma_swarm/terminal_commands/surfaces.py	123	within_budget	2	4	0.00025021	951	1	0	@AmitabhainArunachala
dharma_swarm.terminal_control	dharma_swarm/terminal_control.py	219	within_budget	3	0	0.00027712	952	1	0	@AmitabhainArunachala
dharma_swarm.terminal_overnight_supervisor	dharma_swarm/terminal_overnight_supervisor.py	658	within_budget	1	2	0.00032387	953	1	0	@AmitabhainArunachala
dharma_swarm.thermodynamic	dharma_swarm/thermodynamic.py	275	within_budget	2	1	0.00033531	954	1	0	@AmitabhainArunachala
dharma_swarm.thinkodynamic_canary	dharma_swarm/thinkodynamic_canary.py	681	within_budget	2	1	0.00047267	955	1	0	@AmitabhainArunachala
dharma_swarm.thinkodynamic_director	dharma_swarm/thinkodynamic_director.py	5255	grandfathered	10	16	0.00115224	23	2	0	@AmitabhainArunachala
dharma_swarm.thinkodynamic_scorer	dharma_swarm/thinkodynamic_scorer.py	359	within_budget	5	0	0.00100787	956	1	0	@AmitabhainArunachala
dharma_swarm.thread_manager	dharma_swarm/thread_manager.py	105	within_budget	4	1	0.00037391	957	1	0	@AmitabhainArunachala
dharma_swarm.tiny_router_shadow	dharma_swarm/tiny_router_shadow.py	719	within_budget	3	0	0.00061509	958	1	0	@AmitabhainArunachala # blast=191
dharma_swarm.tool_registry	dharma_swarm/tool_registry.py	320	within_budget	5	3	0.00055455	959	1	0	@AmitabhainArunachala
dharma_swarm.topology_genome	dharma_swarm/topology_genome.py	136	within_budget	3	1	0.00114332	960	1	0	@AmitabhainArunachala
dharma_swarm.trace_attractor	dharma_swarm/trace_attractor/__init__.py	51	within_budget	2	3	0.00034247	961	1	0	@AmitabhainArunachala
dharma_swarm.trace_attractor.cli	dharma_swarm/trace_attractor/cli.py	126	within_budget	3	5	0.00027445	962	1	0	@AmitabhainArunachala
dharma_swarm.trace_attractor.models	dharma_swarm/trace_attractor/models.py	229	within_budget	4	0	0.00083676	963	1	0	@AmitabhainArunachala
dharma_swarm.trace_attractor.projector	dharma_swarm/trace_attractor/projector.py	555	within_budget	4	1	0.00041740	964	1	0	@AmitabhainArunachala
dharma_swarm.trace_attractor.readers	dharma_swarm/trace_attractor/readers.py	607	within_budget	2	2	0.00031875	965	1	0	@AmitabhainArunachala
dharma_swarm.traces	dharma_swarm/traces.py	320	within_budget	25	4	0.00242327	966	1	0	@AmitabhainArunachala # blast=195
dharma_swarm.training_flywheel	dharma_swarm/training_flywheel.py	432	within_budget	4	6	0.00030393	967	1	0	@AmitabhainArunachala
dharma_swarm.trajectory_collector	dharma_swarm/trajectory_collector.py	288	within_budget	6	0	0.00086260	968	1	0	@AmitabhainArunachala
dharma_swarm.transcendence	dharma_swarm/transcendence.py	405	within_budget	3	3	0.00031875	969	1	0	@AmitabhainArunachala
dharma_swarm.transcendence_aggregation	dharma_swarm/transcendence_aggregation.py	201	within_budget	3	0	0.00046190	970	1	0	@AmitabhainArunachala
dharma_swarm.transcendence_metrics	dharma_swarm/transcendence_metrics.py	168	within_budget	2	0	0.00041418	971	1	0	@AmitabhainArunachala
dharma_swarm.trishula_bridge	dharma_swarm/trishula_bridge.py	346	within_budget	1	1	0.00024947	972	1	0	@AmitabhainArunachala
dharma_swarm.tui	dharma_swarm/tui/__init__.py	101	within_budget	11	1	0.00076502	973	1	0	@AmitabhainArunachala
dharma_swarm.tui.app	dharma_swarm/tui/app.py	2538	grandfathered	6	31	0.00101376	974	1	0	@AmitabhainArunachala
dharma_swarm.tui.commands	dharma_swarm/tui/commands/__init__.py	6	within_budget	1	2	0.00018165	975	1	0	@AmitabhainArunachala
dharma_swarm.tui.commands.palette	dharma_swarm/tui/commands/palette.py	87	within_budget	3	1	0.00029359	976	1	0	@AmitabhainArunachala
dharma_swarm.tui.commands.system_commands	dharma_swarm/tui/commands/system_commands.py	626	within_budget	5	0	0.00044898	977	1	0	@AmitabhainArunachala
dharma_swarm.tui.engine	dharma_swarm/tui/engine/__init__.py	76	within_budget	0	7	0.00017506	978	1	0	@AmitabhainArunachala
dharma_swarm.tui.engine.adapters	dharma_swarm/tui/engine/adapters/__init__.py	26	within_budget	4	4	0.00030655	979	1	0	@AmitabhainArunachala
dharma_swarm.tui.engine.adapters.base	dharma_swarm/tui/engine/adapters/base.py	105	within_budget	8	1	0.00063291	980	1	0	@AmitabhainArunachala
dharma_swarm.tui.engine.adapters.claude	dharma_swarm/tui/engine/adapters/claude.py	494	within_budget	2	9	0.00028981	981	1	0	@AmitabhainArunachala
dharma_swarm.tui.engine.adapters.claude_cli	dharma_swarm/tui/engine/adapters/claude_cli.py	117	within_budget	1	1	0.00020243	982	1	0	@AmitabhainArunachala
dharma_swarm.tui.engine.adapters.claude_process	dharma_swarm/tui/engine/adapters/claude_process.py	37	within_budget	1	0	0.00020243	983	1	0	@AmitabhainArunachala
dharma_swarm.tui.engine.adapters.codex	dharma_swarm/tui/engine/adapters/codex.py	655	within_budget	2	6	0.00028981	984	1	0	@AmitabhainArunachala
dharma_swarm.tui.engine.adapters.openrouter	dharma_swarm/tui/engine/adapters/openrouter.py	340	within_budget	2	7	0.00026146	985	1	0	@AmitabhainArunachala
dharma_swarm.tui.engine.event_types	dharma_swarm/tui/engine/event_types.py	133	within_budget	8	0	0.00093516	986	1	0	@AmitabhainArunachala
dharma_swarm.tui.engine.events	dharma_swarm/tui/engine/events.py	265	within_budget	37	0	0.00374163	987	1	0	@AmitabhainArunachala
dharma_swarm.tui.engine.governance	dharma_swarm/tui/engine/governance.py	120	within_budget	2	1	0.00025262	988	1	0	@AmitabhainArunachala
dharma_swarm.tui.engine.provider_runner	dharma_swarm/tui/engine/provider_runner.py	240	within_budget	3	4	0.00026492	989	1	0	@AmitabhainArunachala
dharma_swarm.tui.engine.session_state	dharma_swarm/tui/engine/session_state.py	120	within_budget	5	2	0.00038893	990	1	0	@AmitabhainArunachala
dharma_swarm.tui.engine.session_store	dharma_swarm/tui/engine/session_store.py	369	within_budget	5	3	0.00036722	991	1	0	@AmitabhainArunachala
dharma_swarm.tui.engine.stream_parser	dharma_swarm/tui/engine/stream_parser.py	241	within_budget	3	1	0.00027329	992	1	0	@AmitabhainArunachala
dharma_swarm.tui.model_routing	dharma_swarm/tui/model_routing.py	633	within_budget	6	4	0.00034713	993	1	0	@AmitabhainArunachala
dharma_swarm.tui.screens	dharma_swarm/tui/screens/__init__.py	8	within_budget	2	4	0.00022579	994	1	0	@AmitabhainArunachala
dharma_swarm.tui.screens.btw	dharma_swarm/tui/screens/btw.py	431	within_budget	3	6	0.00028804	995	1	0	@AmitabhainArunachala
dharma_swarm.tui.screens.command_center	dharma_swarm/tui/screens/command_center.py	395	within_budget	3	10	0.00026437	996	1	0	@AmitabhainArunachala
dharma_swarm.tui.screens.main	dharma_swarm/tui/screens/main.py	138	within_budget	2	3	0.00025084	997	1	0	@AmitabhainArunachala
dharma_swarm.tui.screens.splash	dharma_swarm/tui/screens/splash.py	84	within_budget	2	1	0.00025084	998	1	0	@AmitabhainArunachala
dharma_swarm.tui.theme	dharma_swarm/tui/theme/__init__.py	5	within_budget	0	1	0.00017506	999	1	0	@AmitabhainArunachala
dharma_swarm.tui.theme.dharma_dark	dharma_swarm/tui/theme/dharma_dark.py	48	within_budget	2	0	0.00035166	1000	1	0	@AmitabhainArunachala
dharma_swarm.tui.tui_launcher	dharma_swarm/tui/tui_launcher.py	31	within_budget	1	2	0.00024947	1001	1	0	@AmitabhainArunachala
dharma_swarm.tui.widgets	dharma_swarm/tui/widgets/__init__.py	26	within_budget	1	10	0.00018859	1002	1	0	@AmitabhainArunachala
dharma_swarm.tui.widgets.agent_table	dharma_swarm/tui/widgets/agent_table.py	144	within_budget	3	1	0.00022709	1003	1	0	@AmitabhainArunachala
dharma_swarm.tui.widgets.evolution_panel	dharma_swarm/tui/widgets/evolution_panel.py	65	within_budget	3	0	0.00022709	1004	1	0	@AmitabhainArunachala
dharma_swarm.tui.widgets.health_panel	dharma_swarm/tui/widgets/health_panel.py	183	within_budget	3	0	0.00022709	1005	1	0	@AmitabhainArunachala
dharma_swarm.tui.widgets.lineage_explorer	dharma_swarm/tui/widgets/lineage_explorer.py	150	within_budget	3	0	0.00022709	1006	1	0	@AmitabhainArunachala
dharma_swarm.tui.widgets.ontology_browser	dharma_swarm/tui/widgets/ontology_browser.py	148	within_budget	3	0	0.00022709	1007	1	0	@AmitabhainArunachala
dharma_swarm.tui.widgets.prompt_input	dharma_swarm/tui/widgets/prompt_input.py	85	within_budget	5	0	0.00058032	1008	1	0	@AmitabhainArunachala
dharma_swarm.tui.widgets.status_bar	dharma_swarm/tui/widgets/status_bar.py	158	within_budget	3	0	0.00028996	1009	1	0	@AmitabhainArunachala
dharma_swarm.tui.widgets.stream_output	dharma_swarm/tui/widgets/stream_output.py	502	within_budget	6	2	0.00041757	1010	1	0	@AmitabhainArunachala
dharma_swarm.tui.widgets.thinking_panel	dharma_swarm/tui/widgets/thinking_panel.py	60	within_budget	1	0	0.00019109	1011	1	0	@AmitabhainArunachala
dharma_swarm.tui.widgets.tool_call_card	dharma_swarm/tui/widgets/tool_call_card.py	82	within_budget	1	0	0.00019109	1012	1	0	@AmitabhainArunachala
dharma_swarm.tui_helpers	dharma_swarm/tui_helpers.py	625	within_budget	4	3	0.00031754	1013	1	0	@AmitabhainArunachala
dharma_swarm.tui_legacy	dharma_swarm/tui_legacy.py	1795	over_budget	3	11	0.00037146	1014	1	0	@AmitabhainArunachala
dharma_swarm.ucb_selector	dharma_swarm/ucb_selector.py	97	within_budget	3	1	0.00032880	1015	1	0	@AmitabhainArunachala
dharma_swarm.vault_bridge	dharma_swarm/vault_bridge.py	885	within_budget	1	2	0.00024947	1016	1	0	@AmitabhainArunachala
dharma_swarm.vector_fallback_guard	dharma_swarm/vector_fallback_guard.py	91	within_budget	1	0	0.00113136	1017	1	0	@AmitabhainArunachala # blast=189
dharma_swarm.vector_store	dharma_swarm/vector_store.py	966	within_budget	16	2	0.00225011	1018	1	0	@AmitabhainArunachala # blast=188
dharma_swarm.verifier_ranker_v0	dharma_swarm/verifier_ranker_v0/__init__.py	32	within_budget	0	2	0.00017506	1019	1	0	@AmitabhainArunachala
dharma_swarm.verifier_ranker_v0.inventory	dharma_swarm/verifier_ranker_v0/inventory.py	315	within_budget	0	0	0.00017506	1020	1	0	@AmitabhainArunachala
dharma_swarm.verifier_ranker_v0.package	dharma_swarm/verifier_ranker_v0/package.py	107	within_budget	1	1	0.00022467	1021	1	0	@AmitabhainArunachala
dharma_swarm.verifier_ranker_v0.redaction	dharma_swarm/verifier_ranker_v0/redaction.py	169	within_budget	2	0	0.00029907	1022	1	0	@AmitabhainArunachala
dharma_swarm.verifier_ranker_v0.schemas	dharma_swarm/verifier_ranker_v0/schemas.py	191	within_budget	3	0	0.00049003	1023	1	0	@AmitabhainArunachala
dharma_swarm.verify	dharma_swarm/verify/__init__.py	26	within_budget	0	4	0.00017506	1024	1	0	@AmitabhainArunachala
dharma_swarm.verify.comprehension	dharma_swarm/verify/comprehension.py	149	within_budget	2	0	0.00028667	1025	1	0	@AmitabhainArunachala
dharma_swarm.verify.github_app	dharma_swarm/verify/github_app.py	333	within_budget	2	1	0.00026736	1026	1	0	@AmitabhainArunachala
dharma_swarm.verify.reporter	dharma_swarm/verify/reporter.py	122	within_budget	3	1	0.00058970	24	2	0	@AmitabhainArunachala
dharma_swarm.verify.reviewer	dharma_swarm/verify/reviewer.py	304	within_budget	7	3	0.00115707	24	2	0	@AmitabhainArunachala
dharma_swarm.verify.scorer	dharma_swarm/verify/scorer.py	611	within_budget	6	0	0.00083081	1027	1	0	@AmitabhainArunachala
dharma_swarm.viz_projection	dharma_swarm/viz_projection.py	416	within_budget	2	3	0.00039827	1028	1	0	@AmitabhainArunachala
dharma_swarm.vsm_channels	dharma_swarm/vsm_channels.py	835	within_budget	2	2	0.00030481	1029	1	0	@AmitabhainArunachala # blast=182
dharma_swarm.web_search	dharma_swarm/web_search.py	595	within_budget	3	0	0.00027402	1030	1	0	@AmitabhainArunachala
dharma_swarm.wiki_vector_ingest	dharma_swarm/wiki_vector_ingest.py	104	within_budget	7	5	0.00035212	1031	1	0	@AmitabhainArunachala
dharma_swarm.witness	dharma_swarm/witness.py	430	within_budget	5	6	0.00038706	1032	1	0	@AmitabhainArunachala
dharma_swarm.worker_spawn	dharma_swarm/worker_spawn.py	453	within_budget	3	7	0.00024746	1033	1	0	@AmitabhainArunachala
dharma_swarm.workflow	dharma_swarm/workflow.py	682	within_budget	6	1	0.00141157	1034	1	0	@AmitabhainArunachala
dharma_swarm.workspace_topology	dharma_swarm/workspace_topology.py	183	within_budget	3	0	0.00026494	1035	1	0	@AmitabhainArunachala
dharma_swarm.world_actions	dharma_swarm/world_actions.py	329	within_budget	2	0	0.00041964	1036	1	0	@AmitabhainArunachala
dharma_swarm.world_model	dharma_swarm/world_model.py	307	within_budget	3	0	0.00034096	1037	1	0	@AmitabhainArunachala
dharma_swarm.world_radar	dharma_swarm/world_radar/__init__.py	1	within_budget	3	0	0.00034867	1038	1	0	@AmitabhainArunachala
dharma_swarm.world_radar.analysis	dharma_swarm/world_radar/analysis.py	715	within_budget	3	0	0.00040224	1039	1	0	@AmitabhainArunachala
dharma_swarm.world_radar.bronze	dharma_swarm/world_radar/bronze.py	673	within_budget	2	2	0.00038339	1040	1	0	@AmitabhainArunachala
dharma_swarm.world_radar.cli	dharma_swarm/world_radar/cli.py	102	within_budget	2	2	0.00037347	1041	1	0	@AmitabhainArunachala
dharma_swarm.world_radar.go_bridge	dharma_swarm/world_radar/go_bridge.py	806	within_budget	6	7	0.00037876	1042	1	0	@AmitabhainArunachala
dharma_swarm.world_radar.go_invoke	dharma_swarm/world_radar/go_invoke.py	403	within_budget	9	2	0.00075427	1043	1	0	@AmitabhainArunachala
dharma_swarm.world_radar.io_utils	dharma_swarm/world_radar/io_utils.py	116	within_budget	4	0	0.00075416	1044	1	0	@AmitabhainArunachala
dharma_swarm.world_radar.rnd	dharma_swarm/world_radar/rnd.py	126	within_budget	1	0	0.00022106	1045	1	0	@AmitabhainArunachala
dharma_swarm.world_radar.theme_window	dharma_swarm/world_radar/theme_window.py	215	within_budget	3	0	0.00039345	1046	1	0	@AmitabhainArunachala
dharma_swarm.xray	dharma_swarm/xray.py	1251	over_budget	3	1	0.00041515	1047	1	0	@AmitabhainArunachala
dharma_swarm.yoga_node	dharma_swarm/yoga_node.py	569	within_budget	3	1	0.00029974	1048	1	0	@AmitabhainArunachala
dharma_swarm.zeitgeist	dharma_swarm/zeitgeist.py	341	within_budget	7	2	0.00048312	1049	1	0	@AmitabhainArunachala # blast=184
scripts.agents.a2a_roundtrip_perplexity_computer	scripts/agents/a2a_roundtrip_perplexity_computer.py	189	out_of_scope	0	2	0.00017506	1050	1	0	@AmitabhainArunachala
scripts.algedonic_triage	scripts/algedonic_triage.py	169	out_of_scope	0	0	0.00017506	1051	1	0	@AmitabhainArunachala
scripts.allout_autopilot	scripts/allout_autopilot.py	1439	out_of_scope	0	2	0.00017506	1052	1	0	@AmitabhainArunachala
scripts.analysis.analyze_pramada	scripts/analysis/analyze_pramada.py	182	out_of_scope	0	0	0.00017506	1053	1	0	@AmitabhainArunachala
scripts.analysis.measure_baseline_jikoku	scripts/analysis/measure_baseline_jikoku.py	222	out_of_scope	0	3	0.00017506	1054	1	0	@AmitabhainArunachala
scripts.check_provider_credits	scripts/check_provider_credits.py	322	out_of_scope	0	1	0.00017506	1055	1	0	@AmitabhainArunachala
scripts.ci.classify_changed_paths	scripts/ci/classify_changed_paths.py	165	out_of_scope	0	0	0.00017506	1056	1	0	@AmitabhainArunachala
scripts.close_duplicate_guardian_issues	scripts/close_duplicate_guardian_issues.py	162	out_of_scope	0	0	0.00017506	1057	1	0	@AmitabhainArunachala
scripts.codex_mention_bridge	scripts/codex_mention_bridge.py	514	out_of_scope	0	0	0.00017506	1058	1	0	@AmitabhainArunachala
scripts.codex_overnight_autopilot	scripts/codex_overnight_autopilot.py	15	out_of_scope	0	1	0.00017506	1059	1	0	@AmitabhainArunachala
scripts.compact_stigmergy	scripts/compact_stigmergy.py	230	out_of_scope	0	0	0.00017506	1060	1	0	@AmitabhainArunachala
scripts.composer_background_loop	scripts/composer_background_loop.py	846	out_of_scope	0	0	0.00017506	1061	1	0	@AmitabhainArunachala
scripts.composer_console	scripts/composer_console.py	344	out_of_scope	0	0	0.00017506	1062	1	0	@AmitabhainArunachala
scripts.compounding_ledger	scripts/compounding_ledger.py	296	out_of_scope	1	1	0.00032387	1063	1	0	@AmitabhainArunachala
scripts.connection_finder	scripts/connection_finder.py	88	out_of_scope	0	1	0.00017506	1064	1	0	@AmitabhainArunachala
scripts.consume_review_marks	scripts/consume_review_marks.py	420	out_of_scope	0	0	0.00017506	1065	1	0	@AmitabhainArunachala
scripts.cron_unify	scripts/cron_unify.py	179	out_of_scope	0	0	0.00017506	1066	1	0	@AmitabhainArunachala
scripts.demos.demo_jikoku	scripts/demos/demo_jikoku.py	123	out_of_scope	0	3	0.00017506	1067	1	0	@AmitabhainArunachala
scripts.demos.demo_jikoku_fitness_evolution	scripts/demos/demo_jikoku_fitness_evolution.py	220	out_of_scope	0	2	0.00017506	1068	1	0	@AmitabhainArunachala
scripts.dgc_full_power_probe	scripts/dgc_full_power_probe.py	7	out_of_scope	0	1	0.00017506	1069	1	0	@AmitabhainArunachala
scripts.dgc_max_stress	scripts/dgc_max_stress.py	777	out_of_scope	0	4	0.00017506	1070	1	0	@AmitabhainArunachala
scripts.diagnostics.proposal_gate_probe	scripts/diagnostics/proposal_gate_probe.py	110	out_of_scope	0	1	0.00017506	1071	1	0	@AmitabhainArunachala
scripts.docops.check_docops_integrity	scripts/docops/check_docops_integrity.py	1006	out_of_scope	0	0	0.00017506	1072	1	0	@AmitabhainArunachala
scripts.economic_fitness_demo	scripts/economic_fitness_demo.py	166	out_of_scope	0	1	0.00017506	1073	1	0	@AmitabhainArunachala
scripts.experiments.test_full_loop	scripts/experiments/test_full_loop.py	254	out_of_scope	0	9	0.00017506	1074	1	0	@AmitabhainArunachala
scripts.field_scan	scripts/field_scan.py	160	out_of_scope	0	2	0.00017506	1075	1	0	@AmitabhainArunachala
scripts.full_stack_smoke	scripts/full_stack_smoke.py	462	out_of_scope	0	8	0.00017506	1076	1	0	@AmitabhainArunachala
scripts.gaia_demo	scripts/gaia_demo.py	307	out_of_scope	0	3	0.00017506	1077	1	0	@AmitabhainArunachala
scripts.gemma_kv_vproj_transfer_harness	scripts/gemma_kv_vproj_transfer_harness.py	742	out_of_scope	0	0	0.00017506	1078	1	0	@AmitabhainArunachala
scripts.gemma_scope_bundle_install	scripts/gemma_scope_bundle_install.py	679	out_of_scope	0	0	0.00017506	1079	1	0	@AmitabhainArunachala
scripts.ginko_run_signals	scripts/ginko_run_signals.py	204	out_of_scope	0	2	0.00017506	1080	1	0	@AmitabhainArunachala
scripts.governance.a2a_adapt_semantic_receipts	scripts/governance/a2a_adapt_semantic_receipts.py	488	out_of_scope	1	2	0.00022467	1081	1	0	@AmitabhainArunachala
scripts.governance.a2a_agent_onboard	scripts/governance/a2a_agent_onboard.py	146	out_of_scope	0	3	0.00017506	1082	1	0	@AmitabhainArunachala
scripts.governance.a2a_block_operator_gated_tasks	scripts/governance/a2a_block_operator_gated_tasks.py	383	out_of_scope	1	2	0.00022467	1083	1	0	@AmitabhainArunachala
scripts.governance.a2a_block_sab_qwen_runtime_blockers	scripts/governance/a2a_block_sab_qwen_runtime_blockers.py	499	out_of_scope	1	2	0.00022467	1084	1	0	@AmitabhainArunachala
scripts.governance.a2a_block_stale_forge_v01	scripts/governance/a2a_block_stale_forge_v01.py	499	out_of_scope	1	3	0.00022467	1085	1	0	@AmitabhainArunachala
scripts.governance.a2a_block_stale_hermes_claims	scripts/governance/a2a_block_stale_hermes_claims.py	523	out_of_scope	1	3	0.00022467	1086	1	0	@AmitabhainArunachala
scripts.governance.a2a_block_stale_holon_review_targets	scripts/governance/a2a_block_stale_holon_review_targets.py	482	out_of_scope	1	3	0.00022467	1087	1	0	@AmitabhainArunachala
scripts.governance.a2a_block_verified_duplicate_open_rows	scripts/governance/a2a_block_verified_duplicate_open_rows.py	457	out_of_scope	1	2	0.00022467	1088	1	0	@AmitabhainArunachala
scripts.governance.a2a_readiness_blocker_audit	scripts/governance/a2a_readiness_blocker_audit.py	344	out_of_scope	1	1	0.00032387	1089	1	0	@AmitabhainArunachala
scripts.governance.a2a_reconcile_embedded_receipts	scripts/governance/a2a_reconcile_embedded_receipts.py	201	out_of_scope	1	1	0.00022467	1090	1	0	@AmitabhainArunachala
scripts.governance.a2a_recover_legacy_proof_receipts	scripts/governance/a2a_recover_legacy_proof_receipts.py	396	out_of_scope	1	2	0.00022467	1091	1	0	@AmitabhainArunachala
scripts.governance.agent_onboard	scripts/governance/agent_onboard.py	236	out_of_scope	1	1	0.00019366	1092	1	0	@AmitabhainArunachala
scripts.governance.arena_truth_report	scripts/governance/arena_truth_report.py	268	out_of_scope	0	5	0.00017506	1093	1	0	@AmitabhainArunachala
scripts.governance.assurance_boundary	scripts/governance/assurance_boundary.py	430	out_of_scope	0	0	0.00017506	1094	1	0	@AmitabhainArunachala
scripts.governance.autofill_coherence_delta	scripts/governance/autofill_coherence_delta.py	131	out_of_scope	0	0	0.00017506	1095	1	0	@AmitabhainArunachala
scripts.governance.branch_janitor	scripts/governance/branch_janitor.py	841	out_of_scope	0	0	0.00017506	1096	1	0	@AmitabhainArunachala
scripts.governance.check_a2a_readiness	scripts/governance/check_a2a_readiness.py	154	out_of_scope	18	1	0.00136426	1097	1	0	@AmitabhainArunachala
scripts.governance.check_agentops_packet_scope	scripts/governance/check_agentops_packet_scope.py	527	out_of_scope	0	2	0.00017506	1098	1	0	@AmitabhainArunachala
scripts.governance.check_arena_replay	scripts/governance/check_arena_replay.py	87	out_of_scope	0	2	0.00017506	1099	1	0	@AmitabhainArunachala
scripts.governance.check_automerge_tier_policy	scripts/governance/check_automerge_tier_policy.py	709	out_of_scope	0	1	0.00017506	1100	1	0	@AmitabhainArunachala
scripts.governance.check_ci_parity	scripts/governance/check_ci_parity.py	603	out_of_scope	0	0	0.00017506	1101	1	0	@AmitabhainArunachala
scripts.governance.check_claim_evidence_binding	scripts/governance/check_claim_evidence_binding.py	192	out_of_scope	0	2	0.00017506	1102	1	0	@AmitabhainArunachala
scripts.governance.check_council_invariants	scripts/governance/check_council_invariants.py	112	out_of_scope	0	1	0.00017506	1103	1	0	@AmitabhainArunachala
scripts.governance.check_forge_bypass	scripts/governance/check_forge_bypass.py	151	out_of_scope	0	0	0.00017506	1104	1	0	@AmitabhainArunachala
scripts.governance.check_import_provenance	scripts/governance/check_import_provenance.py	298	out_of_scope	0	0	0.00017506	1105	1	0	@AmitabhainArunachala
scripts.governance.check_memory_kernel_canonical	scripts/governance/check_memory_kernel_canonical.py	209	out_of_scope	0	0	0.00017506	1106	1	0	@AmitabhainArunachala
scripts.governance.check_module_budget	scripts/governance/check_module_budget.py	254	out_of_scope	0	0	0.00017506	1107	1	0	@AmitabhainArunachala
scripts.governance.check_module_coherence	scripts/governance/check_module_coherence.py	139	out_of_scope	1	0	0.00032387	1108	1	0	@AmitabhainArunachala
scripts.governance.check_name_drift	scripts/governance/check_name_drift.py	375	out_of_scope	0	0	0.00017506	1109	1	0	@AmitabhainArunachala
scripts.governance.check_nats_live_production_evidence	scripts/governance/check_nats_live_production_evidence.py	612	out_of_scope	0	0	0.00017506	1110	1	0	@AmitabhainArunachala
scripts.governance.check_nats_substrate_contract	scripts/governance/check_nats_substrate_contract.py	463	out_of_scope	0	4	0.00017506	1111	1	0	@AmitabhainArunachala
scripts.governance.check_ontology_alignment	scripts/governance/check_ontology_alignment.py	795	out_of_scope	1	0	0.00032387	1112	1	0	@AmitabhainArunachala
scripts.governance.check_pr_coherence_delta	scripts/governance/check_pr_coherence_delta.py	251	out_of_scope	1	0	0.00032387	1113	1	0	@AmitabhainArunachala
scripts.governance.check_quarantine	scripts/governance/check_quarantine.py	175	out_of_scope	0	0	0.00017506	1114	1	0	@AmitabhainArunachala
scripts.governance.check_routing_receipt	scripts/governance/check_routing_receipt.py	102	out_of_scope	0	1	0.00017506	1115	1	0	@AmitabhainArunachala
scripts.governance.check_shakti_warrant	scripts/governance/check_shakti_warrant.py	326	out_of_scope	1	1	0.00022467	1116	1	0	@AmitabhainArunachala
scripts.governance.check_test_hygiene	scripts/governance/check_test_hygiene.py	164	out_of_scope	0	0	0.00017506	1117	1	0	@AmitabhainArunachala
scripts.governance.check_track_status	scripts/governance/check_track_status.py	3154	out_of_scope	2	0	0.00050248	1118	1	0	@AmitabhainArunachala
scripts.governance.check_workflow_cache_token	scripts/governance/check_workflow_cache_token.py	255	out_of_scope	0	0	0.00017506	1119	1	0	@AmitabhainArunachala
scripts.governance.check_worktree_budget	scripts/governance/check_worktree_budget.py	186	out_of_scope	0	0	0.00017506	1120	1	0	@AmitabhainArunachala
scripts.governance.codeowners_blast_radius	scripts/governance/codeowners_blast_radius.py	265	out_of_scope	0	0	0.00017506	1121	1	0	@AmitabhainArunachala
scripts.governance.cybernetics_codex_audit	scripts/governance/cybernetics_codex_audit.py	67	out_of_scope	0	3	0.00017506	1122	1	0	@AmitabhainArunachala
scripts.governance.dharmagraph_parity_gauntlet	scripts/governance/dharmagraph_parity_gauntlet.py	1322	out_of_scope	1	2	0.00022467	1123	1	0	@AmitabhainArunachala
scripts.governance.fail_closed	scripts/governance/fail_closed.py	46	out_of_scope	0	0	0.00017506	1124	1	0	@AmitabhainArunachala
scripts.governance.frontier_ledger	scripts/governance/frontier_ledger.py	388	out_of_scope	0	3	0.00017506	1125	1	0	@AmitabhainArunachala
scripts.governance.generate_final_boss_dossier	scripts/governance/generate_final_boss_dossier.py	452	out_of_scope	0	0	0.00017506	1126	1	0	@AmitabhainArunachala
scripts.governance.guardian_import_smoke	scripts/governance/guardian_import_smoke.py	149	out_of_scope	0	0	0.00017506	1127	1	0	@AmitabhainArunachala
scripts.governance.hygiene.audit_agent_prompt	scripts/governance/hygiene/audit_agent_prompt.py	51	out_of_scope	0	0	0.00017506	1128	1	0	@AmitabhainArunachala
scripts.governance.hygiene.check_hygiene_integrity	scripts/governance/hygiene/check_hygiene_integrity.py	306	out_of_scope	0	0	0.00017506	1129	1	0	@AmitabhainArunachala
scripts.governance.hygiene.delta_ratchet	scripts/governance/hygiene/delta_ratchet.py	398	out_of_scope	0	0	0.00017506	1130	1	0	@AmitabhainArunachala
scripts.governance.hygiene.mypy_strict_ratchet	scripts/governance/hygiene/mypy_strict_ratchet.py	84	out_of_scope	0	0	0.00017506	1131	1	0	@AmitabhainArunachala
scripts.governance.hygiene.promote	scripts/governance/hygiene/promote.py	48	out_of_scope	0	0	0.00017506	1132	1	0	@AmitabhainArunachala
scripts.governance.hygiene.ratchet	scripts/governance/hygiene/ratchet.py	533	out_of_scope	0	0	0.00017506	1133	1	0	@AmitabhainArunachala
scripts.governance.hygiene.ratchet_counters	scripts/governance/hygiene/ratchet_counters.py	390	out_of_scope	0	0	0.00017506	1134	1	0	@AmitabhainArunachala
scripts.governance.hygiene.scan	scripts/governance/hygiene/scan.py	100	out_of_scope	0	0	0.00017506	1135	1	0	@AmitabhainArunachala
scripts.governance.hygiene.sync_in_async	scripts/governance/hygiene/sync_in_async.py	64	out_of_scope	0	0	0.00017506	1136	1	0	@AmitabhainArunachala
scripts.governance.inward_ascent_baseline	scripts/governance/inward_ascent_baseline.py	472	out_of_scope	0	4	0.00017506	1137	1	0	@AmitabhainArunachala
scripts.governance.kaizen_review_from_agentops	scripts/governance/kaizen_review_from_agentops.py	481	out_of_scope	0	0	0.00017506	1138	1	0	@AmitabhainArunachala
scripts.governance.liveness_ledger_check	scripts/governance/liveness_ledger_check.py	229	out_of_scope	0	1	0.00017506	1139	1	0	@AmitabhainArunachala
scripts.governance.loop1_consumption_check	scripts/governance/loop1_consumption_check.py	779	out_of_scope	1	0	0.00022467	1140	1	0	@AmitabhainArunachala
scripts.governance.loop_watcher	scripts/governance/loop_watcher.py	625	out_of_scope	0	0	0.00017506	1141	1	0	@AmitabhainArunachala
scripts.governance.metabolization_sweep_ledger	scripts/governance/metabolization_sweep_ledger.py	741	out_of_scope	0	0	0.00017506	1142	1	0	@AmitabhainArunachala
scripts.governance.orientation_graph	scripts/governance/orientation_graph.py	1168	out_of_scope	2	4	0.00034247	1143	1	0	@AmitabhainArunachala
scripts.governance.palantir_pilot_audit	scripts/governance/palantir_pilot_audit.py	47	out_of_scope	0	1	0.00017506	1144	1	0	@AmitabhainArunachala
scripts.governance.pr_ci_health	scripts/governance/pr_ci_health.py	624	out_of_scope	0	0	0.00017506	1145	1	0	@AmitabhainArunachala
scripts.governance.pr_ci_safe_rebase	scripts/governance/pr_ci_safe_rebase.py	522	out_of_scope	0	0	0.00017506	1146	1	0	@AmitabhainArunachala
scripts.governance.pramana_probe	scripts/governance/pramana_probe.py	413	out_of_scope	0	1	0.00017506	1147	1	0	@AmitabhainArunachala
scripts.governance.register_cybernetics_codex	scripts/governance/register_cybernetics_codex.py	90	out_of_scope	0	3	0.00017506	1148	1	0	@AmitabhainArunachala
scripts.governance.register_palantir_pilot	scripts/governance/register_palantir_pilot.py	73	out_of_scope	0	2	0.00017506	1149	1	0	@AmitabhainArunachala
scripts.governance.register_self_mod_semantic_gate	scripts/governance/register_self_mod_semantic_gate.py	90	out_of_scope	0	1	0.00017506	1150	1	0	@AmitabhainArunachala
scripts.governance.render_active_track_includes	scripts/governance/render_active_track_includes.py	229	out_of_scope	0	0	0.00017506	1151	1	0	@AmitabhainArunachala
scripts.governance.render_parallel_lane_map	scripts/governance/render_parallel_lane_map.py	543	out_of_scope	0	0	0.00017506	1152	1	0	@AmitabhainArunachala
scripts.governance.repo_status	scripts/governance/repo_status.py	275	out_of_scope	1	0	0.00019366	1153	1	0	@AmitabhainArunachala
scripts.governance.run_agent_work_packet	scripts/governance/run_agent_work_packet.py	3365	out_of_scope	0	2	0.00017506	1154	1	0	@AmitabhainArunachala
scripts.governance.run_final_boss_review	scripts/governance/run_final_boss_review.py	638	out_of_scope	0	0	0.00017506	1155	1	0	@AmitabhainArunachala
scripts.governance.run_mutation_score	scripts/governance/run_mutation_score.py	179	out_of_scope	0	0	0.00017506	1156	1	0	@AmitabhainArunachala
scripts.governance.run_nats_live_production_matrix	scripts/governance/run_nats_live_production_matrix.py	1413	out_of_scope	0	6	0.00017506	1157	1	0	@AmitabhainArunachala
scripts.governance.runtime_receipt_coverage_report	scripts/governance/runtime_receipt_coverage_report.py	3285	out_of_scope	0	1	0.00017506	1158	1	0	@AmitabhainArunachala
scripts.governance.slop_ratchet	scripts/governance/slop_ratchet.py	209	out_of_scope	0	0	0.00017506	1159	1	0	@AmitabhainArunachala
scripts.governance.spine_bypass_report	scripts/governance/spine_bypass_report.py	237	out_of_scope	0	0	0.00017506	1160	1	0	@AmitabhainArunachala
scripts.governance.spine_dispatch_mode_report	scripts/governance/spine_dispatch_mode_report.py	218	out_of_scope	0	0	0.00017506	1161	1	0	@AmitabhainArunachala
scripts.governance.sprawl_guard	scripts/governance/sprawl_guard.py	291	out_of_scope	0	0	0.00017506	1162	1	0	@AmitabhainArunachala
scripts.governance.substrate_audit	scripts/governance/substrate_audit.py	203	out_of_scope	0	0	0.00017506	1163	1	0	@AmitabhainArunachala
scripts.governance.tam_axes	scripts/governance/tam_axes.py	183	out_of_scope	0	0	0.00017506	1164	1	0	@AmitabhainArunachala
scripts.governance.tam_ledger	scripts/governance/tam_ledger.py	408	out_of_scope	0	1	0.00017506	1165	1	0	@AmitabhainArunachala
scripts.governance.track_acceptance_strength_report	scripts/governance/track_acceptance_strength_report.py	594	out_of_scope	0	0	0.00017506	1166	1	0	@AmitabhainArunachala
scripts.governance.transcendence_ledger	scripts/governance/transcendence_ledger.py	267	out_of_scope	0	1	0.00017506	1167	1	0	@AmitabhainArunachala
scripts.governance.trust_gate_status	scripts/governance/trust_gate_status.py	427	out_of_scope	1	0	0.00019366	1168	1	0	@AmitabhainArunachala
scripts.governance.truth_graph_nats_e2e_demo	scripts/governance/truth_graph_nats_e2e_demo.py	213	out_of_scope	0	1	0.00017506	1169	1	0	@AmitabhainArunachala
scripts.governance.verify_corral_findings	scripts/governance/verify_corral_findings.py	288	out_of_scope	0	0	0.00017506	1170	1	0	@AmitabhainArunachala
scripts.governance.verify_quality_membrane	scripts/governance/verify_quality_membrane.py	116	out_of_scope	0	0	0.00017506	1171	1	0	@AmitabhainArunachala
scripts.governance.worktree_second_pass_list	scripts/governance/worktree_second_pass_list.py	30	out_of_scope	0	0	0.00017506	1172	1	0	@AmitabhainArunachala
scripts.governance.worktree_triage_manifest	scripts/governance/worktree_triage_manifest.py	51	out_of_scope	0	0	0.00017506	1173	1	0	@AmitabhainArunachala
scripts.governance_scan	scripts/governance_scan.py	81	out_of_scope	0	0	0.00017506	1174	1	0	@AmitabhainArunachala
scripts.graph.repo_self_graph	scripts/graph/repo_self_graph.py	414	out_of_scope	0	0	0.00017506	1175	1	0	@AmitabhainArunachala
scripts.hermes_heartbeat_poll	scripts/hermes_heartbeat_poll.py	288	out_of_scope	0	0	0.00017506	1176	1	0	@AmitabhainArunachala
scripts.holon_run	scripts/holon_run.py	97	out_of_scope	1	6	0.00019638	1177	1	0	@AmitabhainArunachala
scripts.holon_smoke	scripts/holon_smoke.py	137	out_of_scope	1	3	0.00032387	1178	1	0	@AmitabhainArunachala
scripts.holon_talk	scripts/holon_talk.py	177	out_of_scope	3	3	0.00024900	1179	1	0	@AmitabhainArunachala
scripts.import_legacy_archive	scripts/import_legacy_archive.py	319	out_of_scope	1	0	0.00032387	1180	1	0	@AmitabhainArunachala
scripts.ingest_ashby_claims	scripts/ingest_ashby_claims.py	183	out_of_scope	0	1	0.00017506	1181	1	0	@AmitabhainArunachala
scripts.lattice_test	scripts/lattice_test.py	897	out_of_scope	0	0	0.00017506	1182	1	0	@AmitabhainArunachala
scripts.launch_singularity_research	scripts/launch_singularity_research.py	105	out_of_scope	0	2	0.00017506	1183	1	0	@AmitabhainArunachala
scripts.live_claude_code	scripts/live_claude_code.py	82	out_of_scope	0	2	0.00017506	1184	1	0	@AmitabhainArunachala
scripts.live_fanout	scripts/live_fanout.py	81	out_of_scope	0	2	0.00017506	1185	1	0	@AmitabhainArunachala
scripts.live_genome_test	scripts/live_genome_test.py	92	out_of_scope	0	2	0.00017506	1186	1	0	@AmitabhainArunachala
scripts.live_organism_run	scripts/live_organism_run.py	428	out_of_scope	0	3	0.00017506	1187	1	0	@AmitabhainArunachala
scripts.live_test	scripts/live_test.py	67	out_of_scope	0	2	0.00017506	1188	1	0	@AmitabhainArunachala
scripts.loop1_closure_run	scripts/loop1_closure_run.py	418	out_of_scope	1	7	0.00024947	1189	1	0	@AmitabhainArunachala
scripts.loop2_heartbeat_closure_run	scripts/loop2_heartbeat_closure_run.py	145	out_of_scope	0	1	0.00017506	1190	1	0	@AmitabhainArunachala
scripts.loop3_evolution_closure_run	scripts/loop3_evolution_closure_run.py	525	out_of_scope	1	7	0.00024947	1191	1	0	@AmitabhainArunachala
scripts.loop4_10_memory_context_closure_run	scripts/loop4_10_memory_context_closure_run.py	572	out_of_scope	1	2	0.00024947	1192	1	0	@AmitabhainArunachala
scripts.loop5_zeitgeist_closure_run	scripts/loop5_zeitgeist_closure_run.py	199	out_of_scope	0	2	0.00017506	1193	1	0	@AmitabhainArunachala
scripts.loop5b_world_radar_closure_run	scripts/loop5b_world_radar_closure_run.py	274	out_of_scope	0	3	0.00017506	1194	1	0	@AmitabhainArunachala
scripts.loop6_witness_closure_run	scripts/loop6_witness_closure_run.py	259	out_of_scope	0	7	0.00017506	1195	1	0	@AmitabhainArunachala
scripts.loop7_training_flywheel_closure_run	scripts/loop7_training_flywheel_closure_run.py	452	out_of_scope	0	7	0.00017506	1196	1	0	@AmitabhainArunachala
scripts.loop8_recognition_closure_run	scripts/loop8_recognition_closure_run.py	741	out_of_scope	0	3	0.00017506	1197	1	0	@AmitabhainArunachala
scripts.loop9_11_conductor_replication_closure_run	scripts/loop9_11_conductor_replication_closure_run.py	661	out_of_scope	1	14	0.00024947	1198	1	0	@AmitabhainArunachala
scripts.memory_context_eval	scripts/memory_context_eval.py	371	out_of_scope	1	3	0.00032387	1199	1	0	@AmitabhainArunachala
scripts.memory_context_shadow_sweep	scripts/memory_context_shadow_sweep.py	361	out_of_scope	2	2	0.00037347	1200	1	0	@AmitabhainArunachala
scripts.memory_kernel_burn_in	scripts/memory_kernel_burn_in.py	200	out_of_scope	0	3	0.00017506	1201	1	0	@AmitabhainArunachala
scripts.memory_kernel_context	scripts/memory_kernel_context.py	79	out_of_scope	0	1	0.00017506	1202	1	0	@AmitabhainArunachala
scripts.memory_kernel_knowledgeops_bridge_smoke	scripts/memory_kernel_knowledgeops_bridge_smoke.py	194	out_of_scope	0	7	0.00017506	1203	1	0	@AmitabhainArunachala
scripts.memory_kernel_plan_observer	scripts/memory_kernel_plan_observer.py	337	out_of_scope	1	0	0.00032387	1204	1	0	@AmitabhainArunachala
scripts.memory_kernel_promotion_smoke	scripts/memory_kernel_promotion_smoke.py	102	out_of_scope	0	2	0.00017506	1205	1	0	@AmitabhainArunachala
scripts.memory_kernel_readiness	scripts/memory_kernel_readiness.py	99	out_of_scope	1	2	0.00022467	1206	1	0	@AmitabhainArunachala
scripts.memory_kernel_write_receipt_smoke	scripts/memory_kernel_write_receipt_smoke.py	83	out_of_scope	0	1	0.00017506	1207	1	0	@AmitabhainArunachala
scripts.memory_retrieval_broad_sweep	scripts/memory_retrieval_broad_sweep.py	514	out_of_scope	2	1	0.00026136	1208	1	0	@AmitabhainArunachala
scripts.memory_retrieval_calibrate_abstention	scripts/memory_retrieval_calibrate_abstention.py	188	out_of_scope	0	0	0.00017506	1209	1	0	@AmitabhainArunachala
scripts.memory_retrieval_live_gate	scripts/memory_retrieval_live_gate.py	196	out_of_scope	1	1	0.00024276	1210	1	0	@AmitabhainArunachala
scripts.memory_retrieval_sync_index	scripts/memory_retrieval_sync_index.py	268	out_of_scope	2	2	0.00028453	1211	1	0	@AmitabhainArunachala
scripts.memory_retrieval_system_gate	scripts/memory_retrieval_system_gate.py	632	out_of_scope	2	3	0.00023892	1212	1	0	@AmitabhainArunachala
scripts.memory_surface_census	scripts/memory_surface_census.py	72	out_of_scope	1	1	0.00022467	1213	1	0	@AmitabhainArunachala
scripts.memory_writer_sentinel	scripts/memory_writer_sentinel.py	275	out_of_scope	1	1	0.00024947	1214	1	0	@AmitabhainArunachala
scripts.merge_snapshot	scripts/merge_snapshot.py	470	out_of_scope	0	1	0.00017506	1215	1	0	@AmitabhainArunachala
scripts.mimo_explorer	scripts/mimo_explorer.py	350	out_of_scope	0	2	0.00017506	1216	1	0	@AmitabhainArunachala
scripts.mirror_test	scripts/mirror_test.py	842	out_of_scope	0	0	0.00017506	1217	1	0	@AmitabhainArunachala
scripts.morning_after	scripts/morning_after.py	221	out_of_scope	0	1	0.00017506	1218	1	0	@AmitabhainArunachala
scripts.normalize_dkeys_env	scripts/normalize_dkeys_env.py	106	out_of_scope	0	1	0.00017506	1219	1	0	@AmitabhainArunachala
scripts.onboard_cybernetics_stewards	scripts/onboard_cybernetics_stewards.py	122	out_of_scope	0	2	0.00017506	1220	1	0	@AmitabhainArunachala
scripts.operator_ground_truth	scripts/operator_ground_truth.py	836	out_of_scope	0	0	0.00017506	1221	1	0	@AmitabhainArunachala
scripts.operator_prod_smoke	scripts/operator_prod_smoke.py	329	out_of_scope	1	4	0.00032387	1222	1	0	@AmitabhainArunachala
scripts.ops.mint_a2a_gateway_token	scripts/ops/mint_a2a_gateway_token.py	85	out_of_scope	0	0	0.00017506	1223	1	0	@AmitabhainArunachala
scripts.ops.provider_egress_hosts	scripts/ops/provider_egress_hosts.py	110	out_of_scope	0	0	0.00017506	1224	1	0	@AmitabhainArunachala
scripts.ops.relocate_staged_concepts	scripts/ops/relocate_staged_concepts.py	248	out_of_scope	0	0	0.00017506	1225	1	0	@AmitabhainArunachala
scripts.organism_council	scripts/organism_council.py	768	out_of_scope	0	11	0.00017506	1226	1	0	@AmitabhainArunachala
scripts.organism_decompose	scripts/organism_decompose.py	264	out_of_scope	0	2	0.00017506	1227	1	0	@AmitabhainArunachala
scripts.organism_live	scripts/organism_live.py	272	out_of_scope	0	3	0.00017506	1228	1	0	@AmitabhainArunachala
scripts.organism_live_multimodel	scripts/organism_live_multimodel.py	268	out_of_scope	0	4	0.00017506	1229	1	0	@AmitabhainArunachala
scripts.organism_with_intelligence	scripts/organism_with_intelligence.py	344	out_of_scope	0	3	0.00017506	1230	1	0	@AmitabhainArunachala
scripts.ouroboros_experiment	scripts/ouroboros_experiment.py	594	out_of_scope	0	1	0.00017506	1231	1	0	@AmitabhainArunachala
scripts.overnight_autopilot	scripts/overnight_autopilot.py	501	out_of_scope	0	1	0.00017506	1232	1	0	@AmitabhainArunachala
scripts.psmv_deep_read	scripts/psmv_deep_read.py	437	out_of_scope	0	7	0.00017506	1233	1	0	@AmitabhainArunachala
scripts.psmv_hyperfile_bootstrap	scripts/psmv_hyperfile_bootstrap.py	575	out_of_scope	0	4	0.00017506	1234	1	0	@AmitabhainArunachala
scripts.rebind_cybernetics_directive	scripts/rebind_cybernetics_directive.py	101	out_of_scope	0	4	0.00017506	1235	1	0	@AmitabhainArunachala
scripts.regression_guard	scripts/regression_guard.py	72	out_of_scope	0	0	0.00017506	1236	1	0	@AmitabhainArunachala
scripts.repo_xray	scripts/repo_xray.py	307	out_of_scope	0	0	0.00017506	1237	1	0	@AmitabhainArunachala
scripts.research.palantir_contribution_packets	scripts/research/palantir_contribution_packets.py	306	out_of_scope	1	2	0.00018746	1238	1	0	@AmitabhainArunachala
scripts.research.palantir_deep_ingest	scripts/research/palantir_deep_ingest.py	203	out_of_scope	0	1	0.00017506	1239	1	0	@AmitabhainArunachala
scripts.research.palantir_domain_submaps	scripts/research/palantir_domain_submaps.py	141	out_of_scope	0	0	0.00017506	1240	1	0	@AmitabhainArunachala
scripts.research.palantir_learning_backlog	scripts/research/palantir_learning_backlog.py	378	out_of_scope	1	3	0.00018746	1241	1	0	@AmitabhainArunachala
scripts.research.palantir_pilot_curriculum	scripts/research/palantir_pilot_curriculum.py	474	out_of_scope	1	3	0.00018746	1242	1	0	@AmitabhainArunachala
scripts.research.palantir_pilot_orientation	scripts/research/palantir_pilot_orientation.py	285	out_of_scope	1	1	0.00018746	1243	1	0	@AmitabhainArunachala
scripts.research.palantir_pilot_query	scripts/research/palantir_pilot_query.py	178	out_of_scope	0	1	0.00017506	1244	1	0	@AmitabhainArunachala
scripts.research.palantir_playbook_evals	scripts/research/palantir_playbook_evals.py	322	out_of_scope	1	2	0.00018746	1245	1	0	@AmitabhainArunachala
scripts.research.palantir_public_source_cards	scripts/research/palantir_public_source_cards.py	696	out_of_scope	7	2	0.00060796	1246	1	0	@AmitabhainArunachala
scripts.research.palantir_public_source_index	scripts/research/palantir_public_source_index.py	227	out_of_scope	4	1	0.00066804	1247	1	0	@AmitabhainArunachala
scripts.research.palantir_query_cookbook	scripts/research/palantir_query_cookbook.py	320	out_of_scope	1	1	0.00018746	1248	1	0	@AmitabhainArunachala
scripts.research.palantir_source_card_balanced_expand	scripts/research/palantir_source_card_balanced_expand.py	170	out_of_scope	1	2	0.00018746	1249	1	0	@AmitabhainArunachala
scripts.research.palantir_source_card_cleanup	scripts/research/palantir_source_card_cleanup.py	367	out_of_scope	1	3	0.00018746	1250	1	0	@AmitabhainArunachala
scripts.research.palantir_source_card_playbooks	scripts/research/palantir_source_card_playbooks.py	453	out_of_scope	3	3	0.00034681	1251	1	0	@AmitabhainArunachala
scripts.research.palantir_source_card_quality	scripts/research/palantir_source_card_quality.py	365	out_of_scope	3	3	0.00029369	1252	1	0	@AmitabhainArunachala
scripts.revenue.draft_outreach	scripts/revenue/draft_outreach.py	244	out_of_scope	0	1	0.00017506	1253	1	0	@AmitabhainArunachala
scripts.revenue.find_targets	scripts/revenue/find_targets.py	309	out_of_scope	1	1	0.00021903	1254	1	0	@AmitabhainArunachala
scripts.revenue_wedge.audit_kit	scripts/revenue_wedge/audit_kit.py	486	out_of_scope	0	0	0.00017506	1255	1	0	@AmitabhainArunachala
scripts.run_concept_extraction	scripts/run_concept_extraction.py	123	out_of_scope	0	2	0.00017506	1256	1	0	@AmitabhainArunachala
scripts.runtime.a2a_doctor	scripts/runtime/a2a_doctor.py	442	out_of_scope	1	1	0.00024947	1257	1	0	@AmitabhainArunachala
scripts.runtime.a2a_domain_reply_artifact	scripts/runtime/a2a_domain_reply_artifact.py	216	out_of_scope	2	3	0.00035842	1258	1	0	@AmitabhainArunachala
scripts.runtime.a2a_domain_reply_worker	scripts/runtime/a2a_domain_reply_worker.py	564	out_of_scope	5	3	0.00067760	1259	1	0	@AmitabhainArunachala
scripts.runtime.a2a_gateway_server	scripts/runtime/a2a_gateway_server.py	98	out_of_scope	0	1	0.00017506	1260	1	0	@AmitabhainArunachala
scripts.runtime.a2a_inbox_bridge	scripts/runtime/a2a_inbox_bridge.py	761	out_of_scope	2	4	0.00047267	1261	1	0	@AmitabhainArunachala
scripts.runtime.a2a_reply_capture	scripts/runtime/a2a_reply_capture.py	503	out_of_scope	2	3	0.00047267	1262	1	0	@AmitabhainArunachala
scripts.runtime.a2a_send	scripts/runtime/a2a_send.py	905	out_of_scope	7	7	0.00099314	1263	1	0	@AmitabhainArunachala
scripts.runtime.a2a_topology	scripts/runtime/a2a_topology.py	91	out_of_scope	4	0	0.00075022	1264	1	0	@AmitabhainArunachala
scripts.runtime.autonomy_spine	scripts/runtime/autonomy_spine.py	897	out_of_scope	1	6	0.00022467	1265	1	0	@AmitabhainArunachala
scripts.runtime.backfill_runtime_idempotency_records	scripts/runtime/backfill_runtime_idempotency_records.py	249	out_of_scope	0	1	0.00017506	1266	1	0	@AmitabhainArunachala
scripts.runtime.capability_profile_loop	scripts/runtime/capability_profile_loop.py	681	out_of_scope	0	1	0.00017506	1267	1	0	@AmitabhainArunachala
scripts.runtime.capital_lab_alpha_evidence_membrane	scripts/runtime/capital_lab_alpha_evidence_membrane.py	80	out_of_scope	0	1	0.00017506	1268	1	0	@AmitabhainArunachala
scripts.runtime.capital_lab_broker_paper_membrane	scripts/runtime/capital_lab_broker_paper_membrane.py	39	out_of_scope	0	1	0.00017506	1269	1	0	@AmitabhainArunachala
scripts.runtime.ci_truth	scripts/runtime/ci_truth.py	358	out_of_scope	3	0	0.00232637	1270	1	0	@AmitabhainArunachala
scripts.runtime.codex_composer_semantic_inbox_drain	scripts/runtime/codex_composer_semantic_inbox_drain.py	360	out_of_scope	1	6	0.00024389	1271	1	0	@AmitabhainArunachala
scripts.runtime.codex_composer_semantic_responder	scripts/runtime/codex_composer_semantic_responder.py	1411	out_of_scope	1	4	0.00032387	1272	1	0	@AmitabhainArunachala
scripts.runtime.codex_composer_wake_loop	scripts/runtime/codex_composer_wake_loop.py	1405	out_of_scope	2	3	0.00039827	1273	1	0	@AmitabhainArunachala
scripts.runtime.cwt_collect	scripts/runtime/cwt_collect.py	504	out_of_scope	0	0	0.00017506	1274	1	0	@AmitabhainArunachala
scripts.runtime.cwt_report	scripts/runtime/cwt_report.py	417	out_of_scope	0	0	0.00017506	1275	1	0	@AmitabhainArunachala
scripts.runtime.devin_a2a_agent	scripts/runtime/devin_a2a_agent.py	379	out_of_scope	0	0	0.00017506	1276	1	0	@AmitabhainArunachala
scripts.runtime.dispatch_dropoff_quarantine	scripts/runtime/dispatch_dropoff_quarantine.py	173	out_of_scope	1	2	0.00020482	1277	1	0	@AmitabhainArunachala
scripts.runtime.fleet_field_registry	scripts/runtime/fleet_field_registry.py	168	out_of_scope	1	0	0.00032387	1278	1	0	@AmitabhainArunachala
scripts.runtime.forge_fresh_task_oracle	scripts/runtime/forge_fresh_task_oracle.py	16	out_of_scope	0	1	0.00017506	1279	1	0	@AmitabhainArunachala
scripts.runtime.forge_pr_suite_harvest_loop	scripts/runtime/forge_pr_suite_harvest_loop.py	16	out_of_scope	0	1	0.00017506	1280	1	0	@AmitabhainArunachala
scripts.runtime.forge_pr_suite_harvester	scripts/runtime/forge_pr_suite_harvester.py	16	out_of_scope	0	1	0.00017506	1281	1	0	@AmitabhainArunachala
scripts.runtime.forge_pr_suite_validator	scripts/runtime/forge_pr_suite_validator.py	16	out_of_scope	0	1	0.00017506	1282	1	0	@AmitabhainArunachala
scripts.runtime.forge_swarm_evolution_arena_v0_measurement_runner	scripts/runtime/forge_swarm_evolution_arena_v0_measurement_runner.py	1280	out_of_scope	1	1	0.00032387	1283	1	0	@AmitabhainArunachala
scripts.runtime.forge_swarm_evolution_arena_v0_preflight	scripts/runtime/forge_swarm_evolution_arena_v0_preflight.py	388	out_of_scope	3	0	0.00067356	1284	1	0	@AmitabhainArunachala
scripts.runtime.forge_swarm_evolution_arena_v0_taskpack_builder	scripts/runtime/forge_swarm_evolution_arena_v0_taskpack_builder.py	700	out_of_scope	1	0	0.00024947	1285	1	0	@AmitabhainArunachala
scripts.runtime.github_ingestor_runner	scripts/runtime/github_ingestor_runner.py	229	out_of_scope	0	3	0.00017506	1286	1	0	@AmitabhainArunachala
scripts.runtime.lane_deliver	scripts/runtime/lane_deliver.py	377	out_of_scope	0	0	0.00017506	1287	1	0	@AmitabhainArunachala
scripts.runtime.lane_propose	scripts/runtime/lane_propose.py	477	out_of_scope	0	1	0.00017506	1288	1	0	@AmitabhainArunachala
scripts.runtime.live_ops_census	scripts/runtime/live_ops_census.py	704	out_of_scope	4	0	0.00043996	1289	1	0	@AmitabhainArunachala
scripts.runtime.living_agent_kernel_activation	scripts/runtime/living_agent_kernel_activation.py	167	out_of_scope	0	2	0.00017506	1290	1	0	@AmitabhainArunachala
scripts.runtime.living_agent_kernel_promotion	scripts/runtime/living_agent_kernel_promotion.py	122	out_of_scope	0	1	0.00017506	1291	1	0	@AmitabhainArunachala
scripts.runtime.living_agent_kernel_provider_worker	scripts/runtime/living_agent_kernel_provider_worker.py	65	out_of_scope	0	1	0.00017506	1292	1	0	@AmitabhainArunachala
scripts.runtime.living_agent_kernel_recovery	scripts/runtime/living_agent_kernel_recovery.py	65	out_of_scope	0	1	0.00017506	1293	1	0	@AmitabhainArunachala
scripts.runtime.living_agent_kernel_service	scripts/runtime/living_agent_kernel_service.py	73	out_of_scope	0	1	0.00017506	1294	1	0	@AmitabhainArunachala
scripts.runtime.living_agent_kernel_status	scripts/runtime/living_agent_kernel_status.py	37	out_of_scope	0	1	0.00017506	1295	1	0	@AmitabhainArunachala
scripts.runtime.living_agent_kernel_supervisor	scripts/runtime/living_agent_kernel_supervisor.py	82	out_of_scope	0	1	0.00017506	1296	1	0	@AmitabhainArunachala
scripts.runtime.living_agent_kernel_worker	scripts/runtime/living_agent_kernel_worker.py	143	out_of_scope	0	1	0.00017506	1297	1	0	@AmitabhainArunachala
scripts.runtime.living_agent_kernel_worker_process	scripts/runtime/living_agent_kernel_worker_process.py	191	out_of_scope	0	2	0.00017506	1298	1	0	@AmitabhainArunachala
scripts.runtime.merge_master_mike_daemon	scripts/runtime/merge_master_mike_daemon.py	1026	out_of_scope	1	1	0.00032387	1299	1	0	@AmitabhainArunachala
scripts.runtime.model_critic_runner	scripts/runtime/model_critic_runner.py	456	out_of_scope	2	1	0.00028402	1300	1	0	@AmitabhainArunachala
scripts.runtime.normalize_runtime_receipt_history	scripts/runtime/normalize_runtime_receipt_history.py	517	out_of_scope	0	1	0.00017506	1301	1	0	@AmitabhainArunachala
scripts.runtime.operator_coherence_cockpit	scripts/runtime/operator_coherence_cockpit.py	59	out_of_scope	0	1	0.00017506	1302	1	0	@AmitabhainArunachala
scripts.runtime.organism_liveness_sentinel	scripts/runtime/organism_liveness_sentinel.py	498	out_of_scope	3	0	0.00029163	1303	1	0	@AmitabhainArunachala
scripts.runtime.palantir_pilot_a2a_worker	scripts/runtime/palantir_pilot_a2a_worker.py	635	out_of_scope	1	3	0.00032387	1304	1	0	@AmitabhainArunachala
scripts.runtime.pr_convergence_policy	scripts/runtime/pr_convergence_policy.py	158	out_of_scope	2	2	0.00059916	1305	1	0	@AmitabhainArunachala
scripts.runtime.pr_merge_control	scripts/runtime/pr_merge_control.py	4335	out_of_scope	16	1	0.00233109	1306	1	0	@AmitabhainArunachala
scripts.runtime.provider_starvation_alert	scripts/runtime/provider_starvation_alert.py	220	out_of_scope	1	0	0.00032387	1307	1	0	@AmitabhainArunachala
scripts.runtime.refresh_agni_watcher	scripts/runtime/refresh_agni_watcher.py	455	out_of_scope	1	0	0.00032387	1308	1	0	@AmitabhainArunachala
scripts.runtime.reviewer_quorum_repair	scripts/runtime/reviewer_quorum_repair.py	88	out_of_scope	1	1	0.00032387	1309	1	0	@AmitabhainArunachala
scripts.runtime.sarathi_proof_window	scripts/runtime/sarathi_proof_window.py	282	out_of_scope	0	8	0.00017506	1310	1	0	@AmitabhainArunachala
scripts.runtime.sarathi_wake_daemon	scripts/runtime/sarathi_wake_daemon.py	587	out_of_scope	0	8	0.00017506	1311	1	0	@AmitabhainArunachala
scripts.runtime.walking_brief	scripts/runtime/walking_brief.py	726	out_of_scope	0	0	0.00017506	1312	1	0	@AmitabhainArunachala
scripts.seed_agentic_autonomy_citations	scripts/seed_agentic_autonomy_citations.py	205	out_of_scope	0	1	0.00017506	1313	1	0	@AmitabhainArunachala
scripts.seed_ashby_citations	scripts/seed_ashby_citations.py	363	out_of_scope	0	0	0.00017506	1314	1	0	@AmitabhainArunachala
scripts.seed_contradictions	scripts/seed_contradictions.py	243	out_of_scope	0	1	0.00017506	1315	1	0	@AmitabhainArunachala
scripts.seed_cybernetics_directive	scripts/seed_cybernetics_directive.py	110	out_of_scope	0	1	0.00017506	1316	1	0	@AmitabhainArunachala
scripts.seed_cybernetics_population_cycle	scripts/seed_cybernetics_population_cycle.py	253	out_of_scope	0	2	0.00017506	1317	1	0	@AmitabhainArunachala
scripts.seed_signal_map	scripts/seed_signal_map.py	420	out_of_scope	0	1	0.00017506	1318	1	0	@AmitabhainArunachala
scripts.seed_strange_loop_stigmergy	scripts/seed_strange_loop_stigmergy.py	152	out_of_scope	0	1	0.00017506	1319	1	0	@AmitabhainArunachala
scripts.self_optimization.run_production_self_optimization	scripts/self_optimization/run_production_self_optimization.py	303	out_of_scope	0	3	0.00017506	1320	1	0	@AmitabhainArunachala
scripts.self_optimization.run_self_optimization	scripts/self_optimization/run_self_optimization.py	159	out_of_scope	0	2	0.00017506	1321	1	0	@AmitabhainArunachala
scripts.self_optimization.test_evolution_jikoku	scripts/self_optimization/test_evolution_jikoku.py	117	out_of_scope	0	2	0.00017506	1322	1	0	@AmitabhainArunachala
scripts.self_optimization.test_jikoku_fitness_integration	scripts/self_optimization/test_jikoku_fitness_integration.py	209	out_of_scope	0	2	0.00017506	1323	1	0	@AmitabhainArunachala
scripts.self_optimization.test_swarm_jikoku	scripts/self_optimization/test_swarm_jikoku.py	89	out_of_scope	0	3	0.00017506	1324	1	0	@AmitabhainArunachala
scripts.semantic_proof	scripts/semantic_proof.py	279	out_of_scope	0	8	0.00017506	1325	1	0	@AmitabhainArunachala
scripts.shakti_discovery	scripts/shakti_discovery.py	664	out_of_scope	0	2	0.00017506	1326	1	0	@AmitabhainArunachala
scripts.shakti_executive_run	scripts/shakti_executive_run.py	39	out_of_scope	0	1	0.00017506	1327	1	0	@AmitabhainArunachala
scripts.store_inventory_census	scripts/store_inventory_census.py	187	out_of_scope	1	0	0.00032387	1328	1	0	@AmitabhainArunachala
scripts.strange_loop	scripts/strange_loop.py	1821	out_of_scope	1	2	0.00032387	1329	1	0	@AmitabhainArunachala
scripts.system_integration_probe	scripts/system_integration_probe.py	507	out_of_scope	0	19	0.00017506	1330	1	0	@AmitabhainArunachala
scripts.system_map_populator	scripts/system_map_populator.py	253	out_of_scope	0	1	0.00017506	1331	1	0	@AmitabhainArunachala
scripts.tcs_history_writer	scripts/tcs_history_writer.py	90	out_of_scope	1	1	0.00032387	1332	1	0	@AmitabhainArunachala
scripts.test_meta_learning	scripts/test_meta_learning.py	84	out_of_scope	0	2	0.00017506	1333	1	0	@AmitabhainArunachala
scripts.test_sentinel	scripts/test_sentinel.py	139	out_of_scope	0	0	0.00017506	1334	1	0	@AmitabhainArunachala
scripts.thinkodynamic_director	scripts/thinkodynamic_director.py	15	out_of_scope	0	1	0.00017506	1335	1	0	@AmitabhainArunachala
scripts.thinkodynamic_live_canary	scripts/thinkodynamic_live_canary.py	15	out_of_scope	0	1	0.00017506	1336	1	0	@AmitabhainArunachala
scripts.uplift_guards	scripts/uplift_guards/__init__.py	28	out_of_scope	3	6	0.00026931	1337	1	0	@AmitabhainArunachala
scripts.uplift_guards.autonomous_guard	scripts/uplift_guards/autonomous_guard.py	171	out_of_scope	1	0	0.00021322	1338	1	0	@AmitabhainArunachala
scripts.uplift_guards.check_no_model_literals	scripts/uplift_guards/check_no_model_literals.py	132	out_of_scope	1	0	0.00020482	1339	1	0	@AmitabhainArunachala
scripts.uplift_guards.check_spine_ownership	scripts/uplift_guards/check_spine_ownership.py	232	out_of_scope	2	0	0.00021835	1340	1	0	@AmitabhainArunachala
scripts.uplift_guards.hotpath_guard	scripts/uplift_guards/hotpath_guard.py	98	out_of_scope	1	0	0.00021322	1341	1	0	@AmitabhainArunachala
scripts.uplift_guards.kernel_guard	scripts/uplift_guards/kernel_guard.py	123	out_of_scope	1	0	0.00021322	1342	1	0	@AmitabhainArunachala
scripts.uplift_guards.mismatch_registry	scripts/uplift_guards/mismatch_registry.py	144	out_of_scope	1	0	0.00021322	1343	1	0	@AmitabhainArunachala
scripts.uplift_guards.run_pre_commit	scripts/uplift_guards/run_pre_commit.py	118	out_of_scope	0	5	0.00017506	1344	1	0	@AmitabhainArunachala
scripts.uplift_guards.secrets_guard	scripts/uplift_guards/secrets_guard.py	86	out_of_scope	1	0	0.00021322	1345	1	0	@AmitabhainArunachala
scripts.uplift_guards.shakti_warrant_guard	scripts/uplift_guards/shakti_warrant_guard.py	131	out_of_scope	2	0	0.00026282	1346	1	0	@AmitabhainArunachala
scripts.validate_conscious_control_plane_spec	scripts/validate_conscious_control_plane_spec.py	214	out_of_scope	0	0	0.00017506	1347	1	0	@AmitabhainArunachala
scripts.vector_store_backfill_memory_sources	scripts/vector_store_backfill_memory_sources.py	644	out_of_scope	2	2	0.00030933	1348	1	0	@AmitabhainArunachala
scripts.vector_store_reembed_vec0	scripts/vector_store_reembed_vec0.py	292	out_of_scope	2	2	0.00030933	1349	1	0	@AmitabhainArunachala
scripts.verification_lane	scripts/verification_lane.py	395	out_of_scope	0	0	0.00017506	1350	1	0	@AmitabhainArunachala
scripts.verify.model_council_e2e	scripts/verify/model_council_e2e.py	100	out_of_scope	0	2	0.00017506	1351	1	0	@AmitabhainArunachala
scripts.verify.model_pool_e2e	scripts/verify/model_pool_e2e.py	203	out_of_scope	0	2	0.00017506	1352	1	0	@AmitabhainArunachala
scripts.verify.model_routing_live_probe	scripts/verify/model_routing_live_probe.py	102	out_of_scope	0	1	0.00017506	1353	1	0	@AmitabhainArunachala
scripts.verify.routing_decision_matrix	scripts/verify/routing_decision_matrix.py	42	out_of_scope	0	1	0.00017506	1354	1	0	@AmitabhainArunachala
scripts.verify.runtime_live_cockpit_probe	scripts/verify/runtime_live_cockpit_probe.py	407	out_of_scope	1	5	0.00032387	1355	1	0	@AmitabhainArunachala
scripts.verify_holon_harness_prod	scripts/verify_holon_harness_prod.py	317	out_of_scope	0	1	0.00017506	1356	1	0	@AmitabhainArunachala
scripts.vibegate_audit	scripts/vibegate_audit.py	499	out_of_scope	1	0	0.00032387	1357	1	0	@AmitabhainArunachala
scripts.wiki_vector_live_gate	scripts/wiki_vector_live_gate.py	301	out_of_scope	4	3	0.00029738	1358	1	0	@AmitabhainArunachala
tests	tests/__init__.py	0	out_of_scope	0	0	0.00017506	1359	1	0	@AmitabhainArunachala
tests._remix.run_remix_gauntlet	tests/_remix/run_remix_gauntlet.py	325	out_of_scope	0	2	0.00017506	1360	1	0	@AmitabhainArunachala
tests._remix.test_thinkodynamic_director_remix_contract	tests/_remix/test_thinkodynamic_director_remix_contract.py	199	out_of_scope	0	2	0.00017506	1361	1	0	@AmitabhainArunachala
tests.antithesis_support	tests/antithesis_support/__init__.py	7	out_of_scope	0	0	0.00017506	1362	1	0	@AmitabhainArunachala
tests.antithesis_support.effect_scan	tests/antithesis_support/effect_scan.py	348	out_of_scope	2	0	0.00046151	1363	1	0	@AmitabhainArunachala
tests.antithesis_support.seam_ledger	tests/antithesis_support/seam_ledger.py	321	out_of_scope	1	1	0.00024947	1364	1	0	@AmitabhainArunachala
tests.complexity	tests/complexity/__init__.py	0	out_of_scope	0	0	0.00017506	1365	1	0	@AmitabhainArunachala
tests.complexity.test_replay_metamorphic	tests/complexity/test_replay_metamorphic.py	271	out_of_scope	0	1	0.00017506	1366	1	0	@AmitabhainArunachala
tests.conformance.test_gates_fail_closed	tests/conformance/test_gates_fail_closed.py	145	out_of_scope	0	0	0.00017506	1367	1	0	@AmitabhainArunachala
tests.conformance.test_repo_ratchet_holds	tests/conformance/test_repo_ratchet_holds.py	59	out_of_scope	0	0	0.00017506	1368	1	0	@AmitabhainArunachala
tests.conftest	tests/conftest.py	146	out_of_scope	0	3	0.00017506	1369	1	0	@AmitabhainArunachala
tests.evolution_gate_helpers	tests/evolution_gate_helpers.py	90	out_of_scope	2	0	0.00023529	1370	1	0	@AmitabhainArunachala
tests.governance.test_agentops_packet_scope	tests/governance/test_agentops_packet_scope.py	758	out_of_scope	0	1	0.00017506	1371	1	0	@AmitabhainArunachala
tests.governance.test_ci_parity_guard	tests/governance/test_ci_parity_guard.py	426	out_of_scope	0	0	0.00017506	1372	1	0	@AmitabhainArunachala
tests.oracle_support	tests/oracle_support/__init__.py	6	out_of_scope	0	0	0.00017506	1373	1	0	@AmitabhainArunachala
tests.oracle_support.dharmagraph_gauntlet	tests/oracle_support/dharmagraph_gauntlet.py	3123	out_of_scope	2	8	0.00032015	1374	1	0	@AmitabhainArunachala
tests.oracle_support.langgraph_arm	tests/oracle_support/langgraph_arm.py	342	out_of_scope	2	1	0.00025868	1375	1	0	@AmitabhainArunachala
tests.oracle_support.outcomes	tests/oracle_support/outcomes.py	121	out_of_scope	3	0	0.00034004	1376	1	0	@AmitabhainArunachala
tests.oracle_support.scenarios	tests/oracle_support/scenarios.py	383	out_of_scope	3	5	0.00047856	1377	1	0	@AmitabhainArunachala
tests.properties	tests/properties/__init__.py	0	out_of_scope	0	0	0.00017506	1378	1	0	@AmitabhainArunachala
tests.properties.test_canonical_replay_properties	tests/properties/test_canonical_replay_properties.py	140	out_of_scope	0	1	0.00017506	1379	1	0	@AmitabhainArunachala
tests.properties.test_fitness_properties	tests/properties/test_fitness_properties.py	99	out_of_scope	0	1	0.00017506	1380	1	1	@AmitabhainArunachala
tests.properties.test_monad_properties	tests/properties/test_monad_properties.py	131	out_of_scope	0	2	0.00017506	1381	1	0	@AmitabhainArunachala
tests.properties.test_onboarding_readiness_properties	tests/properties/test_onboarding_readiness_properties.py	204	out_of_scope	0	2	0.00017506	1382	1	0	@AmitabhainArunachala
tests.properties.test_proposal_properties	tests/properties/test_proposal_properties.py	117	out_of_scope	0	2	0.00017506	1383	1	1	@AmitabhainArunachala
tests.properties.test_ratchet_properties	tests/properties/test_ratchet_properties.py	152	out_of_scope	0	0	0.00017506	1384	1	0	@AmitabhainArunachala
tests.smoke	tests/smoke/__init__.py	0	out_of_scope	0	0	0.00017506	1385	1	0	@AmitabhainArunachala
tests.smoke.test_orchestrate_live_construction	tests/smoke/test_orchestrate_live_construction.py	237	out_of_scope	0	13	0.00017506	1386	1	0	@AmitabhainArunachala
tests.test_a2a	tests/test_a2a.py	942	out_of_scope	0	4	0.00017506	1387	1	0	@AmitabhainArunachala
tests.test_a2a_card_semantic_commons	tests/test_a2a_card_semantic_commons.py	100	out_of_scope	0	1	0.00017506	1388	1	0	@AmitabhainArunachala
tests.test_a2a_cloud_contact	tests/test_a2a_cloud_contact.py	194	out_of_scope	0	6	0.00017506	1389	1	0	@AmitabhainArunachala
tests.test_a2a_doctor	tests/test_a2a_doctor.py	125	out_of_scope	0	2	0.00017506	1390	1	0	@AmitabhainArunachala
tests.test_a2a_domain_reply_artifact	tests/test_a2a_domain_reply_artifact.py	75	out_of_scope	0	1	0.00017506	1391	1	0	@AmitabhainArunachala
tests.test_a2a_domain_reply_worker	tests/test_a2a_domain_reply_worker.py	219	out_of_scope	0	1	0.00017506	1392	1	0	@AmitabhainArunachala
tests.test_a2a_e2e	tests/test_a2a_e2e.py	531	out_of_scope	0	7	0.00017506	1393	1	0	@AmitabhainArunachala
tests.test_a2a_embedded_receipt_reconciler	tests/test_a2a_embedded_receipt_reconciler.py	103	out_of_scope	0	3	0.00017506	1394	1	0	@AmitabhainArunachala
tests.test_a2a_gate	tests/test_a2a_gate.py	64	out_of_scope	0	1	0.00017506	1395	1	0	@AmitabhainArunachala
tests.test_a2a_inbox_bridge	tests/test_a2a_inbox_bridge.py	327	out_of_scope	0	1	0.00017506	1396	1	0	@AmitabhainArunachala
tests.test_a2a_inbox_bridge_tmux_scripts	tests/test_a2a_inbox_bridge_tmux_scripts.py	33	out_of_scope	0	0	0.00017506	1397	1	0	@AmitabhainArunachala
tests.test_a2a_legacy_proof_receipt_recovery	tests/test_a2a_legacy_proof_receipt_recovery.py	136	out_of_scope	0	3	0.00017506	1398	1	0	@AmitabhainArunachala
tests.test_a2a_operator_gated_blocker	tests/test_a2a_operator_gated_blocker.py	130	out_of_scope	0	3	0.00017506	1399	1	0	@AmitabhainArunachala
tests.test_a2a_readiness_blocker_audit	tests/test_a2a_readiness_blocker_audit.py	144	out_of_scope	0	1	0.00017506	1400	1	0	@AmitabhainArunachala
tests.test_a2a_readiness_gate	tests/test_a2a_readiness_gate.py	111	out_of_scope	0	2	0.00017506	1401	1	0	@AmitabhainArunachala
tests.test_a2a_reply_capture	tests/test_a2a_reply_capture.py	238	out_of_scope	0	1	0.00017506	1402	1	0	@AmitabhainArunachala
tests.test_a2a_sab_qwen_runtime_blocker	tests/test_a2a_sab_qwen_runtime_blocker.py	172	out_of_scope	0	3	0.00017506	1403	1	0	@AmitabhainArunachala
tests.test_a2a_semantic_receipt_adapter	tests/test_a2a_semantic_receipt_adapter.py	166	out_of_scope	0	3	0.00017506	1404	1	0	@AmitabhainArunachala
tests.test_a2a_send	tests/test_a2a_send.py	904	out_of_scope	0	3	0.00017506	1405	1	0	@AmitabhainArunachala
tests.test_a2a_send_board_adapter	tests/test_a2a_send_board_adapter.py	226	out_of_scope	0	1	0.00017506	1406	1	0	@AmitabhainArunachala
tests.test_a2a_spec_conformance	tests/test_a2a_spec_conformance.py	931	out_of_scope	0	6	0.00017506	1407	1	0	@AmitabhainArunachala
tests.test_a2a_stale_forge_v01_blocker	tests/test_a2a_stale_forge_v01_blocker.py	243	out_of_scope	0	3	0.00017506	1408	1	0	@AmitabhainArunachala
tests.test_a2a_stale_hermes_claim_blocker	tests/test_a2a_stale_hermes_claim_blocker.py	152	out_of_scope	0	3	0.00017506	1409	1	0	@AmitabhainArunachala
tests.test_a2a_stale_holon_review_target_blocker	tests/test_a2a_stale_holon_review_target_blocker.py	143	out_of_scope	0	3	0.00017506	1410	1	0	@AmitabhainArunachala
tests.test_a2a_task_lifecycle	tests/test_a2a_task_lifecycle.py	309	out_of_scope	0	1	0.00017506	1411	1	0	@AmitabhainArunachala
tests.test_a2a_topology	tests/test_a2a_topology.py	10	out_of_scope	0	1	0.00017506	1412	1	0	@AmitabhainArunachala
tests.test_a2a_verified_duplicate_open_rows	tests/test_a2a_verified_duplicate_open_rows.py	169	out_of_scope	0	3	0.00017506	1413	1	0	@AmitabhainArunachala
tests.test_active_inference	tests/test_active_inference.py	397	out_of_scope	0	1	0.00017506	1414	1	0	@AmitabhainArunachala
tests.test_active_track_governance	tests/test_active_track_governance.py	303	out_of_scope	0	0	0.00017506	1415	1	0	@AmitabhainArunachala
tests.test_adaptive_autonomy	tests/test_adaptive_autonomy.py	167	out_of_scope	0	1	0.00017506	1416	1	0	@AmitabhainArunachala
tests.test_admission_parity_bridge	tests/test_admission_parity_bridge.py	96	out_of_scope	0	0	0.00017506	1417	1	0	@AmitabhainArunachala
tests.test_agent_constitution	tests/test_agent_constitution.py	274	out_of_scope	0	2	0.00017506	1418	1	0	@AmitabhainArunachala
tests.test_agent_directory	tests/test_agent_directory.py	166	out_of_scope	0	5	0.00017506	1419	1	0	@AmitabhainArunachala
tests.test_agent_export	tests/test_agent_export.py	75	out_of_scope	0	1	0.00017506	1420	1	0	@AmitabhainArunachala
tests.test_agent_install	tests/test_agent_install.py	72	out_of_scope	0	2	0.00017506	1421	1	0	@AmitabhainArunachala
tests.test_agent_memory	tests/test_agent_memory.py	277	out_of_scope	0	1	0.00017506	1422	1	0	@AmitabhainArunachala
tests.test_agent_memory_manager	tests/test_agent_memory_manager.py	440	out_of_scope	0	0	0.00017506	1423	1	0	@AmitabhainArunachala
tests.test_agent_onboard	tests/test_agent_onboard.py	287	out_of_scope	0	2	0.00017506	1424	1	0	@AmitabhainArunachala
tests.test_agent_registry	tests/test_agent_registry.py	529	out_of_scope	0	1	0.00017506	1425	1	0	@AmitabhainArunachala
tests.test_agent_registry_presence	tests/test_agent_registry_presence.py	41	out_of_scope	0	1	0.00017506	1426	1	0	@AmitabhainArunachala
tests.test_agent_runner	tests/test_agent_runner.py	824	out_of_scope	0	9	0.00017506	1427	1	0	@AmitabhainArunachala
tests.test_agent_runner_memory	tests/test_agent_runner_memory.py	289	out_of_scope	0	3	0.00017506	1428	1	0	@AmitabhainArunachala
tests.test_agent_runner_quality	tests/test_agent_runner_quality.py	305	out_of_scope	0	1	0.00017506	1429	1	0	@AmitabhainArunachala
tests.test_agent_runner_quality_track	tests/test_agent_runner_quality_track.py	484	out_of_scope	0	2	0.00017506	1430	1	0	@AmitabhainArunachala
tests.test_agent_runner_routing_feedback	tests/test_agent_runner_routing_feedback.py	251	out_of_scope	0	4	0.00017506	1431	1	0	@AmitabhainArunachala
tests.test_agent_runner_semantic_acceptance	tests/test_agent_runner_semantic_acceptance.py	555	out_of_scope	0	5	0.00017506	1432	1	0	@AmitabhainArunachala
tests.test_agent_work_packet	tests/test_agent_work_packet.py	4616	out_of_scope	0	1	0.00017506	1433	1	3	@AmitabhainArunachala
tests.test_agentic_autonomy_bundle	tests/test_agentic_autonomy_bundle.py	39	out_of_scope	0	1	0.00017506	1434	1	0	@AmitabhainArunachala
tests.test_agentops_board_adapter	tests/test_agentops_board_adapter.py	129	out_of_scope	0	1	0.00017506	1435	1	0	@AmitabhainArunachala
tests.test_agents_router	tests/test_agents_router.py	236	out_of_scope	0	5	0.00017506	1436	1	0	@AmitabhainArunachala
tests.test_ai_reciprocity_ledger	tests/test_ai_reciprocity_ledger.py	255	out_of_scope	0	1	0.00017506	1437	1	0	@AmitabhainArunachala
tests.test_algedonic_activation	tests/test_algedonic_activation.py	292	out_of_scope	0	1	0.00017506	1438	1	0	@AmitabhainArunachala
tests.test_algedonic_triage	tests/test_algedonic_triage.py	38	out_of_scope	0	0	0.00017506	1439	1	0	@AmitabhainArunachala
tests.test_allout_integration	tests/test_allout_integration.py	305	out_of_scope	0	1	0.00017506	1440	1	0	@AmitabhainArunachala
tests.test_amiros	tests/test_amiros.py	193	out_of_scope	0	1	0.00017506	1441	1	0	@AmitabhainArunachala
tests.test_anekanta_gate	tests/test_anekanta_gate.py	129	out_of_scope	0	2	0.00017506	1442	1	0	@AmitabhainArunachala
tests.test_api	tests/test_api.py	523	out_of_scope	0	5	0.00017506	1443	1	0	@AmitabhainArunachala
tests.test_api_auth	tests/test_api_auth.py	390	out_of_scope	0	2	0.00017506	1444	1	0	@AmitabhainArunachala
tests.test_api_commands_evolve	tests/test_api_commands_evolve.py	31	out_of_scope	0	2	0.00017506	1445	1	0	@AmitabhainArunachala
tests.test_api_key_audit	tests/test_api_key_audit.py	128	out_of_scope	0	2	0.00017506	1446	1	0	@AmitabhainArunachala
tests.test_api_keys	tests/test_api_keys.py	100	out_of_scope	0	2	0.00017506	1447	1	0	@AmitabhainArunachala
tests.test_api_main_bootstrap	tests/test_api_main_bootstrap.py	149	out_of_scope	0	3	0.00017506	1448	1	0	@AmitabhainArunachala
tests.test_archaeology_ingestion	tests/test_archaeology_ingestion.py	214	out_of_scope	0	1	0.00017506	1449	1	0	@AmitabhainArunachala
tests.test_archive	tests/test_archive.py	671	out_of_scope	0	1	0.00017506	1450	1	0	@AmitabhainArunachala
tests.test_archive_merkle_integration	tests/test_archive_merkle_integration.py	175	out_of_scope	0	2	0.00017506	1451	1	0	@AmitabhainArunachala
tests.test_arena_parity_controls	tests/test_arena_parity_controls.py	664	out_of_scope	0	6	0.00017506	1452	1	0	@AmitabhainArunachala
tests.test_arena_truth_report	tests/test_arena_truth_report.py	138	out_of_scope	0	3	0.00017506	1453	1	0	@AmitabhainArunachala
tests.test_arena_v1	tests/test_arena_v1.py	223	out_of_scope	0	7	0.00017506	1454	1	0	@AmitabhainArunachala
tests.test_artifact_manifest	tests/test_artifact_manifest.py	111	out_of_scope	0	3	0.00017506	1455	1	0	@AmitabhainArunachala
tests.test_artifact_store	tests/test_artifact_store.py	218	out_of_scope	0	1	0.00017506	1456	1	0	@AmitabhainArunachala
tests.test_artifact_store_vnext	tests/test_artifact_store_vnext.py	91	out_of_scope	0	2	0.00017506	1457	1	0	@AmitabhainArunachala
tests.test_assurance	tests/test_assurance.py	493	out_of_scope	0	8	0.00017506	1458	1	0	@AmitabhainArunachala
tests.test_assurance_boundary	tests/test_assurance_boundary.py	251	out_of_scope	0	0	0.00017506	1459	1	0	@AmitabhainArunachala
tests.test_async_safety	tests/test_async_safety.py	84	out_of_scope	0	2	0.00017506	1460	1	0	@AmitabhainArunachala
tests.test_auditor	tests/test_auditor.py	245	out_of_scope	0	2	0.00017506	1461	1	0	@AmitabhainArunachala
tests.test_authority_revenue_loop	tests/test_authority_revenue_loop.py	471	out_of_scope	0	10	0.00017506	1462	1	1	@AmitabhainArunachala
tests.test_auto_evolution	tests/test_auto_evolution.py	173	out_of_scope	0	1	0.00017506	1463	1	0	@AmitabhainArunachala
tests.test_auto_grade_engine	tests/test_auto_grade_engine.py	167	out_of_scope	0	2	0.00017506	1464	1	0	@AmitabhainArunachala
tests.test_auto_grade_models	tests/test_auto_grade_models.py	35	out_of_scope	0	0	0.00017506	1465	1	0	@AmitabhainArunachala
tests.test_auto_proposer	tests/test_auto_proposer.py	627	out_of_scope	0	6	0.00017506	1466	1	0	@AmitabhainArunachala
tests.test_auto_research_engine	tests/test_auto_research_engine.py	56	out_of_scope	0	3	0.00017506	1467	1	0	@AmitabhainArunachala
tests.test_auto_research_models	tests/test_auto_research_models.py	60	out_of_scope	0	0	0.00017506	1468	1	0	@AmitabhainArunachala
tests.test_auto_research_search	tests/test_auto_research_search.py	76	out_of_scope	0	2	0.00017506	1469	1	0	@AmitabhainArunachala
tests.test_auto_research_workflow	tests/test_auto_research_workflow.py	122	out_of_scope	0	9	0.00017506	1470	1	0	@AmitabhainArunachala
tests.test_autocatalytic_portfolio	tests/test_autocatalytic_portfolio.py	998	out_of_scope	0	3	0.00017506	1471	1	0	@AmitabhainArunachala
tests.test_automerge_tier_policy	tests/test_automerge_tier_policy.py	668	out_of_scope	0	0	0.00017506	1472	1	0	@AmitabhainArunachala
tests.test_autonomous_agent	tests/test_autonomous_agent.py	946	out_of_scope	0	4	0.00017506	1473	1	5	@AmitabhainArunachala
tests.test_autonomous_agent_router_path	tests/test_autonomous_agent_router_path.py	395	out_of_scope	0	4	0.00017506	1474	1	0	@AmitabhainArunachala
tests.test_autonomy_dial	tests/test_autonomy_dial.py	59	out_of_scope	0	1	0.00017506	1475	1	0	@AmitabhainArunachala
tests.test_autonomy_spine_cli	tests/test_autonomy_spine_cli.py	389	out_of_scope	0	3	0.00017506	1476	1	1	@AmitabhainArunachala
tests.test_autoresearch_loop	tests/test_autoresearch_loop.py	468	out_of_scope	0	1	0.00017506	1477	1	0	@AmitabhainArunachala
tests.test_backfill_runtime_idempotency_records	tests/test_backfill_runtime_idempotency_records.py	167	out_of_scope	0	1	0.00017506	1478	1	0	@AmitabhainArunachala
tests.test_base_provider	tests/test_base_provider.py	179	out_of_scope	0	3	0.00017506	1479	1	0	@AmitabhainArunachala
tests.test_benchmark_registry	tests/test_benchmark_registry.py	94	out_of_scope	0	1	0.00017506	1480	1	0	@AmitabhainArunachala
tests.test_board_facade	tests/test_board_facade.py	281	out_of_scope	0	4	0.00017506	1481	1	0	@AmitabhainArunachala
tests.test_bootstrap	tests/test_bootstrap.py	371	out_of_scope	0	1	0.00017506	1482	1	0	@AmitabhainArunachala
tests.test_bootstrap_contract	tests/test_bootstrap_contract.py	121	out_of_scope	0	0	0.00017506	1483	1	0	@AmitabhainArunachala
tests.test_bootstrap_loops	tests/test_bootstrap_loops.py	1036	out_of_scope	0	10	0.00017506	1484	1	0	@AmitabhainArunachala
tests.test_br_closures	tests/test_br_closures.py	559	out_of_scope	0	10	0.00017506	1485	1	0	@AmitabhainArunachala
tests.test_branch_janitor	tests/test_branch_janitor.py	284	out_of_scope	0	0	0.00017506	1486	1	0	@AmitabhainArunachala
tests.test_bridge	tests/test_bridge.py	749	out_of_scope	0	3	0.00017506	1487	1	0	@AmitabhainArunachala
tests.test_bridge_coordinator	tests/test_bridge_coordinator.py	652	out_of_scope	0	4	0.00017506	1488	1	0	@AmitabhainArunachala
tests.test_bridge_registry	tests/test_bridge_registry.py	353	out_of_scope	0	1	0.00017506	1489	1	0	@AmitabhainArunachala
tests.test_brief_to_spec	tests/test_brief_to_spec.py	178	out_of_scope	0	0	0.00017506	1490	1	0	@AmitabhainArunachala
tests.test_browser_agent	tests/test_browser_agent.py	553	out_of_scope	0	2	0.00017506	1491	1	4	@AmitabhainArunachala
tests.test_bsp_message_bus_checkpoint	tests/test_bsp_message_bus_checkpoint.py	131	out_of_scope	0	5	0.00017506	1492	1	0	@AmitabhainArunachala
tests.test_build_engine	tests/test_build_engine.py	376	out_of_scope	0	4	0.00017506	1493	1	0	@AmitabhainArunachala
tests.test_build_protocol_cli	tests/test_build_protocol_cli.py	235	out_of_scope	0	1	0.00017506	1494	1	0	@AmitabhainArunachala
tests.test_canary	tests/test_canary.py	196	out_of_scope	0	2	0.00017506	1495	1	0	@AmitabhainArunachala
tests.test_canonical_replay	tests/test_canonical_replay.py	298	out_of_scope	0	1	0.00017506	1496	1	0	@AmitabhainArunachala
tests.test_canonical_replay_golden	tests/test_canonical_replay_golden.py	178	out_of_scope	0	1	0.00017506	1497	1	0	@AmitabhainArunachala
tests.test_capital_lab_alpha_evidence	tests/test_capital_lab_alpha_evidence.py	225	out_of_scope	0	1	0.00017506	1498	1	0	@AmitabhainArunachala
tests.test_capital_lab_broker_paper_membrane	tests/test_capital_lab_broker_paper_membrane.py	225	out_of_scope	0	2	0.00017506	1499	1	0	@AmitabhainArunachala
tests.test_capital_lab_contracts	tests/test_capital_lab_contracts.py	90	out_of_scope	0	1	0.00017506	1500	1	0	@AmitabhainArunachala
tests.test_capital_lab_risk_governor	tests/test_capital_lab_risk_governor.py	109	out_of_scope	0	1	0.00017506	1501	1	0	@AmitabhainArunachala
tests.test_cascade	tests/test_cascade.py	721	out_of_scope	0	8	0.00017506	1502	1	0	@AmitabhainArunachala
tests.test_cascade_domains_code	tests/test_cascade_domains_code.py	205	out_of_scope	0	1	0.00017506	1503	1	0	@AmitabhainArunachala
tests.test_cascade_domains_meta	tests/test_cascade_domains_meta.py	173	out_of_scope	0	1	0.00017506	1504	1	0	@AmitabhainArunachala
tests.test_cascade_domains_skill	tests/test_cascade_domains_skill.py	185	out_of_scope	0	1	0.00017506	1505	1	0	@AmitabhainArunachala
tests.test_catalytic_graph	tests/test_catalytic_graph.py	296	out_of_scope	0	2	0.00017506	1506	1	0	@AmitabhainArunachala
tests.test_certified_lanes	tests/test_certified_lanes.py	244	out_of_scope	0	2	0.00017506	1507	1	0	@AmitabhainArunachala
tests.test_chamber_daily_delta	tests/test_chamber_daily_delta.py	124	out_of_scope	0	2	0.00017506	1508	1	0	@AmitabhainArunachala
tests.test_chamber_gym_git_history	tests/test_chamber_gym_git_history.py	289	out_of_scope	0	2	0.00017506	1509	1	0	@AmitabhainArunachala
tests.test_chamber_ledger_history	tests/test_chamber_ledger_history.py	82	out_of_scope	0	2	0.00017506	1510	1	0	@AmitabhainArunachala
tests.test_chamber_predictions	tests/test_chamber_predictions.py	128	out_of_scope	0	2	0.00017506	1511	1	0	@AmitabhainArunachala
tests.test_chamber_sandbox	tests/test_chamber_sandbox.py	77	out_of_scope	0	1	0.00017506	1512	1	0	@AmitabhainArunachala
tests.test_chamber_traces	tests/test_chamber_traces.py	81	out_of_scope	0	1	0.00017506	1513	1	0	@AmitabhainArunachala
tests.test_chat_tools	tests/test_chat_tools.py	243	out_of_scope	0	5	0.00017506	1514	1	0	@AmitabhainArunachala
tests.test_check_provider_credits	tests/test_check_provider_credits.py	83	out_of_scope	0	1	0.00017506	1515	1	0	@AmitabhainArunachala
tests.test_check_track_status_lifecycle	tests/test_check_track_status_lifecycle.py	143	out_of_scope	0	0	0.00017506	1516	1	0	@AmitabhainArunachala
tests.test_check_worktree_budget	tests/test_check_worktree_budget.py	86	out_of_scope	0	0	0.00017506	1517	1	0	@AmitabhainArunachala
tests.test_checkpoint	tests/test_checkpoint.py	304	out_of_scope	0	1	0.00017506	1518	1	0	@AmitabhainArunachala
tests.test_chetana_markitdown_document_ingest	tests/test_chetana_markitdown_document_ingest.py	47	out_of_scope	0	1	0.00017506	1519	1	0	@AmitabhainArunachala
tests.test_chetana_staging_boundary	tests/test_chetana_staging_boundary.py	553	out_of_scope	0	15	0.00017506	1520	1	0	@AmitabhainArunachala
tests.test_chetana_verify_production	tests/test_chetana_verify_production.py	381	out_of_scope	0	12	0.00017506	1521	1	0	@AmitabhainArunachala
tests.test_ci_truth	tests/test_ci_truth.py	226	out_of_scope	0	1	0.00017506	1522	1	0	@AmitabhainArunachala
tests.test_citation_index	tests/test_citation_index.py	342	out_of_scope	0	1	0.00017506	1523	1	0	@AmitabhainArunachala
tests.test_claim_evidence_binding	tests/test_claim_evidence_binding.py	752	out_of_scope	0	2	0.00017506	1524	1	0	@AmitabhainArunachala
tests.test_claim_graph	tests/test_claim_graph.py	66	out_of_scope	0	2	0.00017506	1525	1	0	@AmitabhainArunachala
tests.test_classify_changed_paths	tests/test_classify_changed_paths.py	203	out_of_scope	0	0	0.00017506	1526	1	0	@AmitabhainArunachala
tests.test_claude_cli	tests/test_claude_cli.py	66	out_of_scope	0	1	0.00017506	1527	1	0	@AmitabhainArunachala
tests.test_claude_hooks	tests/test_claude_hooks.py	134	out_of_scope	0	1	0.00017506	1528	1	0	@AmitabhainArunachala
tests.test_cli	tests/test_cli.py	263	out_of_scope	0	1	0.00017506	1529	1	0	@AmitabhainArunachala
tests.test_coalgebra	tests/test_coalgebra.py	377	out_of_scope	0	2	0.00017506	1530	1	0	@AmitabhainArunachala
tests.test_coalgebra_dseintegrator_dse_integration	tests/test_coalgebra_dseintegrator_dse_integration.py	145	out_of_scope	0	4	0.00017506	1531	1	0	@AmitabhainArunachala
tests.test_codex_composer_semantic_responder_dlq	tests/test_codex_composer_semantic_responder_dlq.py	339	out_of_scope	0	1	0.00017506	1532	1	0	@AmitabhainArunachala
tests.test_codex_composer_wake_loop	tests/test_codex_composer_wake_loop.py	493	out_of_scope	0	2	0.00017506	1533	1	0	@AmitabhainArunachala
tests.test_codex_overnight	tests/test_codex_overnight.py	285	out_of_scope	0	1	0.00017506	1534	1	0	@AmitabhainArunachala
tests.test_cohomology_cechcohomology_to_sheaf_coord	tests/test_cohomology_cechcohomology_to_sheaf_coord.py	126	out_of_scope	0	3	0.00017506	1535	1	0	@AmitabhainArunachala
tests.test_command_center	tests/test_command_center.py	324	out_of_scope	0	11	0.00017506	1536	1	0	@AmitabhainArunachala
tests.test_command_contract	tests/test_command_contract.py	145	out_of_scope	0	1	0.00017506	1537	1	0	@AmitabhainArunachala
tests.test_compounding_ledger	tests/test_compounding_ledger.py	130	out_of_scope	0	1	0.00017506	1538	1	0	@AmitabhainArunachala
tests.test_concept_blast_radius	tests/test_concept_blast_radius.py	237	out_of_scope	0	1	0.00017506	1539	1	0	@AmitabhainArunachala
tests.test_concept_parser	tests/test_concept_parser.py	440	out_of_scope	0	2	0.00017506	1540	1	2	@AmitabhainArunachala
tests.test_conductors	tests/test_conductors.py	51	out_of_scope	0	3	0.00017506	1541	1	0	@AmitabhainArunachala
tests.test_config	tests/test_config.py	98	out_of_scope	0	1	0.00017506	1542	1	0	@AmitabhainArunachala
tests.test_consolidation	tests/test_consolidation.py	438	out_of_scope	0	3	0.00017506	1543	1	0	@AmitabhainArunachala
tests.test_constitutional_size_check	tests/test_constitutional_size_check.py	93	out_of_scope	0	1	0.00017506	1544	1	0	@AmitabhainArunachala
tests.test_consume_review_marks	tests/test_consume_review_marks.py	337	out_of_scope	0	0	0.00017506	1545	1	0	@AmitabhainArunachala
tests.test_context	tests/test_context.py	1294	out_of_scope	0	6	0.00017506	1546	1	0	@AmitabhainArunachala
tests.test_context_agent	tests/test_context_agent.py	317	out_of_scope	0	2	0.00017506	1547	1	0	@AmitabhainArunachala
tests.test_context_compiler	tests/test_context_compiler.py	378	out_of_scope	0	1	0.00017506	1548	1	0	@AmitabhainArunachala
tests.test_context_compiler_cache	tests/test_context_compiler_cache.py	208	out_of_scope	0	2	0.00017506	1549	1	0	@AmitabhainArunachala
tests.test_context_compiler_memory_kernel	tests/test_context_compiler_memory_kernel.py	1109	out_of_scope	0	7	0.00017506	1550	1	0	@AmitabhainArunachala
tests.test_context_compiler_vnext	tests/test_context_compiler_vnext.py	164	out_of_scope	0	5	0.00017506	1551	1	0	@AmitabhainArunachala
tests.test_context_quality_track	tests/test_context_quality_track.py	189	out_of_scope	0	1	0.00017506	1552	1	0	@AmitabhainArunachala
tests.test_context_search	tests/test_context_search.py	128	out_of_scope	0	1	0.00017506	1553	1	0	@AmitabhainArunachala
tests.test_context_semantic	tests/test_context_semantic.py	185	out_of_scope	0	1	0.00017506	1554	1	0	@AmitabhainArunachala
tests.test_context_suite	tests/test_context_suite.py	142	out_of_scope	0	0	0.00017506	1555	1	0	@AmitabhainArunachala
tests.test_continuity_harness	tests/test_continuity_harness.py	37	out_of_scope	0	1	0.00017506	1556	1	0	@AmitabhainArunachala
tests.test_contracts_runtime	tests/test_contracts_runtime.py	302	out_of_scope	0	2	0.00017506	1557	1	0	@AmitabhainArunachala
tests.test_contracts_scaffold	tests/test_contracts_scaffold.py	35	out_of_scope	0	1	0.00017506	1558	1	0	@AmitabhainArunachala
tests.test_contradiction_registry	tests/test_contradiction_registry.py	302	out_of_scope	0	1	0.00017506	1559	1	0	@AmitabhainArunachala
tests.test_control_plane_production_wiring	tests/test_control_plane_production_wiring.py	280	out_of_scope	0	16	0.00017506	1560	1	0	@AmitabhainArunachala
tests.test_control_surface	tests/test_control_surface.py	1682	out_of_scope	0	5	0.00017506	1561	1	0	@AmitabhainArunachala
tests.test_control_surface_a2a_cards	tests/test_control_surface_a2a_cards.py	193	out_of_scope	0	1	0.00017506	1562	1	0	@AmitabhainArunachala
tests.test_control_surface_agentops_cards	tests/test_control_surface_agentops_cards.py	57	out_of_scope	0	1	0.00017506	1563	1	0	@AmitabhainArunachala
tests.test_control_surface_ds_goal_cards	tests/test_control_surface_ds_goal_cards.py	57	out_of_scope	0	1	0.00017506	1564	1	0	@AmitabhainArunachala
tests.test_control_surface_router_threadpool	tests/test_control_surface_router_threadpool.py	103	out_of_scope	0	2	0.00017506	1565	1	0	@AmitabhainArunachala
tests.test_control_surface_semantic_receipt_cards	tests/test_control_surface_semantic_receipt_cards.py	68	out_of_scope	0	2	0.00017506	1566	1	0	@AmitabhainArunachala
tests.test_convergence	tests/test_convergence.py	55	out_of_scope	0	1	0.00017506	1567	1	0	@AmitabhainArunachala
tests.test_conversation_distiller	tests/test_conversation_distiller.py	310	out_of_scope	0	1	0.00017506	1568	1	0	@AmitabhainArunachala
tests.test_conversation_log	tests/test_conversation_log.py	161	out_of_scope	0	1	0.00017506	1569	1	0	@AmitabhainArunachala
tests.test_conversation_memory	tests/test_conversation_memory.py	149	out_of_scope	0	1	0.00017506	1570	1	0	@AmitabhainArunachala
tests.test_conversation_store	tests/test_conversation_store.py	32	out_of_scope	0	1	0.00017506	1571	1	0	@AmitabhainArunachala
tests.test_coordination_closure_checks	tests/test_coordination_closure_checks.py	41	out_of_scope	0	0	0.00017506	1572	1	0	@AmitabhainArunachala
tests.test_correlation_context	tests/test_correlation_context.py	486	out_of_scope	0	10	0.00017506	1573	1	0	@AmitabhainArunachala
tests.test_cost_tracker	tests/test_cost_tracker.py	217	out_of_scope	0	1	0.00017506	1574	1	0	@AmitabhainArunachala
tests.test_council_profiles	tests/test_council_profiles.py	194	out_of_scope	0	2	0.00017506	1575	1	0	@AmitabhainArunachala
tests.test_cron_daemon	tests/test_cron_daemon.py	63	out_of_scope	0	4	0.00017506	1576	1	0	@AmitabhainArunachala
tests.test_cron_job_runtime	tests/test_cron_job_runtime.py	39	out_of_scope	0	1	0.00017506	1577	1	0	@AmitabhainArunachala
tests.test_cron_portable_context	tests/test_cron_portable_context.py	108	out_of_scope	0	2	0.00017506	1578	1	0	@AmitabhainArunachala
tests.test_cron_runner	tests/test_cron_runner.py	938	out_of_scope	0	5	0.00017506	1579	1	0	@AmitabhainArunachala
tests.test_cron_scheduler	tests/test_cron_scheduler.py	220	out_of_scope	0	2	0.00017506	1580	1	0	@AmitabhainArunachala
tests.test_cross_task_coordination	tests/test_cross_task_coordination.py	308	out_of_scope	0	3	0.00017506	1581	1	0	@AmitabhainArunachala
tests.test_curriculum_engine	tests/test_curriculum_engine.py	207	out_of_scope	0	5	0.00017506	1582	1	0	@AmitabhainArunachala
tests.test_custodians	tests/test_custodians.py	623	out_of_scope	0	3	0.00017506	1583	1	0	@AmitabhainArunachala
tests.test_cybernetics_codex	tests/test_cybernetics_codex.py	736	out_of_scope	0	3	0.00017506	1584	1	0	@AmitabhainArunachala
tests.test_daemon_config	tests/test_daemon_config.py	167	out_of_scope	0	2	0.00017506	1585	1	0	@AmitabhainArunachala
tests.test_dag_executor	tests/test_dag_executor.py	416	out_of_scope	0	2	0.00017506	1586	1	0	@AmitabhainArunachala
tests.test_daily_operating_brief	tests/test_daily_operating_brief.py	419	out_of_scope	0	1	0.00017506	1587	1	0	@AmitabhainArunachala
tests.test_damper	tests/test_damper.py	231	out_of_scope	0	1	0.00017506	1588	1	0	@AmitabhainArunachala
tests.test_darwin_diff	tests/test_darwin_diff.py	283	out_of_scope	0	2	0.00017506	1589	1	0	@AmitabhainArunachala
tests.test_dashboard_chat_router	tests/test_dashboard_chat_router.py	324	out_of_scope	0	2	0.00017506	1590	1	0	@AmitabhainArunachala
tests.test_dashboard_chat_session_contract	tests/test_dashboard_chat_session_contract.py	296	out_of_scope	0	3	0.00017506	1591	1	0	@AmitabhainArunachala
tests.test_dashboard_ctl_script	tests/test_dashboard_ctl_script.py	65	out_of_scope	0	0	0.00017506	1592	1	0	@AmitabhainArunachala
tests.test_dashboard_tsconfig_contract	tests/test_dashboard_tsconfig_contract.py	84	out_of_scope	0	0	0.00017506	1593	1	0	@AmitabhainArunachala
tests.test_dataset_builder	tests/test_dataset_builder.py	206	out_of_scope	0	1	0.00017506	1594	1	0	@AmitabhainArunachala
tests.test_decision_ontology	tests/test_decision_ontology.py	314	out_of_scope	0	2	0.00017506	1595	1	0	@AmitabhainArunachala
tests.test_decision_router	tests/test_decision_router.py	158	out_of_scope	0	1	0.00017506	1596	1	0	@AmitabhainArunachala
tests.test_deep_sweep	tests/test_deep_sweep.py	541	out_of_scope	0	4	0.00017506	1597	1	0	@AmitabhainArunachala
tests.test_deep_sweep_imports	tests/test_deep_sweep_imports.py	21	out_of_scope	0	0	0.00017506	1598	1	0	@AmitabhainArunachala
tests.test_dgc_cli	tests/test_dgc_cli.py	2806	out_of_scope	0	7	0.00017506	1599	1	0	@AmitabhainArunachala
tests.test_dgc_cli_cron	tests/test_dgc_cli_cron.py	97	out_of_scope	0	2	0.00017506	1600	1	0	@AmitabhainArunachala
tests.test_dgc_cli_map	tests/test_dgc_cli_map.py	78	out_of_scope	0	1	0.00017506	1601	1	0	@AmitabhainArunachala
tests.test_dgc_cli_memory_retrospectives	tests/test_dgc_cli_memory_retrospectives.py	70	out_of_scope	0	1	0.00017506	1602	1	0	@AmitabhainArunachala
tests.test_dgc_cli_mission_brief	tests/test_dgc_cli_mission_brief.py	123	out_of_scope	0	1	0.00017506	1603	1	0	@AmitabhainArunachala
tests.test_dgc_trace_attractor_cli	tests/test_dgc_trace_attractor_cli.py	98	out_of_scope	0	3	0.00017506	1604	1	0	@AmitabhainArunachala
tests.test_dgm_loop	tests/test_dgm_loop.py	166	out_of_scope	0	1	0.00017506	1605	1	0	@AmitabhainArunachala
tests.test_dharma_attractor	tests/test_dharma_attractor.py	284	out_of_scope	0	1	0.00017506	1606	1	0	@AmitabhainArunachala
tests.test_dharma_corpus	tests/test_dharma_corpus.py	263	out_of_scope	0	1	0.00017506	1607	1	0	@AmitabhainArunachala
tests.test_dharma_kernel	tests/test_dharma_kernel.py	153	out_of_scope	0	1	0.00017506	1608	1	0	@AmitabhainArunachala
tests.test_dharmagraph_parity_gauntlet	tests/test_dharmagraph_parity_gauntlet.py	586	out_of_scope	0	3	0.00017506	1609	1	1	@AmitabhainArunachala
tests.test_dhyana_drift_triage	tests/test_dhyana_drift_triage.py	154	out_of_scope	0	1	0.00017506	1610	1	0	@AmitabhainArunachala
tests.test_diff_applier	tests/test_diff_applier.py	435	out_of_scope	0	3	0.00017506	1611	1	0	@AmitabhainArunachala
tests.test_dispatch_dropoff_quarantine	tests/test_dispatch_dropoff_quarantine.py	199	out_of_scope	0	5	0.00017506	1612	1	0	@AmitabhainArunachala
tests.test_dispatch_dropoff_sources	tests/test_dispatch_dropoff_sources.py	248	out_of_scope	0	3	0.00017506	1613	1	0	@AmitabhainArunachala
tests.test_diversity_archive	tests/test_diversity_archive.py	40	out_of_scope	0	3	0.00017506	1614	1	0	@AmitabhainArunachala
tests.test_docker_sandbox	tests/test_docker_sandbox.py	358	out_of_scope	0	4	0.00017506	1615	1	0	@AmitabhainArunachala
tests.test_docops_integrity	tests/test_docops_integrity.py	454	out_of_scope	0	0	0.00017506	1616	1	0	@AmitabhainArunachala
tests.test_docops_reconcile_workflow	tests/test_docops_reconcile_workflow.py	112	out_of_scope	0	0	0.00017506	1617	1	0	@AmitabhainArunachala
tests.test_doctor	tests/test_doctor.py	1130	out_of_scope	0	1	0.00017506	1618	1	1	@AmitabhainArunachala
tests.test_dogma_gate	tests/test_dogma_gate.py	114	out_of_scope	0	2	0.00017506	1619	1	0	@AmitabhainArunachala
tests.test_dpi	tests/test_dpi.py	114	out_of_scope	0	1	0.00017506	1620	1	0	@AmitabhainArunachala
tests.test_ds_goal_board_adapter	tests/test_ds_goal_board_adapter.py	96	out_of_scope	0	1	0.00017506	1621	1	0	@AmitabhainArunachala
tests.test_dse_integration	tests/test_dse_integration.py	1410	out_of_scope	0	6	0.00017506	1622	1	0	@AmitabhainArunachala
tests.test_dual_audit	tests/test_dual_audit.py	102	out_of_scope	0	1	0.00017506	1623	1	0	@AmitabhainArunachala
tests.test_dynamic_correction	tests/test_dynamic_correction.py	526	out_of_scope	0	2	0.00017506	1624	1	0	@AmitabhainArunachala
tests.test_dynamic_roster	tests/test_dynamic_roster.py	136	out_of_scope	0	2	0.00017506	1625	1	0	@AmitabhainArunachala
tests.test_e2e_boot	tests/test_e2e_boot.py	202	out_of_scope	0	2	0.00017506	1626	1	0	@AmitabhainArunachala
tests.test_ecc_eval_harness	tests/test_ecc_eval_harness.py	403	out_of_scope	0	2	0.00017506	1627	1	0	@AmitabhainArunachala
tests.test_economic_agent	tests/test_economic_agent.py	253	out_of_scope	0	1	0.00017506	1628	1	0	@AmitabhainArunachala
tests.test_economic_engine	tests/test_economic_engine.py	313	out_of_scope	0	4	0.00017506	1629	1	0	@AmitabhainArunachala
tests.test_economic_fitness	tests/test_economic_fitness.py	146	out_of_scope	0	1	0.00017506	1630	1	0	@AmitabhainArunachala
tests.test_economic_spine	tests/test_economic_spine.py	311	out_of_scope	0	4	0.00017506	1631	1	0	@AmitabhainArunachala
tests.test_ecosystem_bridge	tests/test_ecosystem_bridge.py	291	out_of_scope	0	1	0.00017506	1632	1	1	@AmitabhainArunachala
tests.test_ecosystem_index	tests/test_ecosystem_index.py	291	out_of_scope	0	1	0.00017506	1633	1	0	@AmitabhainArunachala
tests.test_ecosystem_map	tests/test_ecosystem_map.py	73	out_of_scope	0	1	0.00017506	1634	1	0	@AmitabhainArunachala
tests.test_ecosystem_map_quality_track	tests/test_ecosystem_map_quality_track.py	89	out_of_scope	0	1	0.00017506	1635	1	0	@AmitabhainArunachala
tests.test_elegance	tests/test_elegance.py	350	out_of_scope	0	1	0.00017506	1636	1	0	@AmitabhainArunachala
tests.test_engine_artifacts	tests/test_engine_artifacts.py	209	out_of_scope	0	1	0.00017506	1637	1	0	@AmitabhainArunachala
tests.test_engine_events	tests/test_engine_events.py	110	out_of_scope	0	1	0.00017506	1638	1	0	@AmitabhainArunachala
tests.test_engine_knowledge_store	tests/test_engine_knowledge_store.py	88	out_of_scope	0	1	0.00017506	1639	1	0	@AmitabhainArunachala
tests.test_engine_provenance	tests/test_engine_provenance.py	363	out_of_scope	0	2	0.00017506	1640	1	0	@AmitabhainArunachala
tests.test_engine_provider_base	tests/test_engine_provider_base.py	140	out_of_scope	0	2	0.00017506	1641	1	0	@AmitabhainArunachala
tests.test_engine_provider_runner	tests/test_engine_provider_runner.py	118	out_of_scope	0	3	0.00017506	1642	1	0	@AmitabhainArunachala
tests.test_engine_settings	tests/test_engine_settings.py	66	out_of_scope	0	1	0.00017506	1643	1	0	@AmitabhainArunachala
tests.test_env_alias_normalization	tests/test_env_alias_normalization.py	248	out_of_scope	0	1	0.00017506	1644	1	0	@AmitabhainArunachala
tests.test_episode_ledger	tests/test_episode_ledger.py	701	out_of_scope	0	1	0.00017506	1645	1	0	@AmitabhainArunachala
tests.test_epistemic_telemetry	tests/test_epistemic_telemetry.py	289	out_of_scope	0	1	0.00017506	1646	1	0	@AmitabhainArunachala
tests.test_eval_harness_extended	tests/test_eval_harness_extended.py	192	out_of_scope	0	3	0.00017506	1647	1	0	@AmitabhainArunachala
tests.test_eval_trace	tests/test_eval_trace.py	134	out_of_scope	0	1	0.00017506	1648	1	0	@AmitabhainArunachala
tests.test_evaluation_registry	tests/test_evaluation_registry.py	528	out_of_scope	0	3	0.00017506	1649	1	0	@AmitabhainArunachala
tests.test_evaluator	tests/test_evaluator.py	241	out_of_scope	0	2	0.00017506	1650	1	0	@AmitabhainArunachala
tests.test_evaluator_module	tests/test_evaluator_module.py	305	out_of_scope	0	2	0.00017506	1651	1	0	@AmitabhainArunachala
tests.test_event_log	tests/test_event_log.py	53	out_of_scope	0	2	0.00017506	1652	1	0	@AmitabhainArunachala
tests.test_event_memory	tests/test_event_memory.py	156	out_of_scope	0	2	0.00017506	1653	1	0	@AmitabhainArunachala
tests.test_event_memory_integration	tests/test_event_memory_integration.py	246	out_of_scope	0	8	0.00017506	1654	1	0	@AmitabhainArunachala
tests.test_evolution	tests/test_evolution.py	2714	out_of_scope	0	13	0.00017506	1655	1	0	@AmitabhainArunachala
tests.test_evolution_gate_helpers	tests/test_evolution_gate_helpers.py	71	out_of_scope	0	3	0.00017506	1656	1	0	@AmitabhainArunachala
tests.test_evolution_landscape	tests/test_evolution_landscape.py	100	out_of_scope	0	1	0.00017506	1657	1	0	@AmitabhainArunachala
tests.test_evolution_roster	tests/test_evolution_roster.py	371	out_of_scope	0	3	0.00017506	1658	1	0	@AmitabhainArunachala
tests.test_evolution_runtime_fields	tests/test_evolution_runtime_fields.py	139	out_of_scope	0	4	0.00017506	1659	1	0	@AmitabhainArunachala
tests.test_evolution_safety	tests/test_evolution_safety.py	438	out_of_scope	0	5	0.00017506	1660	1	0	@AmitabhainArunachala
tests.test_execution_profile	tests/test_execution_profile.py	55	out_of_scope	0	1	0.00017506	1661	1	0	@AmitabhainArunachala
tests.test_experiment_log	tests/test_experiment_log.py	31	out_of_scope	0	3	0.00017506	1662	1	0	@AmitabhainArunachala
tests.test_experiment_memory	tests/test_experiment_memory.py	92	out_of_scope	0	4	0.00017506	1663	1	0	@AmitabhainArunachala
tests.test_external_agent_registration	tests/test_external_agent_registration.py	295	out_of_scope	0	1	0.00017506	1664	1	0	@AmitabhainArunachala
tests.test_fast_suite_isolation	tests/test_fast_suite_isolation.py	475	out_of_scope	0	2	0.00017506	1665	1	0	@AmitabhainArunachala
tests.test_feedback_writer	tests/test_feedback_writer.py	143	out_of_scope	0	1	0.00017506	1666	1	0	@AmitabhainArunachala
tests.test_field_graph	tests/test_field_graph.py	202	out_of_scope	0	3	0.00017506	1667	1	0	@AmitabhainArunachala
tests.test_field_knowledge_base	tests/test_field_knowledge_base.py	155	out_of_scope	0	1	0.00017506	1668	1	0	@AmitabhainArunachala
tests.test_file_lock	tests/test_file_lock.py	444	out_of_scope	0	1	0.00017506	1669	1	0	@AmitabhainArunachala
tests.test_final_boss_dossier	tests/test_final_boss_dossier.py	373	out_of_scope	0	0	0.00017506	1670	1	0	@AmitabhainArunachala
tests.test_fitness_predictor	tests/test_fitness_predictor.py	323	out_of_scope	0	1	0.00017506	1671	1	0	@AmitabhainArunachala
tests.test_fleet_control_plane	tests/test_fleet_control_plane.py	614	out_of_scope	0	8	0.00017506	1672	1	0	@AmitabhainArunachala
tests.test_fleet_field_registry	tests/test_fleet_field_registry.py	95	out_of_scope	0	1	0.00017506	1673	1	0	@AmitabhainArunachala
tests.test_flywheel_exporter	tests/test_flywheel_exporter.py	300	out_of_scope	0	5	0.00017506	1674	1	0	@AmitabhainArunachala
tests.test_foreman	tests/test_foreman.py	501	out_of_scope	0	2	0.00017506	1675	1	0	@AmitabhainArunachala
tests.test_forge_fresh_task_oracle	tests/test_forge_fresh_task_oracle.py	180	out_of_scope	0	3	0.00017506	1676	1	0	@AmitabhainArunachala
tests.test_forge_lab_chassis	tests/test_forge_lab_chassis.py	252	out_of_scope	0	9	0.00017506	1677	1	0	@AmitabhainArunachala
tests.test_forge_lab_experiment	tests/test_forge_lab_experiment.py	194	out_of_scope	0	3	0.00017506	1678	1	0	@AmitabhainArunachala
tests.test_forge_lab_freeform_explore	tests/test_forge_lab_freeform_explore.py	78	out_of_scope	0	1	0.00017506	1679	1	0	@AmitabhainArunachala
tests.test_forge_naming_boundary	tests/test_forge_naming_boundary.py	60	out_of_scope	0	0	0.00017506	1680	1	0	@AmitabhainArunachala
tests.test_forge_pr_suite_grader	tests/test_forge_pr_suite_grader.py	243	out_of_scope	0	5	0.00017506	1681	1	0	@AmitabhainArunachala
tests.test_forge_pr_suite_harvest_loop	tests/test_forge_pr_suite_harvest_loop.py	290	out_of_scope	0	2	0.00017506	1682	1	0	@AmitabhainArunachala
tests.test_forge_pr_suite_harvester	tests/test_forge_pr_suite_harvester.py	101	out_of_scope	0	3	0.00017506	1683	1	0	@AmitabhainArunachala
tests.test_forge_pr_suite_validator	tests/test_forge_pr_suite_validator.py	433	out_of_scope	0	3	0.00017506	1684	1	0	@AmitabhainArunachala
tests.test_forge_prod_contracts	tests/test_forge_prod_contracts.py	119	out_of_scope	0	3	0.00017506	1685	1	0	@AmitabhainArunachala
tests.test_forge_run_real_rate_limit	tests/test_forge_run_real_rate_limit.py	32	out_of_scope	0	1	0.00017506	1686	1	0	@AmitabhainArunachala
tests.test_forge_swarm_evolution_arena_v0_measurement_runner	tests/test_forge_swarm_evolution_arena_v0_measurement_runner.py	162	out_of_scope	0	1	0.00017506	1687	1	0	@AmitabhainArunachala
tests.test_forge_swarm_evolution_arena_v0_preflight	tests/test_forge_swarm_evolution_arena_v0_preflight.py	49	out_of_scope	0	1	0.00017506	1688	1	0	@AmitabhainArunachala
tests.test_forge_swarm_evolution_arena_v0_taskpack_builder	tests/test_forge_swarm_evolution_arena_v0_taskpack_builder.py	30	out_of_scope	0	2	0.00017506	1689	1	0	@AmitabhainArunachala
tests.test_forge_taskbed_ledger	tests/test_forge_taskbed_ledger.py	413	out_of_scope	0	2	0.00017506	1690	1	0	@AmitabhainArunachala
tests.test_forge_v1	tests/test_forge_v1.py	150	out_of_scope	0	5	0.00017506	1691	1	0	@AmitabhainArunachala
tests.test_forge_v1_full	tests/test_forge_v1_full.py	89	out_of_scope	0	6	0.00017506	1692	1	0	@AmitabhainArunachala
tests.test_forge_v1_providers	tests/test_forge_v1_providers.py	155	out_of_scope	0	5	0.00017506	1693	1	1	@AmitabhainArunachala
tests.test_forge_v1_swarm_live	tests/test_forge_v1_swarm_live.py	43	out_of_scope	0	4	0.00017506	1694	1	0	@AmitabhainArunachala
tests.test_forge_v1_swebench	tests/test_forge_v1_swebench.py	175	out_of_scope	0	2	0.00017506	1695	1	1	@AmitabhainArunachala
tests.test_forge_v2	tests/test_forge_v2.py	132	out_of_scope	0	7	0.00017506	1696	1	0	@AmitabhainArunachala
tests.test_forge_v2_promotion_door	tests/test_forge_v2_promotion_door.py	400	out_of_scope	0	4	0.00017506	1697	1	0	@AmitabhainArunachala
tests.test_fourfold_action_warrant	tests/test_fourfold_action_warrant.py	108	out_of_scope	0	2	0.00017506	1698	1	0	@AmitabhainArunachala
tests.test_fractal_room	tests/test_fractal_room.py	982	out_of_scope	0	4	0.00017506	1699	1	0	@AmitabhainArunachala
tests.test_free_fleet	tests/test_free_fleet.py	441	out_of_scope	0	4	0.00017506	1700	1	0	@AmitabhainArunachala
tests.test_fs_substrate_e2e	tests/test_fs_substrate_e2e.py	103	out_of_scope	0	9	0.00017506	1701	1	0	@AmitabhainArunachala
tests.test_full_loop	tests/test_full_loop.py	612	out_of_scope	0	7	0.00017506	1702	1	1	@AmitabhainArunachala
tests.test_full_power_probe	tests/test_full_power_probe.py	63	out_of_scope	0	1	0.00017506	1703	1	0	@AmitabhainArunachala
tests.test_gaia	tests/test_gaia.py	1072	out_of_scope	0	8	0.00017506	1704	1	0	@AmitabhainArunachala
tests.test_gaia_fitness	tests/test_gaia_fitness.py	232	out_of_scope	0	3	0.00017506	1705	1	0	@AmitabhainArunachala
tests.test_gaia_ledger	tests/test_gaia_ledger.py	525	out_of_scope	0	1	0.00017506	1706	1	0	@AmitabhainArunachala
tests.test_gaia_platform	tests/test_gaia_platform.py	173	out_of_scope	0	1	0.00017506	1707	1	0	@AmitabhainArunachala
tests.test_gaia_sis_mint_gate	tests/test_gaia_sis_mint_gate.py	147	out_of_scope	0	1	0.00017506	1708	1	0	@AmitabhainArunachala
tests.test_gaia_sis_projection	tests/test_gaia_sis_projection.py	135	out_of_scope	0	2	0.00017506	1709	1	1	@AmitabhainArunachala
tests.test_gaia_verification	tests/test_gaia_verification.py	363	out_of_scope	0	2	0.00017506	1710	1	0	@AmitabhainArunachala
tests.test_gate_ahimsa	tests/test_gate_ahimsa.py	37	out_of_scope	0	1	0.00017506	1711	1	0	@AmitabhainArunachala
tests.test_gateway	tests/test_gateway.py	169	out_of_scope	0	2	0.00017506	1712	1	0	@AmitabhainArunachala
tests.test_genome_inheritance	tests/test_genome_inheritance.py	260	out_of_scope	0	3	0.00017506	1713	1	0	@AmitabhainArunachala
tests.test_geometry	tests/test_geometry.py	301	out_of_scope	0	1	0.00017506	1714	1	0	@AmitabhainArunachala
tests.test_ginko_agents	tests/test_ginko_agents.py	712	out_of_scope	0	1	0.00017506	1715	1	0	@AmitabhainArunachala
tests.test_ginko_attribution	tests/test_ginko_attribution.py	326	out_of_scope	0	1	0.00017506	1716	1	0	@AmitabhainArunachala
tests.test_ginko_audit	tests/test_ginko_audit.py	414	out_of_scope	0	1	0.00017506	1717	1	0	@AmitabhainArunachala
tests.test_ginko_backtest	tests/test_ginko_backtest.py	697	out_of_scope	0	2	0.00017506	1718	1	0	@AmitabhainArunachala
tests.test_ginko_bridge	tests/test_ginko_bridge.py	246	out_of_scope	0	2	0.00017506	1719	1	0	@AmitabhainArunachala
tests.test_ginko_brier	tests/test_ginko_brier.py	407	out_of_scope	0	1	0.00017506	1720	1	0	@AmitabhainArunachala
tests.test_ginko_cron_loop	tests/test_ginko_cron_loop.py	49	out_of_scope	0	2	0.00017506	1721	1	0	@AmitabhainArunachala
tests.test_ginko_data	tests/test_ginko_data.py	169	out_of_scope	0	1	0.00017506	1722	1	0	@AmitabhainArunachala
tests.test_ginko_data_integration	tests/test_ginko_data_integration.py	830	out_of_scope	0	3	0.00017506	1723	1	0	@AmitabhainArunachala
tests.test_ginko_evolution	tests/test_ginko_evolution.py	487	out_of_scope	0	1	0.00017506	1724	1	0	@AmitabhainArunachala
tests.test_ginko_orchestrator	tests/test_ginko_orchestrator.py	201	out_of_scope	0	1	0.00017506	1725	1	0	@AmitabhainArunachala
tests.test_ginko_paper_trade	tests/test_ginko_paper_trade.py	592	out_of_scope	0	1	0.00017506	1726	1	0	@AmitabhainArunachala
tests.test_ginko_regime	tests/test_ginko_regime.py	124	out_of_scope	0	1	0.00017506	1727	1	1	@AmitabhainArunachala
tests.test_ginko_report_gen	tests/test_ginko_report_gen.py	455	out_of_scope	0	1	0.00017506	1728	1	0	@AmitabhainArunachala
tests.test_ginko_risk	tests/test_ginko_risk.py	484	out_of_scope	0	1	0.00017506	1729	1	0	@AmitabhainArunachala
tests.test_ginko_sec	tests/test_ginko_sec.py	515	out_of_scope	0	1	0.00017506	1730	1	0	@AmitabhainArunachala
tests.test_ginko_sentiment	tests/test_ginko_sentiment.py	262	out_of_scope	0	1	0.00017506	1731	1	0	@AmitabhainArunachala
tests.test_ginko_signals	tests/test_ginko_signals.py	221	out_of_scope	0	1	0.00017506	1732	1	0	@AmitabhainArunachala
tests.test_ginko_swarm_wiring	tests/test_ginko_swarm_wiring.py	221	out_of_scope	0	2	0.00017506	1733	1	1	@AmitabhainArunachala
tests.test_github_ingestor_runner	tests/test_github_ingestor_runner.py	160	out_of_scope	0	1	0.00017506	1734	1	1	@AmitabhainArunachala
tests.test_gitleaks_workflow	tests/test_gitleaks_workflow.py	182	out_of_scope	0	0	0.00017506	1735	1	0	@AmitabhainArunachala
tests.test_gnani_lodestone	tests/test_gnani_lodestone.py	143	out_of_scope	0	1	0.00017506	1736	1	0	@AmitabhainArunachala
tests.test_go_adapter_contracts	tests/test_go_adapter_contracts.py	238	out_of_scope	0	2	0.00017506	1737	1	1	@AmitabhainArunachala
tests.test_go_evidence_ingestor_bridge	tests/test_go_evidence_ingestor_bridge.py	139	out_of_scope	0	4	0.00017506	1738	1	1	@AmitabhainArunachala
tests.test_go_github_ingestor_bridge	tests/test_go_github_ingestor_bridge.py	243	out_of_scope	0	2	0.00017506	1739	1	1	@AmitabhainArunachala
tests.test_go_receipt_identity_verify	tests/test_go_receipt_identity_verify.py	275	out_of_scope	0	3	0.00017506	1740	1	1	@AmitabhainArunachala
tests.test_go_world_signal_bridge	tests/test_go_world_signal_bridge.py	168	out_of_scope	0	3	0.00017506	1741	1	1	@AmitabhainArunachala
tests.test_godel_claw_cli	tests/test_godel_claw_cli.py	121	out_of_scope	0	5	0.00017506	1742	1	0	@AmitabhainArunachala
tests.test_godel_claw_e2e	tests/test_godel_claw_e2e.py	437	out_of_scope	0	14	0.00017506	1743	1	0	@AmitabhainArunachala
tests.test_governance_scan	tests/test_governance_scan.py	49	out_of_scope	0	0	0.00017506	1744	1	0	@AmitabhainArunachala
tests.test_governed_work_admission	tests/test_governed_work_admission.py	135	out_of_scope	0	1	0.00017506	1745	1	0	@AmitabhainArunachala
tests.test_graduation_engine	tests/test_graduation_engine.py	32	out_of_scope	0	1	0.00017506	1746	1	0	@AmitabhainArunachala
tests.test_graph_chaos_receipt	tests/test_graph_chaos_receipt.py	368	out_of_scope	0	7	0.00017506	1747	1	0	@AmitabhainArunachala
tests.test_graph_checkpoint	tests/test_graph_checkpoint.py	178	out_of_scope	0	3	0.00017506	1748	1	0	@AmitabhainArunachala
tests.test_graph_durable_invoker	tests/test_graph_durable_invoker.py	691	out_of_scope	0	5	0.00017506	1749	1	0	@AmitabhainArunachala
tests.test_graph_effects	tests/test_graph_effects.py	181	out_of_scope	0	6	0.00017506	1750	1	0	@AmitabhainArunachala
tests.test_graph_neutral_core	tests/test_graph_neutral_core.py	686	out_of_scope	0	8	0.00017506	1751	1	0	@AmitabhainArunachala
tests.test_graph_neutral_cycles_resume	tests/test_graph_neutral_cycles_resume.py	199	out_of_scope	0	6	0.00017506	1752	1	0	@AmitabhainArunachala
tests.test_graph_neutral_langgraph_oracle	tests/test_graph_neutral_langgraph_oracle.py	611	out_of_scope	0	9	0.00017506	1753	1	1	@AmitabhainArunachala
tests.test_graph_neutral_routing	tests/test_graph_neutral_routing.py	501	out_of_scope	0	6	0.00017506	1754	1	0	@AmitabhainArunachala
tests.test_graph_nexus	tests/test_graph_nexus.py	423	out_of_scope	0	1	0.00017506	1755	1	0	@AmitabhainArunachala
tests.test_graph_persistence_kernel	tests/test_graph_persistence_kernel.py	594	out_of_scope	0	2	0.00017506	1756	1	0	@AmitabhainArunachala
tests.test_graph_pregel_properties	tests/test_graph_pregel_properties.py	487	out_of_scope	0	9	0.00017506	1757	1	0	@AmitabhainArunachala
tests.test_graph_receipt_chain	tests/test_graph_receipt_chain.py	63	out_of_scope	0	2	0.00017506	1758	1	0	@AmitabhainArunachala
tests.test_graph_reconciler	tests/test_graph_reconciler.py	951	out_of_scope	0	6	0.00017506	1759	1	0	@AmitabhainArunachala
tests.test_graph_seam_ledger	tests/test_graph_seam_ledger.py	214	out_of_scope	0	2	0.00017506	1760	1	0	@AmitabhainArunachala
tests.test_graph_store	tests/test_graph_store.py	438	out_of_scope	0	1	0.00017506	1761	1	0	@AmitabhainArunachala
tests.test_graph_telos_bridge	tests/test_graph_telos_bridge.py	73	out_of_scope	0	3	0.00017506	1762	1	0	@AmitabhainArunachala
tests.test_graph_world	tests/test_graph_world.py	163	out_of_scope	0	1	0.00017506	1763	1	0	@AmitabhainArunachala
tests.test_graphql_router	tests/test_graphql_router.py	175	out_of_scope	0	5	0.00017506	1764	1	0	@AmitabhainArunachala
tests.test_group_chat	tests/test_group_chat.py	233	out_of_scope	0	1	0.00017506	1765	1	0	@AmitabhainArunachala
tests.test_guardian_crew	tests/test_guardian_crew.py	949	out_of_scope	0	5	0.00017506	1766	1	0	@AmitabhainArunachala
tests.test_guardian_runtime_checks	tests/test_guardian_runtime_checks.py	311	out_of_scope	0	1	0.00017506	1767	1	0	@AmitabhainArunachala
tests.test_guardrails	tests/test_guardrails.py	331	out_of_scope	0	1	0.00017506	1768	1	0	@AmitabhainArunachala
tests.test_handoff	tests/test_handoff.py	327	out_of_scope	0	1	0.00017506	1769	1	0	@AmitabhainArunachala
tests.test_harness_audit	tests/test_harness_audit.py	183	out_of_scope	0	1	0.00017506	1770	1	0	@AmitabhainArunachala
tests.test_hermes_heartbeat_poll	tests/test_hermes_heartbeat_poll.py	115	out_of_scope	0	0	0.00017506	1771	1	0	@AmitabhainArunachala
tests.test_hermetic_supply_chain	tests/test_hermetic_supply_chain.py	220	out_of_scope	0	0	0.00017506	1772	1	1	@AmitabhainArunachala
tests.test_hibernation	tests/test_hibernation.py	486	out_of_scope	0	1	0.00017506	1773	1	0	@AmitabhainArunachala
tests.test_holon_bridge	tests/test_holon_bridge.py	389	out_of_scope	0	6	0.00017506	1774	1	1	@AmitabhainArunachala
tests.test_holon_budget_guard	tests/test_holon_budget_guard.py	35	out_of_scope	0	1	0.00017506	1775	1	0	@AmitabhainArunachala
tests.test_holon_compass	tests/test_holon_compass.py	45	out_of_scope	0	2	0.00017506	1776	1	0	@AmitabhainArunachala
tests.test_holon_health	tests/test_holon_health.py	147	out_of_scope	0	3	0.00017506	1777	1	0	@AmitabhainArunachala
tests.test_holon_killswitch	tests/test_holon_killswitch.py	32	out_of_scope	0	2	0.00017506	1778	1	0	@AmitabhainArunachala
tests.test_holon_persistence	tests/test_holon_persistence.py	134	out_of_scope	0	2	0.00017506	1779	1	0	@AmitabhainArunachala
tests.test_holon_route	tests/test_holon_route.py	104	out_of_scope	0	5	0.00017506	1780	1	0	@AmitabhainArunachala
tests.test_holon_runtime	tests/test_holon_runtime.py	330	out_of_scope	0	3	0.00017506	1781	1	0	@AmitabhainArunachala
tests.test_holon_runtime_integration	tests/test_holon_runtime_integration.py	85	out_of_scope	0	3	0.00017506	1782	1	0	@AmitabhainArunachala
tests.test_holon_smoke	tests/test_holon_smoke.py	26	out_of_scope	0	1	0.00017506	1783	1	0	@AmitabhainArunachala
tests.test_holon_system_imports	tests/test_holon_system_imports.py	80	out_of_scope	0	7	0.00017506	1784	1	0	@AmitabhainArunachala
tests.test_human_yds_ledger	tests/test_human_yds_ledger.py	136	out_of_scope	0	2	0.00017506	1785	1	0	@AmitabhainArunachala
tests.test_hybrid_retriever	tests/test_hybrid_retriever.py	317	out_of_scope	0	5	0.00017506	1786	1	0	@AmitabhainArunachala
tests.test_hygiene_delta_ratchet	tests/test_hygiene_delta_ratchet.py	323	out_of_scope	0	0	0.00017506	1787	1	0	@AmitabhainArunachala
tests.test_hygiene_governance	tests/test_hygiene_governance.py	160	out_of_scope	0	0	0.00017506	1788	1	1	@AmitabhainArunachala
tests.test_hypnagogic	tests/test_hypnagogic.py	273	out_of_scope	0	2	0.00017506	1789	1	0	@AmitabhainArunachala
tests.test_identity	tests/test_identity.py	302	out_of_scope	0	1	0.00017506	1790	1	0	@AmitabhainArunachala
tests.test_identity_v2	tests/test_identity_v2.py	357	out_of_scope	0	1	0.00017506	1791	1	0	@AmitabhainArunachala
tests.test_import_hygiene	tests/test_import_hygiene.py	131	out_of_scope	0	0	0.00017506	1792	1	4	@AmitabhainArunachala
tests.test_import_legacy_archive	tests/test_import_legacy_archive.py	122	out_of_scope	0	1	0.00017506	1793	1	0	@AmitabhainArunachala
tests.test_info_geometry	tests/test_info_geometry.py	463	out_of_scope	0	1	0.00017506	1794	1	0	@AmitabhainArunachala
tests.test_ingest_nats	tests/test_ingest_nats.py	162	out_of_scope	0	1	0.00017506	1795	1	0	@AmitabhainArunachala
tests.test_injection_scanner	tests/test_injection_scanner.py	165	out_of_scope	0	1	0.00017506	1796	1	0	@AmitabhainArunachala
tests.test_instinct_bridge	tests/test_instinct_bridge.py	240	out_of_scope	0	1	0.00017506	1797	1	0	@AmitabhainArunachala
tests.test_integration	tests/test_integration.py	967	out_of_scope	0	14	0.00017506	1798	1	0	@AmitabhainArunachala
tests.test_integration_smoke	tests/test_integration_smoke.py	256	out_of_scope	0	8	0.00017506	1799	1	1	@AmitabhainArunachala
tests.test_integrations_data_flywheel	tests/test_integrations_data_flywheel.py	161	out_of_scope	0	1	0.00017506	1800	1	0	@AmitabhainArunachala
tests.test_integrations_kaizen_ops	tests/test_integrations_kaizen_ops.py	63	out_of_scope	0	1	0.00017506	1801	1	0	@AmitabhainArunachala
tests.test_integrations_nvidia_rag	tests/test_integrations_nvidia_rag.py	121	out_of_scope	0	1	0.00017506	1802	1	0	@AmitabhainArunachala
tests.test_integrations_reciprocity_commons	tests/test_integrations_reciprocity_commons.py	161	out_of_scope	0	1	0.00017506	1803	1	0	@AmitabhainArunachala
tests.test_intelligence_adapters	tests/test_intelligence_adapters.py	283	out_of_scope	0	5	0.00017506	1804	1	0	@AmitabhainArunachala
tests.test_intelligence_agents	tests/test_intelligence_agents.py	186	out_of_scope	0	5	0.00017506	1805	1	0	@AmitabhainArunachala
tests.test_intelligence_kaizenops	tests/test_intelligence_kaizenops.py	120	out_of_scope	0	4	0.00017506	1806	1	0	@AmitabhainArunachala
tests.test_intelligence_stack	tests/test_intelligence_stack.py	235	out_of_scope	0	5	0.00017506	1807	1	0	@AmitabhainArunachala
tests.test_intelligence_telemetry	tests/test_intelligence_telemetry.py	137	out_of_scope	0	4	0.00017506	1808	1	0	@AmitabhainArunachala
tests.test_intent_payloads	tests/test_intent_payloads.py	84	out_of_scope	0	1	0.00017506	1809	1	0	@AmitabhainArunachala
tests.test_intent_router	tests/test_intent_router.py	207	out_of_scope	0	2	0.00017506	1810	1	0	@AmitabhainArunachala
tests.test_intent_router_semantic	tests/test_intent_router_semantic.py	219	out_of_scope	0	1	0.00017506	1811	1	0	@AmitabhainArunachala
tests.test_invariants	tests/test_invariants.py	129	out_of_scope	0	1	0.00017506	1812	1	0	@AmitabhainArunachala
tests.test_island_evolution	tests/test_island_evolution.py	295	out_of_scope	0	1	0.00017506	1813	1	0	@AmitabhainArunachala
tests.test_iteration_depth	tests/test_iteration_depth.py	336	out_of_scope	0	2	0.00017506	1814	1	0	@AmitabhainArunachala
tests.test_jagat_kalyan	tests/test_jagat_kalyan.py	211	out_of_scope	0	1	0.00017506	1815	1	0	@AmitabhainArunachala
tests.test_jikoku_economic_integration	tests/test_jikoku_economic_integration.py	146	out_of_scope	0	2	0.00017506	1816	1	0	@AmitabhainArunachala
tests.test_jikoku_fitness	tests/test_jikoku_fitness.py	102	out_of_scope	0	1	0.00017506	1817	1	0	@AmitabhainArunachala
tests.test_jikoku_instrumentation	tests/test_jikoku_instrumentation.py	288	out_of_scope	0	1	0.00017506	1818	1	0	@AmitabhainArunachala
tests.test_jikoku_samaya	tests/test_jikoku_samaya.py	287	out_of_scope	0	1	0.00017506	1819	1	0	@AmitabhainArunachala
tests.test_jk_credibility_gates	tests/test_jk_credibility_gates.py	257	out_of_scope	0	1	0.00017506	1820	1	0	@AmitabhainArunachala
tests.test_jk_credibility_seed	tests/test_jk_credibility_seed.py	194	out_of_scope	0	1	0.00017506	1821	1	0	@AmitabhainArunachala
tests.test_jk_stigmergy_seeds	tests/test_jk_stigmergy_seeds.py	138	out_of_scope	0	1	0.00017506	1822	1	0	@AmitabhainArunachala
tests.test_jk_subteams	tests/test_jk_subteams.py	189	out_of_scope	0	1	0.00017506	1823	1	0	@AmitabhainArunachala
tests.test_job_capabilities	tests/test_job_capabilities.py	32	out_of_scope	0	3	0.00017506	1824	1	0	@AmitabhainArunachala
tests.test_kaizen_ops_local	tests/test_kaizen_ops_local.py	208	out_of_scope	0	1	0.00017506	1825	1	0	@AmitabhainArunachala
tests.test_kaizen_review	tests/test_kaizen_review.py	494	out_of_scope	0	1	0.00017506	1826	1	0	@AmitabhainArunachala
tests.test_kaizen_review_from_agentops	tests/test_kaizen_review_from_agentops.py	216	out_of_scope	0	0	0.00017506	1827	1	0	@AmitabhainArunachala
tests.test_kaizen_stats	tests/test_kaizen_stats.py	365	out_of_scope	0	1	0.00017506	1828	1	0	@AmitabhainArunachala
tests.test_key_oracle_keyless	tests/test_key_oracle_keyless.py	131	out_of_scope	0	2	0.00017506	1829	1	0	@AmitabhainArunachala
tests.test_key_oracle_live_filter	tests/test_key_oracle_live_filter.py	317	out_of_scope	0	5	0.00017506	1830	1	0	@AmitabhainArunachala
tests.test_knowledge_extractor	tests/test_knowledge_extractor.py	410	out_of_scope	0	2	0.00017506	1831	1	0	@AmitabhainArunachala
tests.test_knowledge_ops_memory_intake	tests/test_knowledge_ops_memory_intake.py	318	out_of_scope	0	6	0.00017506	1832	1	0	@AmitabhainArunachala
tests.test_knowledge_ops_memory_promotion	tests/test_knowledge_ops_memory_promotion.py	382	out_of_scope	0	8	0.00017506	1833	1	0	@AmitabhainArunachala
tests.test_knowledge_units	tests/test_knowledge_units.py	508	out_of_scope	0	1	0.00017506	1834	1	0	@AmitabhainArunachala
tests.test_l4_rv_correlator	tests/test_l4_rv_correlator.py	467	out_of_scope	0	3	0.00017506	1835	1	0	@AmitabhainArunachala
tests.test_landscape	tests/test_landscape.py	245	out_of_scope	0	3	0.00017506	1836	1	0	@AmitabhainArunachala
tests.test_lane_deliver	tests/test_lane_deliver.py	435	out_of_scope	0	0	0.00017506	1837	1	0	@AmitabhainArunachala
tests.test_lane_propose	tests/test_lane_propose.py	206	out_of_scope	0	0	0.00017506	1838	1	0	@AmitabhainArunachala
tests.test_langgraph_differential_oracle	tests/test_langgraph_differential_oracle.py	135	out_of_scope	0	3	0.00017506	1839	1	1	@AmitabhainArunachala
tests.test_langgraph_oracle_environment_contract	tests/test_langgraph_oracle_environment_contract.py	47	out_of_scope	0	0	0.00017506	1840	1	0	@AmitabhainArunachala
tests.test_langgraph_parity_isolation_benchmark	tests/test_langgraph_parity_isolation_benchmark.py	302	out_of_scope	0	2	0.00017506	1841	1	0	@AmitabhainArunachala
tests.test_langgraph_parity_readiness	tests/test_langgraph_parity_readiness.py	237	out_of_scope	0	1	0.00017506	1842	1	0	@AmitabhainArunachala
tests.test_langgraph_parity_supervisor	tests/test_langgraph_parity_supervisor.py	148	out_of_scope	0	2	0.00017506	1843	1	0	@AmitabhainArunachala
tests.test_langgraph_parity_swarm	tests/test_langgraph_parity_swarm.py	132	out_of_scope	0	2	0.00017506	1844	1	0	@AmitabhainArunachala
tests.test_launchd_job_runner	tests/test_launchd_job_runner.py	146	out_of_scope	0	2	0.00017506	1845	1	0	@AmitabhainArunachala
tests.test_layer_separation	tests/test_layer_separation.py	133	out_of_scope	0	0	0.00017506	1846	1	0	@AmitabhainArunachala
tests.test_lineage	tests/test_lineage.py	426	out_of_scope	0	3	0.00017506	1847	1	0	@AmitabhainArunachala
tests.test_live_ops_census	tests/test_live_ops_census.py	440	out_of_scope	0	3	0.00017506	1848	1	0	@AmitabhainArunachala
tests.test_liveness_ledger_check	tests/test_liveness_ledger_check.py	145	out_of_scope	0	1	0.00017506	1849	1	0	@AmitabhainArunachala
tests.test_living_agent_kernel	tests/test_living_agent_kernel.py	1349	out_of_scope	0	3	0.00017506	1850	1	0	@AmitabhainArunachala
tests.test_living_agent_kernel_activation	tests/test_living_agent_kernel_activation.py	703	out_of_scope	0	4	0.00017506	1851	1	0	@AmitabhainArunachala
tests.test_living_agent_kernel_promotion_provider	tests/test_living_agent_kernel_promotion_provider.py	394	out_of_scope	0	6	0.00017506	1852	1	0	@AmitabhainArunachala
tests.test_living_agent_kernel_recovery	tests/test_living_agent_kernel_recovery.py	211	out_of_scope	0	5	0.00017506	1853	1	0	@AmitabhainArunachala
tests.test_living_agent_kernel_service	tests/test_living_agent_kernel_service.py	153	out_of_scope	0	2	0.00017506	1854	1	0	@AmitabhainArunachala
tests.test_living_agent_kernel_supervisor	tests/test_living_agent_kernel_supervisor.py	167	out_of_scope	0	2	0.00017506	1855	1	0	@AmitabhainArunachala
tests.test_living_agent_kernel_workers	tests/test_living_agent_kernel_workers.py	252	out_of_scope	0	2	0.00017506	1856	1	0	@AmitabhainArunachala
tests.test_living_map	tests/test_living_map.py	289	out_of_scope	0	1	0.00017506	1857	1	0	@AmitabhainArunachala
tests.test_llm_burn	tests/test_llm_burn.py	159	out_of_scope	0	1	0.00017506	1858	1	0	@AmitabhainArunachala
tests.test_logic_layer	tests/test_logic_layer.py	683	out_of_scope	0	2	0.00017506	1859	1	0	@AmitabhainArunachala
tests.test_long_context_sidecar_eval	tests/test_long_context_sidecar_eval.py	67	out_of_scope	0	1	0.00017506	1860	1	0	@AmitabhainArunachala
tests.test_loop1_closure_run	tests/test_loop1_closure_run.py	140	out_of_scope	0	2	0.00017506	1861	1	0	@AmitabhainArunachala
tests.test_loop1_consumption	tests/test_loop1_consumption.py	200	out_of_scope	0	4	0.00017506	1862	1	0	@AmitabhainArunachala
tests.test_loop1_consumption_check	tests/test_loop1_consumption_check.py	552	out_of_scope	0	3	0.00017506	1863	1	0	@AmitabhainArunachala
tests.test_loop1_spine_provider_model	tests/test_loop1_spine_provider_model.py	146	out_of_scope	0	3	0.00017506	1864	1	0	@AmitabhainArunachala
tests.test_loop3_evolution_closure_run	tests/test_loop3_evolution_closure_run.py	100	out_of_scope	0	2	0.00017506	1865	1	0	@AmitabhainArunachala
tests.test_loop4_10_memory_context_closure_run	tests/test_loop4_10_memory_context_closure_run.py	122	out_of_scope	0	2	0.00017506	1866	1	0	@AmitabhainArunachala
tests.test_loop7_training_flywheel_closure_run	tests/test_loop7_training_flywheel_closure_run.py	141	out_of_scope	0	0	0.00017506	1867	1	0	@AmitabhainArunachala
tests.test_loop8_recognition_closure_run	tests/test_loop8_recognition_closure_run.py	262	out_of_scope	0	1	0.00017506	1868	1	0	@AmitabhainArunachala
tests.test_loop9_11_conductor_replication_closure_run	tests/test_loop9_11_conductor_replication_closure_run.py	89	out_of_scope	0	2	0.00017506	1869	1	0	@AmitabhainArunachala
tests.test_loop_closure_cascade_replay	tests/test_loop_closure_cascade_replay.py	95	out_of_scope	0	1	0.00017506	1870	1	0	@AmitabhainArunachala
tests.test_loop_killswitch_workflows	tests/test_loop_killswitch_workflows.py	96	out_of_scope	0	0	0.00017506	1871	1	0	@AmitabhainArunachala
tests.test_loop_supervisor	tests/test_loop_supervisor.py	356	out_of_scope	0	1	0.00017506	1872	1	0	@AmitabhainArunachala
tests.test_loop_supervisor_tristate	tests/test_loop_supervisor_tristate.py	313	out_of_scope	0	4	0.00017506	1873	1	0	@AmitabhainArunachala
tests.test_loop_watcher	tests/test_loop_watcher.py	599	out_of_scope	0	0	0.00017506	1874	1	0	@AmitabhainArunachala
tests.test_mailbox_gateway	tests/test_mailbox_gateway.py	275	out_of_scope	0	2	0.00017506	1875	1	0	@AmitabhainArunachala
tests.test_make_onboarding_contract	tests/test_make_onboarding_contract.py	1054	out_of_scope	0	0	0.00017506	1876	1	0	@AmitabhainArunachala
tests.test_manifest_health	tests/test_manifest_health.py	594	out_of_scope	0	4	0.00017506	1877	1	0	@AmitabhainArunachala
tests.test_master_prompt_engineer	tests/test_master_prompt_engineer.py	376	out_of_scope	0	2	0.00017506	1878	1	0	@AmitabhainArunachala
tests.test_mcp_server	tests/test_mcp_server.py	316	out_of_scope	0	4	0.00017506	1879	1	0	@AmitabhainArunachala
tests.test_mem_action	tests/test_mem_action.py	377	out_of_scope	0	1	0.00017506	1880	1	0	@AmitabhainArunachala
tests.test_memory	tests/test_memory.py	158	out_of_scope	0	2	0.00017506	1881	1	0	@AmitabhainArunachala
tests.test_memory_common	tests/test_memory_common.py	374	out_of_scope	0	8	0.00017506	1882	1	0	@AmitabhainArunachala
tests.test_memory_context_eval	tests/test_memory_context_eval.py	341	out_of_scope	0	2	0.00017506	1883	1	0	@AmitabhainArunachala
tests.test_memory_context_eval_cli	tests/test_memory_context_eval_cli.py	311	out_of_scope	0	1	0.00017506	1884	1	0	@AmitabhainArunachala
tests.test_memory_context_parity	tests/test_memory_context_parity.py	225	out_of_scope	0	1	0.00017506	1885	1	0	@AmitabhainArunachala
tests.test_memory_context_shadow_sweep	tests/test_memory_context_shadow_sweep.py	139	out_of_scope	0	1	0.00017506	1886	1	0	@AmitabhainArunachala
tests.test_memory_integration	tests/test_memory_integration.py	646	out_of_scope	0	7	0.00017506	1887	1	0	@AmitabhainArunachala
tests.test_memory_kernel_adapters	tests/test_memory_kernel_adapters.py	675	out_of_scope	0	4	0.00017506	1888	1	0	@AmitabhainArunachala
tests.test_memory_kernel_burn_in	tests/test_memory_kernel_burn_in.py	179	out_of_scope	0	1	0.00017506	1889	1	0	@AmitabhainArunachala
tests.test_memory_kernel_generic_adapters	tests/test_memory_kernel_generic_adapters.py	196	out_of_scope	0	5	0.00017506	1890	1	0	@AmitabhainArunachala
tests.test_memory_kernel_plan_observer	tests/test_memory_kernel_plan_observer.py	98	out_of_scope	0	1	0.00017506	1891	1	0	@AmitabhainArunachala
tests.test_memory_kernel_prod_bar	tests/test_memory_kernel_prod_bar.py	157	out_of_scope	0	1	0.00017506	1892	1	0	@AmitabhainArunachala
tests.test_memory_kernel_promotion_gate	tests/test_memory_kernel_promotion_gate.py	259	out_of_scope	0	2	0.00017506	1893	1	0	@AmitabhainArunachala
tests.test_memory_kernel_readiness	tests/test_memory_kernel_readiness.py	434	out_of_scope	0	3	0.00017506	1894	1	0	@AmitabhainArunachala
tests.test_memory_kernel_write_receipts	tests/test_memory_kernel_write_receipts.py	134	out_of_scope	0	1	0.00017506	1895	1	0	@AmitabhainArunachala
tests.test_memory_lattice	tests/test_memory_lattice.py	60	out_of_scope	0	3	0.00017506	1896	1	0	@AmitabhainArunachala
tests.test_memory_palace	tests/test_memory_palace.py	371	out_of_scope	0	1	0.00017506	1897	1	1	@AmitabhainArunachala
tests.test_memory_retrieval	tests/test_memory_retrieval.py	737	out_of_scope	0	4	0.00017506	1898	1	0	@AmitabhainArunachala
tests.test_memory_retrieval_calibrate_abstention	tests/test_memory_retrieval_calibrate_abstention.py	92	out_of_scope	0	0	0.00017506	1899	1	0	@AmitabhainArunachala
tests.test_memory_retrieval_sync_index	tests/test_memory_retrieval_sync_index.py	83	out_of_scope	0	3	0.00017506	1900	1	0	@AmitabhainArunachala
tests.test_memory_surface_census	tests/test_memory_surface_census.py	444	out_of_scope	0	3	0.00017506	1901	1	0	@AmitabhainArunachala
tests.test_memory_writer_sentinel	tests/test_memory_writer_sentinel.py	302	out_of_scope	0	2	0.00017506	1902	1	0	@AmitabhainArunachala
tests.test_merge_master_mike_daemon	tests/test_merge_master_mike_daemon.py	164	out_of_scope	0	1	0.00017506	1903	1	0	@AmitabhainArunachala
tests.test_merge_queue_workflows	tests/test_merge_queue_workflows.py	168	out_of_scope	0	0	0.00017506	1904	1	0	@AmitabhainArunachala
tests.test_merkle_log	tests/test_merkle_log.py	126	out_of_scope	0	1	0.00017506	1905	1	0	@AmitabhainArunachala
tests.test_merkle_log_truncation	tests/test_merkle_log_truncation.py	102	out_of_scope	0	1	0.00017506	1906	1	0	@AmitabhainArunachala
tests.test_message_bus	tests/test_message_bus.py	351	out_of_scope	0	2	0.00017506	1907	1	0	@AmitabhainArunachala
tests.test_message_bus_artifacts	tests/test_message_bus_artifacts.py	323	out_of_scope	0	3	0.00017506	1908	1	0	@AmitabhainArunachala
tests.test_message_bus_quality_track	tests/test_message_bus_quality_track.py	158	out_of_scope	0	2	0.00017506	1909	1	0	@AmitabhainArunachala
tests.test_meta_daemon	tests/test_meta_daemon.py	166	out_of_scope	0	2	0.00017506	1910	1	0	@AmitabhainArunachala
tests.test_meta_evolution	tests/test_meta_evolution.py	420	out_of_scope	0	3	0.00017506	1911	1	0	@AmitabhainArunachala
tests.test_metrics	tests/test_metrics.py	467	out_of_scope	0	1	0.00017506	1912	1	0	@AmitabhainArunachala
tests.test_micro_clusters	tests/test_micro_clusters.py	152	out_of_scope	0	1	0.00017506	1913	1	0	@AmitabhainArunachala
tests.test_mission_contract	tests/test_mission_contract.py	327	out_of_scope	0	1	0.00017506	1914	1	0	@AmitabhainArunachala
tests.test_mission_control	tests/test_mission_control.py	1922	out_of_scope	0	7	0.00017506	1915	1	0	@AmitabhainArunachala
tests.test_mission_control_execution	tests/test_mission_control_execution.py	629	out_of_scope	0	12	0.00017506	1916	1	0	@AmitabhainArunachala
tests.test_mission_control_mcp	tests/test_mission_control_mcp.py	986	out_of_scope	0	6	0.00017506	1917	1	1	@AmitabhainArunachala
tests.test_mission_garden	tests/test_mission_garden.py	63	out_of_scope	0	3	0.00017506	1918	1	0	@AmitabhainArunachala
tests.test_mode_pack	tests/test_mode_pack.py	19	out_of_scope	0	1	0.00017506	1919	1	0	@AmitabhainArunachala
tests.test_model_catalog	tests/test_model_catalog.py	52	out_of_scope	0	3	0.00017506	1920	1	0	@AmitabhainArunachala
tests.test_model_council_e2e	tests/test_model_council_e2e.py	180	out_of_scope	0	4	0.00017506	1921	1	0	@AmitabhainArunachala
tests.test_model_critic_runner	tests/test_model_critic_runner.py	82	out_of_scope	0	2	0.00017506	1922	1	0	@AmitabhainArunachala
tests.test_model_hierarchy	tests/test_model_hierarchy.py	360	out_of_scope	0	2	0.00017506	1923	1	0	@AmitabhainArunachala
tests.test_model_key_routing_guard	tests/test_model_key_routing_guard.py	384	out_of_scope	0	0	0.00017506	1924	1	0	@AmitabhainArunachala
tests.test_model_manager	tests/test_model_manager.py	60	out_of_scope	0	1	0.00017506	1925	1	0	@AmitabhainArunachala
tests.test_model_pool	tests/test_model_pool.py	343	out_of_scope	0	4	0.00017506	1926	1	0	@AmitabhainArunachala
tests.test_model_pool_api	tests/test_model_pool_api.py	116	out_of_scope	0	4	0.00017506	1927	1	0	@AmitabhainArunachala
tests.test_model_pool_e2e_live_gate	tests/test_model_pool_e2e_live_gate.py	58	out_of_scope	0	0	0.00017506	1928	1	0	@AmitabhainArunachala
tests.test_model_registry	tests/test_model_registry.py	194	out_of_scope	0	1	0.00017506	1929	1	0	@AmitabhainArunachala
tests.test_model_router_requested_model	tests/test_model_router_requested_model.py	46	out_of_scope	0	3	0.00017506	1930	1	0	@AmitabhainArunachala
tests.test_model_router_retrospective_logging	tests/test_model_router_retrospective_logging.py	103	out_of_scope	0	4	0.00017506	1931	1	0	@AmitabhainArunachala
tests.test_model_router_routing_memory	tests/test_model_router_routing_memory.py	179	out_of_scope	0	6	0.00017506	1932	1	0	@AmitabhainArunachala
tests.test_model_router_telemetry	tests/test_model_router_telemetry.py	241	out_of_scope	0	4	0.00017506	1933	1	0	@AmitabhainArunachala
tests.test_model_routing	tests/test_model_routing.py	144	out_of_scope	0	1	0.00017506	1934	1	0	@AmitabhainArunachala
tests.test_model_routing_live_probe	tests/test_model_routing_live_probe.py	240	out_of_scope	0	4	0.00017506	1935	1	0	@AmitabhainArunachala
tests.test_model_status_projection	tests/test_model_status_projection.py	617	out_of_scope	0	4	0.00017506	1936	1	0	@AmitabhainArunachala
tests.test_models	tests/test_models.py	144	out_of_scope	0	1	0.00017506	1937	1	0	@AmitabhainArunachala
tests.test_module_coherence_gate	tests/test_module_coherence_gate.py	37	out_of_scope	0	1	0.00017506	1938	1	0	@AmitabhainArunachala
tests.test_monad	tests/test_monad.py	267	out_of_scope	0	2	0.00017506	1939	1	1	@AmitabhainArunachala
tests.test_monad_laws	tests/test_monad_laws.py	481	out_of_scope	0	2	0.00017506	1940	1	0	@AmitabhainArunachala
tests.test_monitor	tests/test_monitor.py	776	out_of_scope	0	5	0.00017506	1941	1	0	@AmitabhainArunachala
tests.test_nats_live_contact	tests/test_nats_live_contact.py	103	out_of_scope	0	3	0.00017506	1942	1	0	@AmitabhainArunachala
tests.test_nats_live_production_evidence	tests/test_nats_live_production_evidence.py	663	out_of_scope	0	0	0.00017506	1943	1	0	@AmitabhainArunachala
tests.test_nats_substrate_contract	tests/test_nats_substrate_contract.py	353	out_of_scope	0	0	0.00017506	1944	1	0	@AmitabhainArunachala
tests.test_nats_transport	tests/test_nats_transport.py	618	out_of_scope	0	4	0.00017506	1945	1	0	@AmitabhainArunachala
tests.test_nats_verification_split	tests/test_nats_verification_split.py	77	out_of_scope	0	0	0.00017506	1946	1	0	@AmitabhainArunachala
tests.test_neural_consolidator	tests/test_neural_consolidator.py	833	out_of_scope	0	2	0.00017506	1947	1	0	@AmitabhainArunachala
tests.test_normalize_runtime_receipt_history	tests/test_normalize_runtime_receipt_history.py	223	out_of_scope	0	1	0.00017506	1948	1	0	@AmitabhainArunachala
tests.test_observability	tests/test_observability.py	430	out_of_scope	0	1	0.00017506	1949	1	0	@AmitabhainArunachala
tests.test_okf_projection	tests/test_okf_projection.py	116	out_of_scope	0	1	0.00017506	1950	1	0	@AmitabhainArunachala
tests.test_ollama_config	tests/test_ollama_config.py	324	out_of_scope	0	3	0.00017506	1951	1	0	@AmitabhainArunachala
tests.test_onboarding_broken_register	tests/test_onboarding_broken_register.py	416	out_of_scope	0	8	0.00017506	1952	1	0	@AmitabhainArunachala
tests.test_onboarding_cache	tests/test_onboarding_cache.py	306	out_of_scope	0	5	0.00017506	1953	1	0	@AmitabhainArunachala
tests.test_onboarding_ci_contract	tests/test_onboarding_ci_contract.py	343	out_of_scope	0	0	0.00017506	1954	1	0	@AmitabhainArunachala
tests.test_onboarding_cli	tests/test_onboarding_cli.py	302	out_of_scope	0	4	0.00017506	1955	1	0	@AmitabhainArunachala
tests.test_onboarding_contract	tests/test_onboarding_contract.py	505	out_of_scope	0	6	0.00017506	1956	1	0	@AmitabhainArunachala
tests.test_onboarding_nats_status	tests/test_onboarding_nats_status.py	257	out_of_scope	0	4	0.00017506	1957	1	0	@AmitabhainArunachala
tests.test_onboarding_readiness	tests/test_onboarding_readiness.py	317	out_of_scope	0	6	0.00017506	1958	1	0	@AmitabhainArunachala
tests.test_one_wire_archive_fitness_guard	tests/test_one_wire_archive_fitness_guard.py	446	out_of_scope	0	1	0.00017506	1959	1	0	@AmitabhainArunachala
tests.test_ontology	tests/test_ontology.py	145	out_of_scope	0	1	0.00017506	1960	1	0	@AmitabhainArunachala
tests.test_ontology_adapters	tests/test_ontology_adapters.py	490	out_of_scope	0	2	0.00017506	1961	1	0	@AmitabhainArunachala
tests.test_ontology_agents	tests/test_ontology_agents.py	255	out_of_scope	0	3	0.00017506	1962	1	0	@AmitabhainArunachala
tests.test_ontology_alignment_gate	tests/test_ontology_alignment_gate.py	439	out_of_scope	0	1	0.00017506	1963	1	0	@AmitabhainArunachala
tests.test_ontology_hub	tests/test_ontology_hub.py	591	out_of_scope	0	2	0.00017506	1964	1	0	@AmitabhainArunachala
tests.test_ontology_query	tests/test_ontology_query.py	543	out_of_scope	0	2	0.00017506	1965	1	0	@AmitabhainArunachala
tests.test_ontology_registry	tests/test_ontology_registry.py	1107	out_of_scope	0	3	0.00017506	1966	1	0	@AmitabhainArunachala
tests.test_ontology_router	tests/test_ontology_router.py	146	out_of_scope	0	3	0.00017506	1967	1	0	@AmitabhainArunachala
tests.test_ontology_runtime	tests/test_ontology_runtime.py	136	out_of_scope	0	1	0.00017506	1968	1	0	@AmitabhainArunachala
tests.test_ontology_runtime_singleton	tests/test_ontology_runtime_singleton.py	228	out_of_scope	0	1	0.00017506	1969	1	0	@AmitabhainArunachala
tests.test_ontology_runtime_sqlite	tests/test_ontology_runtime_sqlite.py	92	out_of_scope	0	2	0.00017506	1970	1	0	@AmitabhainArunachala
tests.test_ontology_telos_hardwire	tests/test_ontology_telos_hardwire.py	525	out_of_scope	0	4	0.00017506	1971	1	0	@AmitabhainArunachala
tests.test_operating_facts	tests/test_operating_facts.py	337	out_of_scope	0	1	0.00017506	1972	1	0	@AmitabhainArunachala
tests.test_operating_facts_and_daily_brief	tests/test_operating_facts_and_daily_brief.py	225	out_of_scope	0	2	0.00017506	1973	1	0	@AmitabhainArunachala
tests.test_operator_bridge	tests/test_operator_bridge.py	252	out_of_scope	0	3	0.00017506	1974	1	0	@AmitabhainArunachala
tests.test_operator_bridge_runtime	tests/test_operator_bridge_runtime.py	118	out_of_scope	0	3	0.00017506	1975	1	0	@AmitabhainArunachala
tests.test_operator_bridge_telemetry	tests/test_operator_bridge_telemetry.py	122	out_of_scope	0	3	0.00017506	1976	1	0	@AmitabhainArunachala
tests.test_operator_brief_insight_brief	tests/test_operator_brief_insight_brief.py	639	out_of_scope	0	10	0.00017506	1977	1	0	@AmitabhainArunachala
tests.test_operator_coherence_cockpit	tests/test_operator_coherence_cockpit.py	159	out_of_scope	0	2	0.00017506	1978	1	0	@AmitabhainArunachala
tests.test_operator_core_adapters	tests/test_operator_core_adapters.py	588	out_of_scope	0	9	0.00017506	1979	1	0	@AmitabhainArunachala
tests.test_operator_core_contracts	tests/test_operator_core_contracts.py	533	out_of_scope	0	1	0.00017506	1980	1	0	@AmitabhainArunachala
tests.test_operator_core_permissions	tests/test_operator_core_permissions.py	66	out_of_scope	0	2	0.00017506	1981	1	0	@AmitabhainArunachala
tests.test_operator_core_session_views	tests/test_operator_core_session_views.py	262	out_of_scope	0	4	0.00017506	1982	1	0	@AmitabhainArunachala
tests.test_operator_ground_truth	tests/test_operator_ground_truth.py	313	out_of_scope	0	0	0.00017506	1983	1	0	@AmitabhainArunachala
tests.test_operator_prod_smoke	tests/test_operator_prod_smoke.py	206	out_of_scope	0	1	0.00017506	1984	1	0	@AmitabhainArunachala
tests.test_operator_views	tests/test_operator_views.py	69	out_of_scope	0	4	0.00017506	1985	1	0	@AmitabhainArunachala
tests.test_opportunity_to_spec	tests/test_opportunity_to_spec.py	112	out_of_scope	0	0	0.00017506	1986	1	0	@AmitabhainArunachala
tests.test_optimizer_bridge	tests/test_optimizer_bridge.py	152	out_of_scope	0	3	0.00017506	1987	1	0	@AmitabhainArunachala
tests.test_orchestrate	tests/test_orchestrate.py	253	out_of_scope	0	1	0.00017506	1988	1	0	@AmitabhainArunachala
tests.test_orchestrate_live	tests/test_orchestrate_live.py	571	out_of_scope	0	6	0.00017506	1989	1	0	@AmitabhainArunachala
tests.test_orchestration_genome	tests/test_orchestration_genome.py	159	out_of_scope	0	1	0.00017506	1990	1	0	@AmitabhainArunachala
tests.test_orchestrator	tests/test_orchestrator.py	1633	out_of_scope	0	5	0.00017506	1991	1	0	@AmitabhainArunachala
tests.test_orchestrator_spine_dispatch	tests/test_orchestrator_spine_dispatch.py	395	out_of_scope	0	6	0.00017506	1992	1	0	@AmitabhainArunachala
tests.test_orchestrator_v1	tests/test_orchestrator_v1.py	116	out_of_scope	0	2	0.00017506	1993	1	0	@AmitabhainArunachala
tests.test_organism	tests/test_organism.py	315	out_of_scope	0	2	0.00017506	1994	1	0	@AmitabhainArunachala
tests.test_organism_boot	tests/test_organism_boot.py	145	out_of_scope	0	4	0.00017506	1995	1	0	@AmitabhainArunachala
tests.test_organism_boot_packet	tests/test_organism_boot_packet.py	606	out_of_scope	0	3	0.00017506	1996	1	0	@AmitabhainArunachala
tests.test_organism_closure_v0	tests/test_organism_closure_v0.py	337	out_of_scope	0	2	0.00017506	1997	1	0	@AmitabhainArunachala
tests.test_organism_graph_integration	tests/test_organism_graph_integration.py	192	out_of_scope	0	1	0.00017506	1998	1	0	@AmitabhainArunachala
tests.test_organism_lifecycle	tests/test_organism_lifecycle.py	217	out_of_scope	0	3	0.00017506	1999	1	0	@AmitabhainArunachala
tests.test_organism_liveness_sentinel	tests/test_organism_liveness_sentinel.py	511	out_of_scope	0	3	0.00017506	2000	1	0	@AmitabhainArunachala
tests.test_organism_memory	tests/test_organism_memory.py	430	out_of_scope	0	1	0.00017506	2001	1	0	@AmitabhainArunachala
tests.test_organism_memory_phase6	tests/test_organism_memory_phase6.py	389	out_of_scope	0	1	0.00017506	2002	1	0	@AmitabhainArunachala
tests.test_organism_pulse	tests/test_organism_pulse.py	156	out_of_scope	0	4	0.00017506	2003	1	0	@AmitabhainArunachala
tests.test_organizer	tests/test_organizer.py	65	out_of_scope	0	1	0.00017506	2004	1	0	@AmitabhainArunachala
tests.test_orientation_graph	tests/test_orientation_graph.py	370	out_of_scope	0	0	0.00017506	2005	1	0	@AmitabhainArunachala
tests.test_orientation_packet	tests/test_orientation_packet.py	86	out_of_scope	0	6	0.00017506	2006	1	0	@AmitabhainArunachala
tests.test_orientation_repo_context_artifacts	tests/test_orientation_repo_context_artifacts.py	65	out_of_scope	0	1	0.00017506	2007	1	0	@AmitabhainArunachala
tests.test_orphan_reaper	tests/test_orphan_reaper.py	785	out_of_scope	0	3	0.00017506	2008	1	0	@AmitabhainArunachala
tests.test_ouroboros	tests/test_ouroboros.py	1135	out_of_scope	0	4	0.00017506	2009	1	0	@AmitabhainArunachala
tests.test_overnight_director	tests/test_overnight_director.py	456	out_of_scope	0	2	0.00017506	2010	1	0	@AmitabhainArunachala
tests.test_overnight_evaluator	tests/test_overnight_evaluator.py	867	out_of_scope	0	1	0.00017506	2011	1	0	@AmitabhainArunachala
tests.test_overnight_loop_templates	tests/test_overnight_loop_templates.py	117	out_of_scope	0	0	0.00017506	2012	1	0	@AmitabhainArunachala
tests.test_overnight_task_stager	tests/test_overnight_task_stager.py	433	out_of_scope	0	1	0.00017506	2013	1	0	@AmitabhainArunachala
tests.test_overseeing_i	tests/test_overseeing_i.py	190	out_of_scope	0	1	0.00017506	2014	1	0	@AmitabhainArunachala
tests.test_palace_nexus_bridge	tests/test_palace_nexus_bridge.py	236	out_of_scope	0	1	0.00017506	2015	1	0	@AmitabhainArunachala
tests.test_palantir_pilot	tests/test_palantir_pilot.py	1481	out_of_scope	0	12	0.00017506	2016	1	0	@AmitabhainArunachala
tests.test_palantir_pilot_a2a_worker	tests/test_palantir_pilot_a2a_worker.py	174	out_of_scope	0	1	0.00017506	2017	1	0	@AmitabhainArunachala
tests.test_panel_diversity	tests/test_panel_diversity.py	135	out_of_scope	0	2	0.00017506	2018	1	0	@AmitabhainArunachala
tests.test_parallel_lane_map	tests/test_parallel_lane_map.py	118	out_of_scope	0	0	0.00017506	2019	1	0	@AmitabhainArunachala
tests.test_pending_proposals	tests/test_pending_proposals.py	116	out_of_scope	0	1	0.00017506	2020	1	0	@AmitabhainArunachala
tests.test_persistent_agent	tests/test_persistent_agent.py	281	out_of_scope	0	5	0.00017506	2021	1	0	@AmitabhainArunachala
tests.test_phase3_integration	tests/test_phase3_integration.py	105	out_of_scope	0	4	0.00017506	2022	1	0	@AmitabhainArunachala
tests.test_phase4_gnani_field	tests/test_phase4_gnani_field.py	397	out_of_scope	0	4	0.00017506	2023	1	0	@AmitabhainArunachala
tests.test_phase5_audit_fixes	tests/test_phase5_audit_fixes.py	207	out_of_scope	0	4	0.00017506	2024	1	0	@AmitabhainArunachala
tests.test_phase5_strange_loop	tests/test_phase5_strange_loop.py	268	out_of_scope	0	2	0.00017506	2025	1	0	@AmitabhainArunachala
tests.test_pilot00_dryrun_generator	tests/test_pilot00_dryrun_generator.py	125	out_of_scope	0	0	0.00017506	2026	1	0	@AmitabhainArunachala
tests.test_plan_compiler	tests/test_plan_compiler.py	83	out_of_scope	0	1	0.00017506	2027	1	0	@AmitabhainArunachala
tests.test_planner	tests/test_planner.py	219	out_of_scope	0	4	0.00017506	2028	1	0	@AmitabhainArunachala
tests.test_policy_compiler	tests/test_policy_compiler.py	238	out_of_scope	0	1	0.00017506	2029	1	0	@AmitabhainArunachala
tests.test_policy_compiler_fourfold_warrant	tests/test_policy_compiler_fourfold_warrant.py	151	out_of_scope	0	3	0.00017506	2030	1	0	@AmitabhainArunachala
tests.test_policy_compiler_v2	tests/test_policy_compiler_v2.py	631	out_of_scope	0	3	0.00017506	2031	1	0	@AmitabhainArunachala
tests.test_polyglot_ci_contract	tests/test_polyglot_ci_contract.py	218	out_of_scope	0	0	0.00017506	2032	1	0	@AmitabhainArunachala
tests.test_population_control	tests/test_population_control.py	254	out_of_scope	0	1	0.00017506	2033	1	0	@AmitabhainArunachala
tests.test_postmortem_reader	tests/test_postmortem_reader.py	54	out_of_scope	0	3	0.00017506	2034	1	0	@AmitabhainArunachala
tests.test_pr_ci_health	tests/test_pr_ci_health.py	590	out_of_scope	0	0	0.00017506	2035	1	0	@AmitabhainArunachala
tests.test_pr_ci_health_triggers	tests/test_pr_ci_health_triggers.py	155	out_of_scope	0	0	0.00017506	2036	1	0	@AmitabhainArunachala
tests.test_pr_ci_safe_rebase	tests/test_pr_ci_safe_rebase.py	510	out_of_scope	0	0	0.00017506	2037	1	0	@AmitabhainArunachala
tests.test_pr_ci_safe_rebase_mutations	tests/test_pr_ci_safe_rebase_mutations.py	352	out_of_scope	0	0	0.00017506	2038	1	0	@AmitabhainArunachala
tests.test_pr_coherence_delta	tests/test_pr_coherence_delta.py	132	out_of_scope	0	1	0.00017506	2039	1	0	@AmitabhainArunachala
tests.test_pr_convergence_policy	tests/test_pr_convergence_policy.py	76	out_of_scope	0	1	0.00017506	2040	1	0	@AmitabhainArunachala
tests.test_pr_dedupe_workflow	tests/test_pr_dedupe_workflow.py	553	out_of_scope	0	0	0.00017506	2041	1	0	@AmitabhainArunachala
tests.test_pr_merge_control	tests/test_pr_merge_control.py	4684	out_of_scope	0	1	0.00017506	2042	1	0	@AmitabhainArunachala
tests.test_pr_merge_control_github_reviews	tests/test_pr_merge_control_github_reviews.py	210	out_of_scope	0	1	0.00017506	2043	1	0	@AmitabhainArunachala
tests.test_pr_merge_control_stdlib	tests/test_pr_merge_control_stdlib.py	482	out_of_scope	0	1	0.00017506	2044	1	0	@AmitabhainArunachala
tests.test_pramana	tests/test_pramana.py	301	out_of_scope	0	1	0.00017506	2045	1	0	@AmitabhainArunachala
tests.test_pramana_probe	tests/test_pramana_probe.py	220	out_of_scope	0	0	0.00017506	2046	1	0	@AmitabhainArunachala
tests.test_probe_targets	tests/test_probe_targets.py	48	out_of_scope	0	1	0.00017506	2047	1	0	@AmitabhainArunachala
tests.test_profiles	tests/test_profiles.py	550	out_of_scope	0	2	0.00017506	2048	1	0	@AmitabhainArunachala
tests.test_prompt_builder	tests/test_prompt_builder.py	82	out_of_scope	0	1	0.00017506	2049	1	0	@AmitabhainArunachala
tests.test_provider_egress_hosts	tests/test_provider_egress_hosts.py	41	out_of_scope	0	0	0.00017506	2050	1	0	@AmitabhainArunachala
tests.test_provider_env_parity	tests/test_provider_env_parity.py	105	out_of_scope	0	1	0.00017506	2051	1	0	@AmitabhainArunachala
tests.test_provider_failure_classes	tests/test_provider_failure_classes.py	178	out_of_scope	0	5	0.00017506	2052	1	0	@AmitabhainArunachala
tests.test_provider_matrix	tests/test_provider_matrix.py	715	out_of_scope	0	3	0.00017506	2053	1	0	@AmitabhainArunachala
tests.test_provider_policy	tests/test_provider_policy.py	909	out_of_scope	0	8	0.00017506	2054	1	0	@AmitabhainArunachala
tests.test_provider_registry	tests/test_provider_registry.py	149	out_of_scope	0	1	0.00017506	2055	1	0	@AmitabhainArunachala
tests.test_provider_routing_explicit	tests/test_provider_routing_explicit.py	180	out_of_scope	0	2	0.00017506	2056	1	0	@AmitabhainArunachala
tests.test_provider_smoke	tests/test_provider_smoke.py	381	out_of_scope	0	3	0.00017506	2057	1	0	@AmitabhainArunachala
tests.test_provider_starvation_alert	tests/test_provider_starvation_alert.py	97	out_of_scope	0	1	0.00017506	2058	1	0	@AmitabhainArunachala
tests.test_providers	tests/test_providers.py	493	out_of_scope	0	3	0.00017506	2059	1	0	@AmitabhainArunachala
tests.test_providers_extended	tests/test_providers_extended.py	219	out_of_scope	0	3	0.00017506	2060	1	0	@AmitabhainArunachala
tests.test_providers_quality_track	tests/test_providers_quality_track.py	1010	out_of_scope	0	4	0.00017506	2061	1	0	@AmitabhainArunachala
tests.test_pruner	tests/test_pruner.py	281	out_of_scope	0	1	0.00017506	2062	1	0	@AmitabhainArunachala
tests.test_pulse	tests/test_pulse.py	319	out_of_scope	0	1	0.00017506	2063	1	0	@AmitabhainArunachala
tests.test_pulse_adaptive	tests/test_pulse_adaptive.py	111	out_of_scope	0	1	0.00017506	2064	1	0	@AmitabhainArunachala
tests.test_quality_forge	tests/test_quality_forge.py	199	out_of_scope	0	3	0.00017506	2065	1	0	@AmitabhainArunachala
tests.test_quality_gates	tests/test_quality_gates.py	689	out_of_scope	0	4	0.00017506	2066	1	0	@AmitabhainArunachala
tests.test_quality_ratchet	tests/test_quality_ratchet.py	464	out_of_scope	0	0	0.00017506	2067	1	2	@AmitabhainArunachala
tests.test_ratchet_merge_base	tests/test_ratchet_merge_base.py	239	out_of_scope	0	0	0.00017506	2068	1	0	@AmitabhainArunachala
tests.test_rea_runtime	tests/test_rea_runtime.py	62	out_of_scope	0	1	0.00017506	2069	1	0	@AmitabhainArunachala
tests.test_receipt_append_concurrency	tests/test_receipt_append_concurrency.py	66	out_of_scope	0	1	0.00017506	2070	1	0	@AmitabhainArunachala
tests.test_recursive_discovery	tests/test_recursive_discovery.py	156	out_of_scope	0	6	0.00017506	2071	1	0	@AmitabhainArunachala
tests.test_reflexion	tests/test_reflexion.py	264	out_of_scope	0	1	0.00017506	2072	1	0	@AmitabhainArunachala
tests.test_refresh_agni_watcher	tests/test_refresh_agni_watcher.py	118	out_of_scope	0	1	0.00017506	2073	1	0	@AmitabhainArunachala
tests.test_registry_hydrator	tests/test_registry_hydrator.py	178	out_of_scope	0	3	0.00017506	2074	1	0	@AmitabhainArunachala
tests.test_replication_protocol	tests/test_replication_protocol.py	571	out_of_scope	0	5	0.00017506	2075	1	0	@AmitabhainArunachala
tests.test_repo_status	tests/test_repo_status.py	140	out_of_scope	0	0	0.00017506	2076	1	0	@AmitabhainArunachala
tests.test_repository_identity	tests/test_repository_identity.py	244	out_of_scope	0	1	0.00017506	2077	1	0	@AmitabhainArunachala
tests.test_repository_identity_surfaces	tests/test_repository_identity_surfaces.py	349	out_of_scope	0	0	0.00017506	2078	1	0	@AmitabhainArunachala
tests.test_research_deadlines	tests/test_research_deadlines.py	69	out_of_scope	0	1	0.00017506	2079	1	0	@AmitabhainArunachala
tests.test_research_eval_registry	tests/test_research_eval_registry.py	179	out_of_scope	0	6	0.00017506	2080	1	0	@AmitabhainArunachala
tests.test_resident_operator	tests/test_resident_operator.py	63	out_of_scope	0	2	0.00017506	2081	1	0	@AmitabhainArunachala
tests.test_resident_operator_runtime_adoption	tests/test_resident_operator_runtime_adoption.py	109	out_of_scope	0	5	0.00017506	2082	1	0	@AmitabhainArunachala
tests.test_resilience	tests/test_resilience.py	192	out_of_scope	0	1	0.00017506	2083	1	0	@AmitabhainArunachala
tests.test_resource_scout	tests/test_resource_scout.py	168	out_of_scope	0	1	0.00017506	2084	1	0	@AmitabhainArunachala
tests.test_retrieval_feedback	tests/test_retrieval_feedback.py	254	out_of_scope	0	3	0.00017506	2085	1	0	@AmitabhainArunachala
tests.test_revenue_intelligence	tests/test_revenue_intelligence.py	149	out_of_scope	0	3	0.00017506	2086	1	0	@AmitabhainArunachala
tests.test_revenue_scout_daemon	tests/test_revenue_scout_daemon.py	96	out_of_scope	0	3	0.00017506	2087	1	0	@AmitabhainArunachala
tests.test_revenue_spine	tests/test_revenue_spine.py	202	out_of_scope	0	2	0.00017506	2088	1	0	@AmitabhainArunachala
tests.test_revenue_spine_integration	tests/test_revenue_spine_integration.py	206	out_of_scope	0	2	0.00017506	2089	1	0	@AmitabhainArunachala
tests.test_revenue_wedge_audit_kit	tests/test_revenue_wedge_audit_kit.py	185	out_of_scope	0	0	0.00017506	2090	1	1	@AmitabhainArunachala
tests.test_revenue_wedge_pipeline	tests/test_revenue_wedge_pipeline.py	247	out_of_scope	0	4	0.00017506	2091	1	0	@AmitabhainArunachala
tests.test_reversibility_gate	tests/test_reversibility_gate.py	120	out_of_scope	0	2	0.00017506	2092	1	0	@AmitabhainArunachala
tests.test_review_bridge	tests/test_review_bridge.py	165	out_of_scope	0	1	0.00017506	2093	1	0	@AmitabhainArunachala
tests.test_review_cycle	tests/test_review_cycle.py	233	out_of_scope	0	4	0.00017506	2094	1	0	@AmitabhainArunachala
tests.test_reviewer_quorum_repair	tests/test_reviewer_quorum_repair.py	55	out_of_scope	0	1	0.00017506	2095	1	0	@AmitabhainArunachala
tests.test_roaming_dispatch_daemon	tests/test_roaming_dispatch_daemon.py	61	out_of_scope	0	5	0.00017506	2096	1	0	@AmitabhainArunachala
tests.test_roaming_mailbox	tests/test_roaming_mailbox.py	320	out_of_scope	0	1	0.00017506	2097	1	0	@AmitabhainArunachala
tests.test_roaming_onboarding	tests/test_roaming_onboarding.py	100	out_of_scope	0	2	0.00017506	2098	1	0	@AmitabhainArunachala
tests.test_roaming_operator_bridge	tests/test_roaming_operator_bridge.py	95	out_of_scope	0	4	0.00017506	2099	1	0	@AmitabhainArunachala
tests.test_roaming_poller	tests/test_roaming_poller.py	79	out_of_scope	0	2	0.00017506	2100	1	0	@AmitabhainArunachala
tests.test_room_configs	tests/test_room_configs.py	288	out_of_scope	0	4	0.00017506	2101	1	0	@AmitabhainArunachala
tests.test_router_retrospective	tests/test_router_retrospective.py	281	out_of_scope	0	1	0.00017506	2102	1	0	@AmitabhainArunachala
tests.test_router_v1	tests/test_router_v1.py	226	out_of_scope	0	3	0.00017506	2103	1	0	@AmitabhainArunachala
tests.test_routing_decision_matrix	tests/test_routing_decision_matrix.py	37	out_of_scope	0	1	0.00017506	2104	1	0	@AmitabhainArunachala
tests.test_routing_memory	tests/test_routing_memory.py	172	out_of_scope	0	2	0.00017506	2105	1	0	@AmitabhainArunachala
tests.test_routing_surface_inventory	tests/test_routing_surface_inventory.py	114	out_of_scope	0	2	0.00017506	2106	1	0	@AmitabhainArunachala
tests.test_run_daemon_script	tests/test_run_daemon_script.py	24	out_of_scope	0	0	0.00017506	2107	1	0	@AmitabhainArunachala
tests.test_runtime_admission	tests/test_runtime_admission.py	289	out_of_scope	0	2	0.00017506	2108	1	0	@AmitabhainArunachala
tests.test_runtime_artifacts	tests/test_runtime_artifacts.py	111	out_of_scope	0	1	0.00017506	2109	1	0	@AmitabhainArunachala
tests.test_runtime_command_forms	tests/test_runtime_command_forms.py	166	out_of_scope	0	4	0.00017506	2110	1	0	@AmitabhainArunachala
tests.test_runtime_contract	tests/test_runtime_contract.py	119	out_of_scope	0	1	0.00017506	2111	1	0	@AmitabhainArunachala
tests.test_runtime_contract_adapters	tests/test_runtime_contract_adapters.py	460	out_of_scope	0	8	0.00017506	2112	1	0	@AmitabhainArunachala
tests.test_runtime_env_entrypoints	tests/test_runtime_env_entrypoints.py	55	out_of_scope	0	0	0.00017506	2113	1	0	@AmitabhainArunachala
tests.test_runtime_env_loader	tests/test_runtime_env_loader.py	138	out_of_scope	0	2	0.00017506	2114	1	0	@AmitabhainArunachala
tests.test_runtime_fields	tests/test_runtime_fields.py	91	out_of_scope	0	1	0.00017506	2115	1	0	@AmitabhainArunachala
tests.test_runtime_graph_api	tests/test_runtime_graph_api.py	656	out_of_scope	0	6	0.00017506	2116	1	0	@AmitabhainArunachala
tests.test_runtime_lifecycle	tests/test_runtime_lifecycle.py	963	out_of_scope	0	5	0.00017506	2117	1	0	@AmitabhainArunachala
tests.test_runtime_live_cockpit_probe	tests/test_runtime_live_cockpit_probe.py	28	out_of_scope	0	1	0.00017506	2118	1	0	@AmitabhainArunachala
tests.test_runtime_provider	tests/test_runtime_provider.py	536	out_of_scope	0	3	0.00017506	2119	1	0	@AmitabhainArunachala
tests.test_runtime_release_runner	tests/test_runtime_release_runner.py	351	out_of_scope	0	0	0.00017506	2120	1	0	@AmitabhainArunachala
tests.test_runtime_state	tests/test_runtime_state.py	819	out_of_scope	0	3	0.00017506	2121	1	0	@AmitabhainArunachala
tests.test_runtime_state_invariants	tests/test_runtime_state_invariants.py	186	out_of_scope	0	3	0.00017506	2122	1	0	@AmitabhainArunachala
tests.test_runtime_state_recovery	tests/test_runtime_state_recovery.py	288	out_of_scope	0	5	0.00017506	2123	1	0	@AmitabhainArunachala
tests.test_runtime_telemetry_projector	tests/test_runtime_telemetry_projector.py	114	out_of_scope	0	3	0.00017506	2124	1	0	@AmitabhainArunachala
tests.test_runtime_transport_dedup	tests/test_runtime_transport_dedup.py	386	out_of_scope	0	5	0.00017506	2125	1	0	@AmitabhainArunachala
tests.test_runtime_truth_command_cutover	tests/test_runtime_truth_command_cutover.py	33	out_of_scope	0	0	0.00017506	2126	1	0	@AmitabhainArunachala
tests.test_runtime_truth_projection_fields	tests/test_runtime_truth_projection_fields.py	119	out_of_scope	0	2	0.00017506	2127	1	0	@AmitabhainArunachala
tests.test_runtime_truth_spine_adoption	tests/test_runtime_truth_spine_adoption.py	225	out_of_scope	0	8	0.00017506	2128	1	0	@AmitabhainArunachala
tests.test_runtime_truth_spine_recovery	tests/test_runtime_truth_spine_recovery.py	71	out_of_scope	0	4	0.00017506	2129	1	0	@AmitabhainArunachala
tests.test_runtime_truth_spine_v1	tests/test_runtime_truth_spine_v1.py	274	out_of_scope	0	7	0.00017506	2130	1	0	@AmitabhainArunachala
tests.test_runtime_truth_spine_v2_adapters	tests/test_runtime_truth_spine_v2_adapters.py	168	out_of_scope	0	6	0.00017506	2131	1	0	@AmitabhainArunachala
tests.test_runtime_truth_spine_v2_evidence	tests/test_runtime_truth_spine_v2_evidence.py	425	out_of_scope	0	7	0.00017506	2132	1	0	@AmitabhainArunachala
tests.test_runtime_truth_spine_v2_tollbooth	tests/test_runtime_truth_spine_v2_tollbooth.py	18	out_of_scope	0	0	0.00017506	2133	1	0	@AmitabhainArunachala
tests.test_runtime_warrant	tests/test_runtime_warrant.py	253	out_of_scope	0	3	0.00017506	2134	1	0	@AmitabhainArunachala
tests.test_rv	tests/test_rv.py	310	out_of_scope	0	1	0.00017506	2135	1	0	@AmitabhainArunachala
tests.test_sab_client	tests/test_sab_client.py	107	out_of_scope	0	1	0.00017506	2136	1	0	@AmitabhainArunachala
tests.test_sakshi_provenance	tests/test_sakshi_provenance.py	181	out_of_scope	0	2	0.00017506	2137	1	0	@AmitabhainArunachala
tests.test_samvara	tests/test_samvara.py	287	out_of_scope	0	1	0.00017506	2138	1	0	@AmitabhainArunachala
tests.test_sandbox	tests/test_sandbox.py	106	out_of_scope	0	1	0.00017506	2139	1	0	@AmitabhainArunachala
tests.test_sandbox_monitor	tests/test_sandbox_monitor.py	209	out_of_scope	0	1	0.00017506	2140	1	0	@AmitabhainArunachala
tests.test_sarathi_delegate	tests/test_sarathi_delegate.py	271	out_of_scope	0	5	0.00017506	2141	1	0	@AmitabhainArunachala
tests.test_sarathi_import_boundaries	tests/test_sarathi_import_boundaries.py	97	out_of_scope	0	2	0.00017506	2142	1	0	@AmitabhainArunachala
tests.test_sarathi_memory	tests/test_sarathi_memory.py	475	out_of_scope	0	6	0.00017506	2143	1	0	@AmitabhainArunachala
tests.test_sarathi_plan	tests/test_sarathi_plan.py	147	out_of_scope	0	1	0.00017506	2144	1	0	@AmitabhainArunachala
tests.test_sarathi_proof	tests/test_sarathi_proof.py	100	out_of_scope	0	1	0.00017506	2145	1	0	@AmitabhainArunachala
tests.test_sarathi_proof_window	tests/test_sarathi_proof_window.py	181	out_of_scope	0	3	0.00017506	2146	1	0	@AmitabhainArunachala
tests.test_sarathi_public_api	tests/test_sarathi_public_api.py	115	out_of_scope	0	1	0.00017506	2147	1	0	@AmitabhainArunachala
tests.test_sarathi_shell	tests/test_sarathi_shell.py	662	out_of_scope	0	7	0.00017506	2148	1	0	@AmitabhainArunachala
tests.test_sarathi_wake	tests/test_sarathi_wake.py	222	out_of_scope	0	6	0.00017506	2149	1	0	@AmitabhainArunachala
tests.test_sarathi_wake_daemon	tests/test_sarathi_wake_daemon.py	305	out_of_scope	0	3	0.00017506	2150	1	0	@AmitabhainArunachala
tests.test_scout_audit	tests/test_scout_audit.py	217	out_of_scope	0	1	0.00017506	2151	1	0	@AmitabhainArunachala
tests.test_scout_framework	tests/test_scout_framework.py	164	out_of_scope	0	1	0.00017506	2152	1	0	@AmitabhainArunachala
tests.test_scout_health	tests/test_scout_health.py	78	out_of_scope	0	1	0.00017506	2153	1	0	@AmitabhainArunachala
tests.test_scout_report	tests/test_scout_report.py	281	out_of_scope	0	1	0.00017506	2154	1	0	@AmitabhainArunachala
tests.test_seal_packet	tests/test_seal_packet.py	47	out_of_scope	0	1	0.00017506	2155	1	0	@AmitabhainArunachala
tests.test_seed_harvester	tests/test_seed_harvester.py	381	out_of_scope	0	1	0.00017506	2156	1	0	@AmitabhainArunachala
tests.test_selector	tests/test_selector.py	420	out_of_scope	0	2	0.00017506	2157	1	0	@AmitabhainArunachala
tests.test_self_improve	tests/test_self_improve.py	271	out_of_scope	0	3	0.00017506	2158	1	0	@AmitabhainArunachala
tests.test_self_improve_overnight	tests/test_self_improve_overnight.py	71	out_of_scope	0	1	0.00017506	2159	1	0	@AmitabhainArunachala
tests.test_self_prediction	tests/test_self_prediction.py	71	out_of_scope	0	1	0.00017506	2160	1	0	@AmitabhainArunachala
tests.test_self_research	tests/test_self_research.py	358	out_of_scope	0	3	0.00017506	2161	1	0	@AmitabhainArunachala
tests.test_semantic_briefs	tests/test_semantic_briefs.py	81	out_of_scope	0	3	0.00017506	2162	1	0	@AmitabhainArunachala
tests.test_semantic_digester	tests/test_semantic_digester.py	516	out_of_scope	0	3	0.00017506	2163	1	0	@AmitabhainArunachala
tests.test_semantic_evolution	tests/test_semantic_evolution.py	632	out_of_scope	0	6	0.00017506	2164	1	0	@AmitabhainArunachala
tests.test_semantic_fs	tests/test_semantic_fs.py	71	out_of_scope	0	1	0.00017506	2165	1	0	@AmitabhainArunachala
tests.test_semantic_governance	tests/test_semantic_governance.py	111	out_of_scope	0	2	0.00017506	2166	1	0	@AmitabhainArunachala
tests.test_semantic_gravity	tests/test_semantic_gravity.py	527	out_of_scope	0	2	0.00017506	2167	1	0	@AmitabhainArunachala
tests.test_semantic_hardener	tests/test_semantic_hardener.py	246	out_of_scope	0	3	0.00017506	2168	1	0	@AmitabhainArunachala
tests.test_semantic_memory_bridge	tests/test_semantic_memory_bridge.py	467	out_of_scope	0	6	0.00017506	2169	1	0	@AmitabhainArunachala
tests.test_semantic_receipt	tests/test_semantic_receipt.py	88	out_of_scope	0	1	0.00017506	2170	1	0	@AmitabhainArunachala
tests.test_semantic_receipt_board_adapter	tests/test_semantic_receipt_board_adapter.py	67	out_of_scope	0	2	0.00017506	2171	1	0	@AmitabhainArunachala
tests.test_semantic_researcher	tests/test_semantic_researcher.py	302	out_of_scope	0	2	0.00017506	2172	1	0	@AmitabhainArunachala
tests.test_semantic_synthesizer	tests/test_semantic_synthesizer.py	297	out_of_scope	0	2	0.00017506	2173	1	0	@AmitabhainArunachala
tests.test_semgrep_rule2_behavior	tests/test_semgrep_rule2_behavior.py	262	out_of_scope	0	0	0.00017506	2174	1	2	@AmitabhainArunachala
tests.test_semgrep_wrapper	tests/test_semgrep_wrapper.py	528	out_of_scope	0	0	0.00017506	2175	1	1	@AmitabhainArunachala
tests.test_session_event_bridge	tests/test_session_event_bridge.py	100	out_of_scope	0	3	0.00017506	2176	1	0	@AmitabhainArunachala
tests.test_session_ledger	tests/test_session_ledger.py	756	out_of_scope	0	3	0.00017506	2177	1	0	@AmitabhainArunachala
tests.test_session_lifecycle	tests/test_session_lifecycle.py	416	out_of_scope	0	4	0.00017506	2178	1	0	@AmitabhainArunachala
tests.test_shakti	tests/test_shakti.py	142	out_of_scope	0	2	0.00017506	2179	1	0	@AmitabhainArunachala
tests.test_shakti_darwin_integration	tests/test_shakti_darwin_integration.py	221	out_of_scope	0	4	0.00017506	2180	1	0	@AmitabhainArunachala
tests.test_shakti_executive	tests/test_shakti_executive.py	275	out_of_scope	0	2	0.00017506	2181	1	0	@AmitabhainArunachala
tests.test_shakti_warrant	tests/test_shakti_warrant.py	531	out_of_scope	0	2	0.00017506	2182	1	0	@AmitabhainArunachala
tests.test_shakti_zeitgeist_executive	tests/test_shakti_zeitgeist_executive.py	172	out_of_scope	0	3	0.00017506	2183	1	0	@AmitabhainArunachala
tests.test_sheaf	tests/test_sheaf.py	207	out_of_scope	0	2	0.00017506	2184	1	0	@AmitabhainArunachala
tests.test_signal_bus	tests/test_signal_bus.py	177	out_of_scope	0	1	0.00017506	2185	1	0	@AmitabhainArunachala
tests.test_signal_map	tests/test_signal_map.py	284	out_of_scope	0	1	0.00017506	2186	1	0	@AmitabhainArunachala
tests.test_skill_bridge	tests/test_skill_bridge.py	113	out_of_scope	0	1	0.00017506	2187	1	0	@AmitabhainArunachala
tests.test_skill_composer	tests/test_skill_composer.py	349	out_of_scope	0	2	0.00017506	2188	1	0	@AmitabhainArunachala
tests.test_skills	tests/test_skills.py	249	out_of_scope	0	1	0.00017506	2189	1	0	@AmitabhainArunachala
tests.test_sleep_cycle	tests/test_sleep_cycle.py	288	out_of_scope	0	2	0.00017506	2190	1	0	@AmitabhainArunachala
tests.test_sleep_time_agent	tests/test_sleep_time_agent.py	461	out_of_scope	0	3	0.00017506	2191	1	0	@AmitabhainArunachala
tests.test_slop_ratchet	tests/test_slop_ratchet.py	118	out_of_scope	0	0	0.00017506	2192	1	1	@AmitabhainArunachala
tests.test_smart_router	tests/test_smart_router.py	455	out_of_scope	0	3	0.00017506	2193	1	0	@AmitabhainArunachala
tests.test_smart_seed_selector	tests/test_smart_seed_selector.py	264	out_of_scope	0	1	0.00017506	2194	1	0	@AmitabhainArunachala
tests.test_sovereign_hardening_scripts	tests/test_sovereign_hardening_scripts.py	148	out_of_scope	0	0	0.00017506	2195	1	0	@AmitabhainArunachala
tests.test_spine_adoption_dispatch	tests/test_spine_adoption_dispatch.py	355	out_of_scope	0	6	0.00017506	2196	1	0	@AmitabhainArunachala
tests.test_spine_adoption_metric	tests/test_spine_adoption_metric.py	240	out_of_scope	0	0	0.00017506	2197	1	0	@AmitabhainArunachala
tests.test_spine_allowlist_drain	tests/test_spine_allowlist_drain.py	322	out_of_scope	0	11	0.00017506	2198	1	0	@AmitabhainArunachala
tests.test_spine_mapping_receipts	tests/test_spine_mapping_receipts.py	193	out_of_scope	0	2	0.00017506	2199	1	0	@AmitabhainArunachala
tests.test_spine_persistence_invariant	tests/test_spine_persistence_invariant.py	431	out_of_scope	0	5	0.00017506	2200	1	0	@AmitabhainArunachala
tests.test_splash	tests/test_splash.py	187	out_of_scope	0	1	0.00017506	2201	1	0	@AmitabhainArunachala
tests.test_sprint3_integration	tests/test_sprint3_integration.py	434	out_of_scope	0	3	0.00017506	2202	1	0	@AmitabhainArunachala
tests.test_stage_contracts	tests/test_stage_contracts.py	242	out_of_scope	0	6	0.00017506	2203	1	0	@AmitabhainArunachala
tests.test_startup_crew	tests/test_startup_crew.py	307	out_of_scope	0	2	0.00017506	2204	1	0	@AmitabhainArunachala
tests.test_status_liveness	tests/test_status_liveness.py	162	out_of_scope	0	4	0.00017506	2205	1	0	@AmitabhainArunachala
tests.test_steelman_gate	tests/test_steelman_gate.py	101	out_of_scope	0	2	0.00017506	2206	1	0	@AmitabhainArunachala
tests.test_stigmergy	tests/test_stigmergy.py	454	out_of_scope	0	1	0.00017506	2207	1	0	@AmitabhainArunachala
tests.test_stigmergy_router	tests/test_stigmergy_router.py	100	out_of_scope	0	2	0.00017506	2208	1	0	@AmitabhainArunachala
tests.test_storage_schema_registry	tests/test_storage_schema_registry.py	313	out_of_scope	0	1	0.00017506	2209	1	0	@AmitabhainArunachala
tests.test_store_inventory_census	tests/test_store_inventory_census.py	101	out_of_scope	0	1	0.00017506	2210	1	0	@AmitabhainArunachala
tests.test_strange_loop	tests/test_strange_loop.py	356	out_of_scope	0	11	0.00017506	2211	1	0	@AmitabhainArunachala
tests.test_strange_loop_integration	tests/test_strange_loop_integration.py	258	out_of_scope	0	13	0.00017506	2212	1	0	@AmitabhainArunachala
tests.test_strategy_reinforcer	tests/test_strategy_reinforcer.py	232	out_of_scope	0	2	0.00017506	2213	1	0	@AmitabhainArunachala
tests.test_structured_predicate	tests/test_structured_predicate.py	297	out_of_scope	0	1	0.00017506	2214	1	0	@AmitabhainArunachala
tests.test_subconscious	tests/test_subconscious.py	125	out_of_scope	0	2	0.00017506	2215	1	0	@AmitabhainArunachala
tests.test_subconscious_hum	tests/test_subconscious_hum.py	287	out_of_scope	0	1	0.00017506	2216	1	0	@AmitabhainArunachala
tests.test_subconscious_v2	tests/test_subconscious_v2.py	392	out_of_scope	0	2	0.00017506	2217	1	0	@AmitabhainArunachala
tests.test_subprocess_cancellation	tests/test_subprocess_cancellation.py	395	out_of_scope	0	2	0.00017506	2218	1	8	@AmitabhainArunachala
tests.test_subprocess_provider_nullbyte	tests/test_subprocess_provider_nullbyte.py	33	out_of_scope	0	2	0.00017506	2219	1	1	@AmitabhainArunachala
tests.test_substrate_audit	tests/test_substrate_audit.py	68	out_of_scope	0	0	0.00017506	2220	1	0	@AmitabhainArunachala
tests.test_swarm	tests/test_swarm.py	928	out_of_scope	0	10	0.00017506	2221	1	0	@AmitabhainArunachala
tests.test_swarm_health_api	tests/test_swarm_health_api.py	282	out_of_scope	0	1	0.00017506	2222	1	0	@AmitabhainArunachala
tests.test_swarm_routed_execution	tests/test_swarm_routed_execution.py	27	out_of_scope	0	3	0.00017506	2223	1	0	@AmitabhainArunachala
tests.test_swarm_router	tests/test_swarm_router.py	249	out_of_scope	0	4	0.00017506	2224	1	0	@AmitabhainArunachala
tests.test_swarm_rv	tests/test_swarm_rv.py	298	out_of_scope	0	1	0.00017506	2225	1	0	@AmitabhainArunachala
tests.test_synthesis_agent	tests/test_synthesis_agent.py	177	out_of_scope	0	2	0.00017506	2226	1	0	@AmitabhainArunachala
tests.test_system_map_populator	tests/test_system_map_populator.py	57	out_of_scope	0	0	0.00017506	2227	1	0	@AmitabhainArunachala
tests.test_system_rv	tests/test_system_rv.py	256	out_of_scope	0	2	0.00017506	2228	1	0	@AmitabhainArunachala
tests.test_tam_ledger	tests/test_tam_ledger.py	179	out_of_scope	0	1	0.00017506	2229	1	0	@AmitabhainArunachala
tests.test_task_board	tests/test_task_board.py	414	out_of_scope	0	2	0.00017506	2230	1	0	@AmitabhainArunachala
tests.test_taskboard_adapter	tests/test_taskboard_adapter.py	278	out_of_scope	0	4	0.00017506	2231	1	0	@AmitabhainArunachala
tests.test_tcs_history_writer	tests/test_tcs_history_writer.py	17	out_of_scope	0	1	0.00017506	2232	1	0	@AmitabhainArunachala
tests.test_telemetry_optimizer	tests/test_telemetry_optimizer.py	123	out_of_scope	0	2	0.00017506	2233	1	0	@AmitabhainArunachala
tests.test_telemetry_plane	tests/test_telemetry_plane.py	189	out_of_scope	0	1	0.00017506	2234	1	0	@AmitabhainArunachala
tests.test_telemetry_router	tests/test_telemetry_router.py	241	out_of_scope	0	4	0.00017506	2235	1	0	@AmitabhainArunachala
tests.test_telemetry_views	tests/test_telemetry_views.py	86	out_of_scope	0	2	0.00017506	2236	1	0	@AmitabhainArunachala
tests.test_telic_seam	tests/test_telic_seam.py	1147	out_of_scope	0	6	0.00017506	2237	1	0	@AmitabhainArunachala
tests.test_telos_formal	tests/test_telos_formal.py	491	out_of_scope	0	3	0.00017506	2238	1	0	@AmitabhainArunachala
tests.test_telos_formal_properties	tests/test_telos_formal_properties.py	452	out_of_scope	0	5	0.00017506	2239	1	0	@AmitabhainArunachala
tests.test_telos_gates	tests/test_telos_gates.py	679	out_of_scope	0	3	0.00017506	2240	1	0	@AmitabhainArunachala
tests.test_telos_gates_witness_enhancement	tests/test_telos_gates_witness_enhancement.py	285	out_of_scope	0	2	0.00017506	2241	1	0	@AmitabhainArunachala
tests.test_telos_graph	tests/test_telos_graph.py	377	out_of_scope	0	1	0.00017506	2242	1	0	@AmitabhainArunachala
tests.test_telos_self_mod_enforcement	tests/test_telos_self_mod_enforcement.py	276	out_of_scope	0	3	0.00017506	2243	1	0	@AmitabhainArunachala
tests.test_telos_substrate	tests/test_telos_substrate.py	305	out_of_scope	0	1	0.00017506	2244	1	0	@AmitabhainArunachala
tests.test_telos_tracker	tests/test_telos_tracker.py	317	out_of_scope	0	3	0.00017506	2245	1	0	@AmitabhainArunachala
tests.test_temporal_graph	tests/test_temporal_graph.py	320	out_of_scope	0	1	0.00017506	2246	1	0	@AmitabhainArunachala
tests.test_terminal_bridge	tests/test_terminal_bridge.py	1090	out_of_scope	0	8	0.00017506	2247	1	0	@AmitabhainArunachala
tests.test_terminal_control	tests/test_terminal_control.py	301	out_of_scope	0	2	0.00017506	2248	1	0	@AmitabhainArunachala
tests.test_terminal_overnight_supervisor	tests/test_terminal_overnight_supervisor.py	81	out_of_scope	0	1	0.00017506	2249	1	0	@AmitabhainArunachala
tests.test_terminal_surfaces	tests/test_terminal_surfaces.py	51	out_of_scope	0	3	0.00017506	2250	1	0	@AmitabhainArunachala
tests.test_theme_window	tests/test_theme_window.py	180	out_of_scope	0	1	0.00017506	2251	1	0	@AmitabhainArunachala
tests.test_thermodynamic	tests/test_thermodynamic.py	184	out_of_scope	0	1	0.00017506	2252	1	0	@AmitabhainArunachala
tests.test_thinkodynamic_canary	tests/test_thinkodynamic_canary.py	184	out_of_scope	0	1	0.00017506	2253	1	0	@AmitabhainArunachala
tests.test_thinkodynamic_director	tests/test_thinkodynamic_director.py	1369	out_of_scope	0	4	0.00017506	2254	1	0	@AmitabhainArunachala
tests.test_thinkodynamic_director_provider_fallback	tests/test_thinkodynamic_director_provider_fallback.py	285	out_of_scope	0	2	0.00017506	2255	1	0	@AmitabhainArunachala
tests.test_thinkodynamic_scorer	tests/test_thinkodynamic_scorer.py	251	out_of_scope	0	1	0.00017506	2256	1	0	@AmitabhainArunachala
tests.test_thread_manager	tests/test_thread_manager.py	109	out_of_scope	0	2	0.00017506	2257	1	0	@AmitabhainArunachala
tests.test_tiny_router_shadow	tests/test_tiny_router_shadow.py	124	out_of_scope	0	1	0.00017506	2258	1	0	@AmitabhainArunachala
tests.test_tool_registry	tests/test_tool_registry.py	298	out_of_scope	0	3	0.00017506	2259	1	0	@AmitabhainArunachala
tests.test_topology_execution	tests/test_topology_execution.py	223	out_of_scope	0	6	0.00017506	2260	1	0	@AmitabhainArunachala
tests.test_topology_genome	tests/test_topology_genome.py	72	out_of_scope	0	1	0.00017506	2261	1	0	@AmitabhainArunachala
tests.test_trace_attractor_lifecycle_findings	tests/test_trace_attractor_lifecycle_findings.py	89	out_of_scope	0	2	0.00017506	2262	1	0	@AmitabhainArunachala
tests.test_trace_attractor_projection	tests/test_trace_attractor_projection.py	325	out_of_scope	0	1	0.00017506	2263	1	0	@AmitabhainArunachala
tests.test_trace_attractor_readers	tests/test_trace_attractor_readers.py	336	out_of_scope	0	8	0.00017506	2264	1	0	@AmitabhainArunachala
tests.test_trace_attractor_signal_fanout	tests/test_trace_attractor_signal_fanout.py	111	out_of_scope	0	1	0.00017506	2265	1	0	@AmitabhainArunachala
tests.test_traces	tests/test_traces.py	349	out_of_scope	0	2	0.00017506	2266	1	0	@AmitabhainArunachala
tests.test_track_acceptance_strength_report	tests/test_track_acceptance_strength_report.py	329	out_of_scope	0	0	0.00017506	2267	1	0	@AmitabhainArunachala
tests.test_track_closure_rigor	tests/test_track_closure_rigor.py	681	out_of_scope	0	0	0.00017506	2268	1	0	@AmitabhainArunachala
tests.test_track_portfolio	tests/test_track_portfolio.py	434	out_of_scope	0	0	0.00017506	2269	1	0	@AmitabhainArunachala
tests.test_training_flywheel	tests/test_training_flywheel.py	357	out_of_scope	0	2	0.00017506	2270	1	0	@AmitabhainArunachala
tests.test_trajectory_collector	tests/test_trajectory_collector.py	307	out_of_scope	0	2	0.00017506	2271	1	0	@AmitabhainArunachala
tests.test_transcendence	tests/test_transcendence.py	233	out_of_scope	0	2	0.00017506	2272	1	0	@AmitabhainArunachala
tests.test_transcendence_aggregation	tests/test_transcendence_aggregation.py	137	out_of_scope	0	1	0.00017506	2273	1	0	@AmitabhainArunachala
tests.test_transcendence_ledger	tests/test_transcendence_ledger.py	146	out_of_scope	0	1	0.00017506	2274	1	0	@AmitabhainArunachala
tests.test_transcendence_metrics	tests/test_transcendence_metrics.py	131	out_of_scope	0	1	0.00017506	2275	1	0	@AmitabhainArunachala
tests.test_trishula_bridge	tests/test_trishula_bridge.py	275	out_of_scope	0	2	0.00017506	2276	1	0	@AmitabhainArunachala
tests.test_trust_gate_status	tests/test_trust_gate_status.py	215	out_of_scope	0	0	0.00017506	2277	1	0	@AmitabhainArunachala
tests.test_truth_graph_repo_context	tests/test_truth_graph_repo_context.py	40	out_of_scope	0	0	0.00017506	2278	1	0	@AmitabhainArunachala
tests.test_tui	tests/test_tui.py	96	out_of_scope	0	4	0.00017506	2279	1	0	@AmitabhainArunachala
tests.test_tui_helpers	tests/test_tui_helpers.py	636	out_of_scope	0	2	0.00017506	2280	1	0	@AmitabhainArunachala
tests.test_tui_launcher	tests/test_tui_launcher.py	81	out_of_scope	0	2	0.00017506	2281	1	0	@AmitabhainArunachala
tests.test_tui_session_store	tests/test_tui_session_store.py	237	out_of_scope	0	3	0.00017506	2282	1	0	@AmitabhainArunachala
tests.test_typed_proposal_envelope	tests/test_typed_proposal_envelope.py	108	out_of_scope	0	0	0.00017506	2283	1	0	@AmitabhainArunachala
tests.test_ucb_selector	tests/test_ucb_selector.py	95	out_of_scope	0	2	0.00017506	2284	1	0	@AmitabhainArunachala
tests.test_unified_index	tests/test_unified_index.py	81	out_of_scope	0	2	0.00017506	2285	1	0	@AmitabhainArunachala
tests.test_uplift_guard_subprocess	tests/test_uplift_guard_subprocess.py	144	out_of_scope	0	3	0.00017506	2286	1	0	@AmitabhainArunachala
tests.test_value_events_cli	tests/test_value_events_cli.py	311	out_of_scope	0	4	0.00017506	2287	1	0	@AmitabhainArunachala
tests.test_vault_bridge	tests/test_vault_bridge.py	746	out_of_scope	0	2	0.00017506	2288	1	0	@AmitabhainArunachala
tests.test_vector_store	tests/test_vector_store.py	598	out_of_scope	0	1	0.00017506	2289	1	0	@AmitabhainArunachala
tests.test_vector_store_backfill_memory_sources	tests/test_vector_store_backfill_memory_sources.py	253	out_of_scope	0	2	0.00017506	2290	1	0	@AmitabhainArunachala
tests.test_vector_store_reembed_vec0	tests/test_vector_store_reembed_vec0.py	118	out_of_scope	0	2	0.00017506	2291	1	0	@AmitabhainArunachala
tests.test_verifier_ranker_v0	tests/test_verifier_ranker_v0.py	59	out_of_scope	0	3	0.00017506	2292	1	0	@AmitabhainArunachala
tests.test_verifier_selfcheck_contract	tests/test_verifier_selfcheck_contract.py	244	out_of_scope	0	0	0.00017506	2293	1	0	@AmitabhainArunachala
tests.test_verify_api	tests/test_verify_api.py	458	out_of_scope	0	5	0.00017506	2294	1	0	@AmitabhainArunachala
tests.test_verify_corral_findings	tests/test_verify_corral_findings.py	142	out_of_scope	0	0	0.00017506	2295	1	0	@AmitabhainArunachala
tests.test_verify_reporter	tests/test_verify_reporter.py	116	out_of_scope	0	3	0.00017506	2296	1	0	@AmitabhainArunachala
tests.test_verify_reviewer	tests/test_verify_reviewer.py	175	out_of_scope	0	2	0.00017506	2297	1	0	@AmitabhainArunachala
tests.test_verify_scorer	tests/test_verify_scorer.py	195	out_of_scope	0	1	0.00017506	2298	1	0	@AmitabhainArunachala
tests.test_vibegate_audit	tests/test_vibegate_audit.py	113	out_of_scope	0	1	0.00017506	2299	1	0	@AmitabhainArunachala
tests.test_viz_projection	tests/test_viz_projection.py	195	out_of_scope	0	1	0.00017506	2300	1	0	@AmitabhainArunachala
tests.test_vsm_channels	tests/test_vsm_channels.py	278	out_of_scope	0	2	0.00017506	2301	1	0	@AmitabhainArunachala
tests.test_walking_brief	tests/test_walking_brief.py	408	out_of_scope	0	0	0.00017506	2302	1	0	@AmitabhainArunachala
tests.test_wiki_trust_manifest	tests/test_wiki_trust_manifest.py	431	out_of_scope	0	7	0.00017506	2303	1	0	@AmitabhainArunachala
tests.test_wiki_vector_live_gate	tests/test_wiki_vector_live_gate.py	108	out_of_scope	0	4	0.00017506	2304	1	0	@AmitabhainArunachala
tests.test_witness	tests/test_witness.py	203	out_of_scope	0	1	0.00017506	2305	1	0	@AmitabhainArunachala
tests.test_worker_spawn	tests/test_worker_spawn.py	284	out_of_scope	0	5	0.00017506	2306	1	0	@AmitabhainArunachala
tests.test_workflow	tests/test_workflow.py	345	out_of_scope	0	1	0.00017506	2307	1	0	@AmitabhainArunachala
tests.test_workflow_cache_token_guard	tests/test_workflow_cache_token_guard.py	185	out_of_scope	0	0	0.00017506	2308	1	0	@AmitabhainArunachala
tests.test_workflow_path_filters	tests/test_workflow_path_filters.py	377	out_of_scope	0	0	0.00017506	2309	1	0	@AmitabhainArunachala
tests.test_workspace_topology	tests/test_workspace_topology.py	169	out_of_scope	0	3	0.00017506	2310	1	0	@AmitabhainArunachala
tests.test_world_actions	tests/test_world_actions.py	251	out_of_scope	0	1	0.00017506	2311	1	0	@AmitabhainArunachala
tests.test_world_model	tests/test_world_model.py	331	out_of_scope	0	1	0.00017506	2312	1	0	@AmitabhainArunachala
tests.test_world_radar_bronze	tests/test_world_radar_bronze.py	182	out_of_scope	0	3	0.00017506	2313	1	0	@AmitabhainArunachala
tests.test_world_radar_cli	tests/test_world_radar_cli.py	49	out_of_scope	0	1	0.00017506	2314	1	0	@AmitabhainArunachala
tests.test_world_radar_go_bridge	tests/test_world_radar_go_bridge.py	751	out_of_scope	0	3	0.00017506	2315	1	0	@AmitabhainArunachala
tests.test_world_signal_analysis	tests/test_world_signal_analysis.py	159	out_of_scope	0	1	0.00017506	2316	1	0	@AmitabhainArunachala
tests.test_xray	tests/test_xray.py	487	out_of_scope	0	1	0.00017506	2317	1	0	@AmitabhainArunachala
tests.test_yoga_node	tests/test_yoga_node.py	392	out_of_scope	0	2	0.00017506	2318	1	0	@AmitabhainArunachala
tests.test_zeitgeist	tests/test_zeitgeist.py	167	out_of_scope	0	2	0.00017506	2319	1	0	@AmitabhainArunachala
tests.test_zeitgeist_promotion	tests/test_zeitgeist_promotion.py	236	out_of_scope	0	3	0.00017506	2320	1	0	@AmitabhainArunachala
tests.test_zhipu_provider	tests/test_zhipu_provider.py	74	out_of_scope	0	5	0.00017506	2321	1	0	@AmitabhainArunachala
tests.tui	tests/tui/__init__.py	0	out_of_scope	0	0	0.00017506	2322	1	0	@AmitabhainArunachala
tests.tui.test_app_interactive_e2e	tests/tui/test_app_interactive_e2e.py	568	out_of_scope	0	4	0.00017506	2323	1	0	@AmitabhainArunachala
tests.tui.test_app_plan_mode	tests/tui/test_app_plan_mode.py	676	out_of_scope	0	2	0.00017506	2324	1	0	@AmitabhainArunachala
tests.tui.test_bug_fixes	tests/tui/test_bug_fixes.py	243	out_of_scope	0	4	0.00017506	2325	1	0	@AmitabhainArunachala
tests.tui.test_canonical_events	tests/tui/test_canonical_events.py	95	out_of_scope	0	1	0.00017506	2326	1	0	@AmitabhainArunachala
tests.tui.test_claude_adapter_v11	tests/tui/test_claude_adapter_v11.py	441	out_of_scope	0	3	0.00017506	2327	1	0	@AmitabhainArunachala
tests.tui.test_codex_adapter	tests/tui/test_codex_adapter.py	371	out_of_scope	0	3	0.00017506	2328	1	0	@AmitabhainArunachala
tests.tui.test_model_routing	tests/tui/test_model_routing.py	115	out_of_scope	0	3	0.00017506	2329	1	0	@AmitabhainArunachala
tests.tui.test_openrouter_adapter	tests/tui/test_openrouter_adapter.py	275	out_of_scope	0	7	0.00017506	2330	1	0	@AmitabhainArunachala
tests.tui.test_session_state_canonical	tests/tui/test_session_state_canonical.py	86	out_of_scope	0	2	0.00017506	2331	1	0	@AmitabhainArunachala
tests.tui.test_stream_output_observability	tests/tui/test_stream_output_observability.py	113	out_of_scope	0	3	0.00017506	2332	1	0	@AmitabhainArunachala
tests.tui.test_stream_parser	tests/tui/test_stream_parser.py	506	out_of_scope	0	3	0.00017506	2333	1	0	@AmitabhainArunachala
tests.tui.test_system_commands	tests/tui/test_system_commands.py	138	out_of_scope	0	1	0.00017506	2334	1	0	@AmitabhainArunachala
tests.tui.test_tui_entrypoint	tests/tui/test_tui_entrypoint.py	127	out_of_scope	0	1	0.00017506	2335	1	0	@AmitabhainArunachala
